#{"t_start": 1629398574.9823282, "env_id": "ApolloLander-v0"}
r,l,t
-141.062651,67,0.022309
-103.782128,87,0.037308
-201.924394,67,0.04845
-279.513276,105,0.066073
-123.633501,99,0.082275
-334.260422,124,0.104056
-96.12964,68,0.115103
-142.800032,128,0.137502
-145.168452,64,0.147776
-136.090989,102,0.165182
-124.234691,128,0.187503
-144.577897,109,0.206963
-103.139599,70,0.218093
-120.782603,60,0.227396
-141.614655,75,0.239943
-149.79032,79,0.252818
-103.296811,76,0.265453
-296.90333,86,0.279523
66.593887,92,0.296282
-119.317955,89,0.310716
-303.838081,100,0.327937
-68.480419,60,0.337864
-328.251215,93,0.354893
-115.874228,67,0.365561
-124.013335,98,0.382515
-162.400896,114,0.40358
-287.866378,94,0.418719
-134.459583,129,0.531663
-157.262199,100,0.864821
-80.874878,91,1.213931
-68.810272,110,1.509423
-96.924094,63,1.68736
-92.363601,84,1.887349
-107.625226,92,2.141758
-132.096845,90,2.367385
-79.865792,110,2.682876
-153.034669,69,2.876702
-185.533937,114,3.200775
-116.01287,91,3.428229
-95.993562,68,3.612707
-126.068364,73,3.819025
-88.474738,99,4.128519
-89.975869,87,4.376252
-96.636973,86,4.608534
-122.233412,99,4.9046
-74.877865,106,5.246131
-78.502798,68,5.456985
-137.547618,90,5.750608
-73.031987,75,5.941775
-307.910177,104,6.202887
-113.295966,67,6.357479
-104.682187,90,6.62244
-217.381327,84,6.834737
-103.269304,81,7.028478
-110.658126,109,7.316948
-112.534615,112,7.586836
-286.547302,125,7.882593
-123.68715,81,8.075044
-77.603806,113,8.350017
-99.025823,97,8.579815
-114.135116,111,8.966168
-89.36259,99,9.232327
-94.57492,63,9.398007
-89.467505,99,9.687356
-185.656539,107,9.975612
-90.672322,68,10.146065
-76.46486,109,10.425843
-105.017174,78,10.664148
-274.509221,122,10.968585
-75.954396,89,11.196361
-83.176599,117,11.490451
-84.845995,96,11.782197
-74.352093,59,11.926912
-123.810241,100,12.181524
-68.334651,107,12.505656
-98.989672,107,12.838959
-56.984991,97,13.146003
-85.807871,78,13.34277
-57.406098,132,13.620436
-82.150706,75,13.848657
-80.425887,91,14.085449
-214.007099,120,14.446526
-50.606935,97,14.717854
-104.651081,87,14.987448
-75.248616,77,15.239379
-75.431186,116,15.618875
-87.308712,84,15.859422
-115.361327,98,16.10548
-62.860943,80,16.312137
-111.2721,100,16.632952
-147.086058,97,16.93728
-55.447301,70,17.160187
-62.62994,81,17.363933
-170.977491,104,17.684439
-51.904368,121,18.02381
-125.269547,98,18.320741
-93.148736,72,18.519605
-11.096653,150,18.887463
-48.268136,107,19.168714
-91.587466,93,19.396168
-71.513738,111,19.672434
-72.295639,69,19.838133
-49.868692,91,20.038218
-63.433447,97,20.23603
-36.530924,108,20.45522
-98.584247,72,20.598121
-98.608679,83,20.798448
211.056438,491,21.235976
50.825673,161,21.31217
18.815172,124,21.367507
223.334561,419,21.645767
176.470138,1000,22.495319
-100.61129,98,22.774296
-70.851868,71,22.983473
12.382905,100,23.249807
-14.30746,110,23.555403
17.004276,89,23.800321
-36.390551,75,23.991265
-8.236026,90,24.221295
-105.364043,111,24.524701
-70.195374,65,24.684186
-135.574051,122,24.982574
-86.045937,85,25.187968
-89.135139,63,25.36232
-28.747236,117,25.653144
-140.966146,66,25.845189
-94.514686,84,26.031748
-61.74652,76,26.26108
-67.600078,60,26.451855
-74.266284,69,26.655372
-127.419463,93,26.883029
-72.1841,105,27.191525
-68.88072,106,27.507961
-18.680332,84,27.747265
107.485522,1000,31.185071
-21.284728,88,31.415005
-55.111407,103,31.720135
-51.76796,68,31.922402
-39.587265,114,32.245125
-36.232434,120,32.632842
-64.358999,72,32.858164
-95.345141,114,33.143461
7.980896,88,33.40633
-101.521554,105,33.693941
-113.778039,102,33.976977
-48.687078,80,34.22421
-15.604388,116,34.562879
6.657812,114,34.869062
18.050466,85,35.103035
-24.646932,84,35.326843
-35.057099,88,35.588449
-18.523926,123,35.925262
-127.191369,93,36.213149
-64.227121,75,36.474662
-39.935153,102,36.777937
7.651545,95,37.05138
-38.662476,88,37.284976
-35.113691,118,37.638011
-21.693101,120,37.967388
-10.329437,106,38.256533
-82.390232,108,38.533076
-84.453709,71,38.716249
-41.4193,84,38.943181
-21.322781,102,39.222962
5.930626,139,39.580689
-10.167502,87,39.800716
-43.655526,99,40.094204
-0.653513,132,40.450633
-70.527067,84,40.729719
-50.046146,92,40.991152
13.884297,129,41.328289
-49.847783,79,41.57627
-18.126027,90,41.819432
-60.90438,92,42.125285
-58.922267,97,42.42485
-27.553362,81,42.647978
-16.221559,130,43.05062
-24.925641,116,43.387103
6.521418,107,43.722603
-42.580404,88,43.994471
-13.671831,108,44.285803
-47.383526,97,44.588392
-40.687502,109,44.936619
1.33058,91,45.266053
149.476563,1000,48.669277
-55.105775,123,49.039692
-50.35273,88,49.332609
-23.237508,116,49.68807
14.143618,138,50.106818
6.086572,79,50.337647
-23.027948,92,50.599006
-26.416987,99,50.880558
23.432039,114,51.226179
242.616536,192,52.361756
261.81666,438,52.661616
25.222499,86,52.698541
284.479529,475,53.026919
217.162758,685,53.579853
-23.041643,84,53.840211
-50.153807,121,54.157495
-38.614862,115,54.486759
-16.172337,114,54.789718
20.642113,216,55.428651
117.109866,1000,58.979799
-13.517809,84,59.227256
-64.197193,102,59.502344
-4.562367,97,59.845347
119.801273,1000,63.452289
-15.312502,114,63.797191
-36.841364,111,64.158753
226.482257,503,65.790527
-41.92694,80,66.026888
199.91553,909,69.40283
-10.20334,130,69.775689
274.206563,451,71.297024
180.894199,595,73.450053
229.047189,179,74.029786
216.862505,565,75.911012
176.312024,937,79.117567
-6.587053,83,79.335826
214.801477,873,82.60895
-254.806021,203,83.315841
-89.971008,1000,87.158664
251.782721,187,88.099613
212.860018,196,88.192839
187.281127,350,88.413878
231.843634,510,88.803824
-518.38088,216,88.906255
1.36882,70,89.098866
-8.704193,1000,93.124266
-49.050003,108,93.442542
249.48646,312,94.347735
-26.828265,1000,98.224942
-51.380179,139,98.645932
247.720374,434,100.108089
8.531404,80,100.349119
261.789191,379,101.627941
251.43726,954,105.422496
-28.093968,145,105.827335
26.352293,131,106.209674
-25.753314,136,106.583108
-36.683434,1000,110.320225
236.598827,331,111.382141
236.519273,232,112.104822
253.854263,684,114.425398
11.254824,102,114.643179
251.452394,544,116.197016
-34.109603,75,116.386803
-53.149407,1000,120.033425
243.886008,310,120.884587
217.379975,394,124.316905
253.587108,164,124.391743
163.391348,1000,125.06398
275.725041,197,125.160283
213.757429,391,125.444919
-27.090892,75,125.651039
19.539536,99,125.918257
294.694249,492,127.297779
44.392638,98,127.589083
-169.488002,946,130.84675
11.40633,100,131.195722
195.930282,637,133.337153
-11.479228,151,133.729712
91.483532,1000,137.584137
31.81173,80,137.810819
190.887944,655,139.876321
-5.140429,88,140.132628
13.006852,1000,143.718574
201.064599,813,146.536824
215.83683,354,147.601635
279.748874,290,148.609624
269.436841,208,149.23024
11.421964,82,149.470751
181.731952,491,151.191018
37.206236,84,151.424116
-148.46548,255,152.221952
171.794181,366,153.369503
-52.021483,145,153.777254
224.112151,401,154.956141
142.985148,893,158.354088
250.119921,237,159.083682
285.600851,222,159.211736
168.27167,524,159.536515
-69.113739,214,159.648576
237.655941,151,159.716643
277.175582,467,161.254553
138.509711,502,163.00974
-19.171383,114,163.376921
159.816779,845,166.404189
279.018294,532,167.983612
254.730529,631,170.104137
248.55618,307,171.092146
229.812129,668,173.471004
26.391286,79,173.709206
270.35996,242,174.455639
-2.322185,126,174.816471
24.439351,125,175.148908
27.040828,119,175.503301
11.181162,100,175.852425
264.297439,971,179.005826
233.318412,518,180.798025
162.912094,1000,184.000871
202.413431,367,185.318332
16.403281,87,185.551885
264.713743,314,186.663184
234.976688,338,187.761878
125.3354,1000,191.017351
240.451059,529,192.556127
255.848033,217,192.706998
214.82885,754,193.457225
164.355097,329,193.646168
258.242055,190,193.734159
254.886381,188,193.822359
140.510695,1000,197.150745
116.860356,1000,200.921492
-120.805006,94,201.177102
0.585525,152,201.614643
215.371456,240,202.401738
-16.953012,111,202.747107
254.892625,428,204.17545
197.838765,232,204.880818
261.954854,700,207.156297
195.226771,614,209.275652
228.491509,479,210.961322
-55.560648,343,212.09771
268.307065,441,213.427514
225.958437,781,216.17707
215.446295,730,218.733634
291.671443,634,220.738302
15.501152,213,221.382033
234.199653,285,222.219726
124.986096,1000,225.872323
-11.42809,120,226.168908
171.546041,376,227.703276
203.751818,337,227.913259
200.696763,247,228.040802
297.915771,813,228.857643
-330.519806,920,229.796806
-39.146437,96,230.146419
226.43736,305,231.149395
252.604528,413,232.438747
218.020029,206,233.038667
233.772987,550,234.929605
123.724952,749,237.985581
138.130479,1000,241.161342
3.746169,74,241.351169
285.769214,579,243.147924
9.617654,156,243.602667
199.824903,258,244.39822
208.47955,293,245.304154
242.044762,657,247.640384
263.619002,677,249.929693
267.739106,407,251.292847
277.141235,324,252.248491
151.720745,393,253.565582
277.996487,517,255.508138
230.897433,392,256.904599
218.486852,227,257.599367
162.280632,389,258.786645
296.972267,307,259.652496
230.290768,376,260.840621
273.400144,330,261.821221
242.532755,265,262.617577
75.870317,234,262.925228
275.823925,239,263.042262
221.756606,248,263.181513
195.572448,257,263.32323
239.447635,425,263.596622
295.883196,406,264.781438
187.514505,369,266.033085
282.004681,430,267.511599
209.063342,270,268.466881
256.178784,261,269.280042
14.870316,149,269.714402
221.141432,337,270.957725
221.890287,373,272.035391
233.538109,251,272.731164
206.366862,414,273.979015
81.404545,1000,277.376076
195.894794,565,279.304788
216.867478,602,281.298984
161.97994,553,283.238457
285.863351,435,284.671771
245.827961,238,285.320022
-254.719109,323,286.333548
256.019169,349,287.288758
-200.941188,106,287.606748
-334.18817,103,287.893646
278.762572,353,288.886537
285.012873,618,290.998894
255.959276,354,292.116271
224.855751,275,292.951164
240.921679,506,294.717288
306.895277,237,296.080517
159.859922,1000,296.702338
252.596407,232,296.817304
300.725517,208,296.916466
273.50467,267,297.061337
276.912313,340,298.183406
283.283704,518,299.974884
-24.236333,115,300.307366
266.571673,347,301.349265
271.026157,304,302.232266
238.170442,413,303.480297
249.776227,335,304.632731
-71.719428,135,305.127785
74.261991,1000,308.530132
221.925274,470,310.150087
204.74267,525,311.73641
279.105467,602,313.812885
-27.525635,128,314.226586
294.024367,310,315.205579
231.218708,326,316.158023
117.690731,1000,319.514045
251.372209,930,322.581536
298.584272,453,324.158832
-359.712506,57,324.351754
-175.691779,166,324.889268
23.283724,144,325.361986
233.651741,275,326.269583
-20.834673,82,326.520192
4.470016,169,327.03968
199.036099,848,329.764766
267.612113,288,329.9647
79.09975,1000,330.956412
285.834688,211,331.053573
63.592318,166,331.129806
-964.773668,132,331.189726
192.275006,1000,334.606072
244.643925,556,336.432672
216.512576,300,337.389678
113.949454,517,339.273716
-47.862236,93,339.560119
194.588264,423,341.033149
17.830801,101,341.33799
208.852802,505,343.075686
-48.362886,97,343.321223
2.490656,151,343.733871
266.84978,240,344.420937
29.09807,115,344.744743
-53.684089,112,345.037665
-12.684433,120,345.352154
-295.900262,85,345.573669
205.674555,360,346.612458
-2.667595,117,346.922678
-50.58309,88,347.163791
123.101733,1000,350.41897
252.692359,471,351.986919
297.219847,291,353.007439
295.321848,244,353.709594
33.216326,113,354.059277
130.005936,1000,357.783936
271.498678,815,360.426513
-9.838987,151,360.818841
-19.677125,144,361.214656
-914.170006,156,363.947005
222.455813,204,364.048032
290.489412,240,364.169889
30.882437,143,364.231161
13.671232,138,364.288775
296.722516,884,367.232277
107.763737,1000,371.297036
25.425341,98,371.628968
10.100063,96,371.899055
-5.153725,101,372.189932
-1.775747,109,372.450566
229.478561,799,375.104409
-528.678603,336,376.2828
26.276502,139,376.680968
-122.378271,361,377.879239
230.50427,358,378.936062
244.977812,260,379.696679
52.801158,172,380.174748
292.776158,453,381.594033
-69.374895,94,381.872411
245.164589,337,382.947994
-7.874809,124,383.313431
240.789014,485,384.90536
241.841283,304,385.889293
247.179907,617,387.931531
-16.248351,96,388.227215
257.618706,388,389.456029
-24.896186,99,389.803785
298.561973,579,391.554682
225.324595,583,393.462914
230.897807,300,394.385714
-8.63288,139,394.823303
221.991772,324,395.791359
276.271098,367,397.203559
281.676622,338,397.394785
185.295399,1000,398.184837
239.950415,247,398.307684
233.231901,208,398.407248
235.606775,290,399.343807
256.741921,205,400.016529
247.904929,361,401.043134
-11.398674,88,401.292981
274.893386,348,402.288389
4.756854,96,402.573966
297.753494,525,404.385551
5.144086,100,404.690047
-28.339951,107,405.021295
254.288801,339,406.033934
-16.36956,98,406.386222
284.336454,808,409.088457
249.220941,345,410.293422
246.383051,237,410.976984
260.319384,269,411.760821
237.097096,403,413.083532
-57.518257,150,413.520304
116.347403,1000,416.751589
21.54132,207,417.321538
245.743954,352,418.365694
233.615091,396,419.528599
211.077611,406,420.734239
230.990418,368,421.869981
235.888302,253,422.560456
248.036129,313,423.543512
239.542401,442,424.991847
295.999124,611,427.112949
224.802997,657,429.256156
186.015507,402,430.178084
187.753449,321,430.349801
130.992818,1000,431.484646
123.104525,1000,432.339368
215.678868,788,432.924052
222.757366,251,433.750628
-47.203266,226,434.464199
227.594606,376,435.79157
261.935309,680,438.284688
231.837868,523,440.050739
268.417609,278,440.965866
249.458089,234,441.576458
6.659809,117,441.902616
229.799646,233,442.582032
-11.121204,138,443.00698
41.766692,131,443.420589
169.074512,457,444.872485
226.331084,187,445.431395
-120.177121,267,446.272013
-13.647073,94,446.528343
309.196737,352,447.665697
-10.328093,178,448.162774
-5.742485,109,448.535311
271.568206,776,451.391511
-23.122867,111,451.696707
319.450739,352,452.779381
7.685877,172,453.247602
217.425184,417,454.605392
251.782799,347,455.840451
-21.007754,87,456.100223
254.891444,381,457.380621
183.660661,515,459.195028
240.95647,427,460.570566
211.539429,403,461.966576
-213.521397,194,462.635215
235.773666,262,463.390184
-25.300967,104,463.66927
-19.464187,85,463.91627
-24.441372,92,464.271875
-22.05801,140,465.768809
299.797481,281,465.91135
138.454181,1000,466.788365
311.599418,319,466.962407
237.613295,224,467.071037
-24.231225,70,467.281861
25.066497,81,467.515152
226.681288,992,470.880029
235.914906,593,472.971957
237.714813,308,474.041498
18.7439,150,474.508628
218.854801,675,476.853791
6.172085,147,477.236349
-26.42772,110,477.51764
-17.958419,121,477.82317
26.315747,119,478.171622
4.139346,128,478.536783
-8.235879,97,478.87719
-17.971192,83,479.10511
-12.795728,102,479.411521
29.121701,91,479.700693
25.721389,129,480.063292
12.217302,138,480.478836
-2.698414,91,480.722474
297.99409,394,481.954201
2.186006,108,482.249618
32.959428,81,482.508851
-32.683939,104,482.806415
8.200763,89,483.064568
10.96975,94,483.322972
245.007411,626,485.456487
33.69997,152,485.953126
17.162352,133,486.315983
296.095491,427,487.656999
200.274561,601,489.853016
207.041551,326,490.764351
-68.312716,104,491.05821
241.948434,315,492.12761
249.853136,324,493.228187
23.46166,111,493.5171
265.02742,561,495.275926
-60.852569,86,495.529072
-41.901003,93,495.806375
-69.756043,92,496.072608
288.2721,253,496.891903
238.70189,200,497.557054
22.554393,114,497.876147
246.198515,275,498.709535
234.974748,206,499.186416
267.693589,197,499.276298
-21.728327,87,499.311481
-34.75745,106,499.351609
0.923138,108,499.394646
-30.675079,92,499.645318
-35.060006,88,499.888984
266.310976,224,500.490047
-3.237301,99,500.7766
197.914163,221,501.413885
228.221454,428,502.818286
-14.447756,100,503.134592
234.204931,468,504.594125
-1.293257,129,504.968287
31.949589,237,505.66227
-71.518182,417,506.930977
11.285689,113,507.283296
291.888864,546,509.121991
199.626617,332,510.193722
-25.43028,92,510.487279
227.459737,358,511.633676
281.336981,422,513.053651
250.109052,177,513.641788
247.291281,260,514.450067
-24.255524,98,514.781486
-0.120437,103,515.135176
-25.499195,80,515.369641
254.160524,383,516.626191
239.256529,189,517.136593
273.497618,650,519.428654
227.139406,193,519.960185
-23.679424,113,520.245687
259.443083,525,522.129045
241.726347,188,522.670046
13.313028,93,523.016761
260.974157,249,523.751513
309.677281,263,524.504779
6.753464,101,524.797266
174.967263,608,526.957857
25.453972,84,527.176817
8.250578,83,527.393653
269.516367,517,528.954722
17.23363,92,529.199957
13.810253,99,529.489544
43.794052,108,529.857822
275.362235,352,531.00292
163.982089,241,531.23368
-236.334317,304,531.414053
211.077643,204,531.517903
207.872488,161,531.599136
-44.292801,399,531.861607
206.293979,732,534.150404
6.81582,97,534.396008
292.19858,326,535.340011
17.35592,99,535.632271
58.661115,228,536.345021
242.582151,309,537.357899
-124.252434,99,537.620649
10.282304,103,537.982529
250.949031,263,538.795207
293.892496,495,540.335511
-463.832626,141,540.730625
-154.939337,291,541.585273
36.13805,100,541.869479
242.566798,281,542.757057
-49.045057,87,543.035883
0.69544,160,543.470685
-16.300946,89,543.744165
179.722715,1000,546.895862
18.791968,87,547.120732
-11.810461,85,547.372155
226.773576,414,548.780445
-21.492068,123,549.146677
229.900603,922,552.218019
17.544482,87,552.498986
194.683287,370,553.739004
15.892256,90,554.085599
-6.729863,86,554.267243
254.708866,666,556.357439
-165.963548,100,556.683766
4.426417,144,557.169658
-0.244091,119,557.537141
277.222377,188,558.094993
-11.461193,117,558.451547
6.813804,95,558.756912
-24.838837,125,559.099376
217.33434,189,559.733019
20.11152,136,560.15774
14.604735,90,560.430744
217.211608,503,562.076326
199.658132,260,562.957044
228.957599,191,563.378828
258.767629,179,563.461142
-631.208098,96,563.501956
-281.562732,115,563.550305
225.426758,228,563.664398
-14.213189,94,563.939461
3.228341,108,564.235669
15.429378,118,564.57114
-5.801173,140,565.027111
84.371691,1000,568.697562
16.754037,140,569.130152
217.195831,556,571.028082
238.118639,529,572.881538
-46.517964,91,573.134943
2.144781,104,573.445164
-9.106738,92,573.67287
19.927436,73,573.824311
48.905543,90,574.009548
-19.424825,79,574.171688
302.407274,313,574.838369
296.848444,205,575.367241
255.964708,306,576.275738
271.336937,205,576.933277
-28.710744,98,577.256135
241.080231,391,578.530703
14.012214,95,578.818081
234.414831,175,579.34168
217.374852,321,580.390429
-181.269228,140,580.824933
270.238297,455,582.263676
-135.226484,117,582.590645
7.93869,106,582.832522
29.413236,80,583.074071
0.047911,101,583.361962
27.151483,157,583.90253
-18.852495,111,584.278168
34.951536,1000,588.769484
18.041858,87,589.052912
-49.143119,104,589.347659
226.503996,376,590.620779
198.575096,618,592.744668
-18.691651,99,593.068753
23.714963,166,593.57137
-24.921535,94,593.848332
265.589691,290,596.707195
211.802379,229,596.839139
37.222971,85,596.875808
287.190852,611,597.400052
256.958932,763,598.122568
-102.720704,122,598.456925
285.544621,380,599.657161
25.026056,80,599.913776
-14.187748,79,600.135777
4.796373,131,600.542645
0.912185,133,600.965783
-110.635245,109,601.284616
-73.291512,125,601.634893
-102.013153,102,602.012995
12.064493,113,602.35955
238.167681,210,602.965014
216.4886,303,603.983517
237.3544,225,604.668861
245.540284,363,605.820727
0.454297,88,606.076984
233.548927,293,606.98463
249.578304,344,608.164788
260.172774,170,608.666367
264.34105,360,609.872035
87.455281,825,612.536051
-3.170891,71,612.725875
219.099532,318,613.754373
249.275126,187,614.316225
33.858826,117,614.634827
-26.580552,108,614.96599
-28.679378,91,615.207226
-874.254686,109,615.455744
254.320803,434,616.830226
248.396821,644,619.019918
-33.885486,106,619.313885
-166.186773,111,619.639052
-11.493676,105,619.966763
251.318032,296,620.815557
3.137683,96,621.086199
-14.016776,109,621.409578
-553.096141,98,621.659645
-564.479797,103,621.945735
276.254234,535,623.747932
10.684455,216,624.455477
-7.325721,76,624.706744
257.651336,527,626.499568
22.870798,219,627.20282
-70.063476,114,627.519695
232.499516,224,628.190472
-181.450292,88,628.454122
269.686495,283,629.704471
258.633749,286,629.844381
264.288237,263,629.976476
240.368355,241,630.096308
2.704883,105,630.140853
-281.078475,84,630.370329
269.814167,675,632.856439
8.941523,108,633.136592
36.085281,92,633.404703
-35.710709,79,633.652586
-606.26386,93,633.9203
238.802339,205,634.558472
-63.722124,63,634.739748
208.464102,301,635.741693
261.469696,473,637.192157
-77.922924,77,637.415211
258.371196,330,638.42138
244.301594,261,639.213357
-95.192168,78,639.413524
206.650005,793,641.995894
198.485624,258,642.80213
-14.785338,85,643.031856
3.867308,91,643.295952
-84.377954,74,643.506219
-247.439242,74,643.748546
15.942016,141,644.154482
-42.384406,83,644.393402
-65.169276,135,644.803524
-579.148792,85,645.037594
223.043461,247,645.761639
188.869357,412,647.04852
244.902392,216,647.708089
-53.142448,72,647.903375
197.228623,341,648.975683
-780.086376,114,649.301507
207.958758,458,650.732007
1.381348,81,650.989383
-640.014566,108,651.367235
-836.430063,178,651.889496
-614.795228,135,652.305166
288.620616,584,654.166267
229.711884,725,656.577026
213.289111,303,657.440026
210.448637,302,658.311975
258.005691,874,661.159541
210.030012,304,661.713277
-439.879732,91,661.74655
272.394849,226,661.852698
80.767167,1000,662.679947
141.251616,1000,663.535758
-17.51101,144,664.033207
-568.005342,92,664.303509
235.368103,564,666.077839
218.620342,462,667.623218
283.990215,490,669.025312
191.244261,508,670.75589
202.702619,260,671.55988
182.170583,496,673.165896
234.182197,204,673.747303
-21.315829,116,674.04583
-3.192251,99,674.386554
237.63031,306,675.306973
214.251466,242,676.025065
256.485273,245,676.696657
-25.576504,96,676.968333
260.831466,722,679.317208
202.235316,259,680.191067
-629.703633,75,680.391295
210.389326,229,681.166827
293.517616,524,682.737043
307.392918,242,683.523589
281.9102,295,684.430598
9.303555,99,684.736604
83.645337,1000,688.372574
258.925003,394,689.616338
231.616839,301,690.545783
233.129161,406,691.79374
-544.575782,101,692.151921
-34.019174,87,692.415283
-458.580707,79,692.693045
-605.091714,78,692.990662
-82.648645,82,693.218928
216.647652,201,693.850007
-791.368129,83,694.145011
-254.25495,78,694.436809
-766.90565,91,695.558773
-455.282451,109,695.610354
279.981221,347,695.786289
-887.390945,91,695.826128
247.131905,354,696.033273
238.180676,313,696.966198
-507.968078,86,697.22155
-667.081628,80,697.449214
240.016498,425,698.830236
246.328726,271,699.587549
260.664908,488,701.120891
269.910411,566,702.940938
270.044866,268,703.768489
-36.955447,112,704.06677
-508.876729,88,704.351997
199.634798,288,705.314195
288.06578,228,705.989873
222.943029,263,706.771152
257.996284,397,708.125557
236.026458,196,708.750456
285.527184,406,710.03647
223.267065,265,710.805987
-36.497812,68,710.980632
273.013209,209,711.567916
237.368606,260,712.339048
-19.615925,116,712.667897
226.562677,165,713.188019
226.678451,299,714.294301
224.56402,226,714.964569
211.69765,473,716.519385
245.817217,173,717.044611
234.21121,412,718.315283
221.188479,257,719.146349
283.960709,202,719.75685
-31.712142,79,720.029996
238.070641,310,720.984886
258.672747,156,721.401861
-15.537283,81,721.614532
258.925306,419,722.804591
215.586831,993,726.354982
259.096557,276,727.703818
98.134915,1000,728.261356
255.691326,208,728.354802
230.22855,142,728.416878
-138.777904,260,728.564501
16.425112,137,728.946761
-2.374685,204,729.504297
183.175998,536,731.201822
223.840856,240,731.908286
291.859473,379,732.97687
272.292211,597,734.85559
194.758775,274,735.601584
-855.872234,133,736.013695
301.716042,236,736.71547
263.865809,379,737.927896
4.927605,142,738.340959
-160.294852,105,738.674236
-3.193235,124,739.025011
274.827133,245,739.755532
283.271396,399,740.914395
240.109306,302,741.948735
194.210802,495,743.629233
-151.028057,158,744.134071
-30.944918,161,744.608661
245.737031,226,745.279327
-131.190505,87,745.552032
244.623602,358,746.5999
-23.23448,120,746.915999
44.654289,146,747.341345
-91.854903,118,747.746764
239.059711,249,748.556404
206.211377,455,750.146005
271.572164,271,751.061641
280.423958,477,752.665874
193.374446,376,753.902143
264.044973,238,754.638024
274.977417,247,755.300498
240.332682,341,756.289541
212.715834,605,758.298965
271.488364,395,759.587717
254.98209,209,759.845854
251.902642,220,759.961485
88.197378,1000,760.668865
124.034123,1000,761.368168
239.70681,185,761.448161
236.520918,194,762.066466
218.843138,283,763.000389
131.778197,1000,766.543605
218.625738,271,767.298519
248.301405,218,767.923283
38.637418,157,768.367922
182.500175,278,769.25321
234.646036,934,772.495466
252.419449,230,773.155476
195.22214,805,776.035747
228.905617,282,776.911693
237.896288,324,777.972712
308.49204,424,779.384439
214.668686,347,780.611505
46.20537,105,780.939443
119.366887,1000,784.48346
138.5943,1000,788.025435
222.921739,613,789.997945
253.078409,330,791.105044
252.369654,332,792.203328
241.782622,232,792.933723
260.050073,290,793.850943
219.439208,515,795.401807
234.95715,170,795.478596
251.921349,423,795.778366
269.076889,251,795.914321
143.115518,1000,796.752203
-42.864888,98,797.022826
206.290068,877,799.94663
245.057359,616,801.944061
288.572579,397,803.179595
-21.25952,112,803.478178
36.685522,93,803.740311
-9.806938,113,804.054683
120.099515,963,807.456591
54.749998,136,807.877701
-71.675213,116,808.258955
-33.65467,81,808.47527
25.083466,103,808.753188
40.847052,115,809.059924
-8.711381,107,809.358328
24.889451,136,809.684121
247.217913,187,810.100664
232.186705,285,810.80007
261.95433,199,811.469941
230.858047,438,812.908941
232.038765,422,814.233418
156.067716,1000,817.730519
-45.855703,1000,821.420554
312.918436,313,822.442737
32.866729,97,822.721924
131.927871,1000,826.018963
1.396014,99,826.377099
-22.846604,88,826.634544
14.945851,109,826.991641
257.153518,651,829.06251
195.826731,295,829.355482
109.21659,1000,830.066805
217.50581,205,830.158153
250.710089,369,830.386114
230.80412,329,830.60283
238.797167,499,832.127043
1.362716,85,832.377903
205.220147,209,832.990704
201.793497,220,833.68183
200.444636,197,834.234996
283.651998,480,835.970511
256.537578,355,837.177335
204.385903,439,838.544393
-61.831861,101,838.814838
222.910805,315,839.794616
202.593772,450,841.334095
225.317706,501,843.010406
251.124637,478,844.445431
290.315999,556,846.154036
193.258572,592,848.223955
139.231025,662,850.540737
-315.916608,844,853.336767
298.911485,447,854.779087
286.786179,285,855.617854
270.006803,216,856.372928
210.91102,814,859.162902
175.063109,381,860.36049
9.732946,105,860.649866
259.659825,223,861.353925
285.115905,278,862.25554
199.972662,509,863.43039
197.728884,443,863.70013
186.868677,554,864.102944
208.638073,207,864.195105
-257.595828,120,864.250327
225.979679,384,865.415286
267.376959,213,866.071029
99.124798,1000,869.574784
91.763035,1000,873.06315
208.839544,496,874.666709
-14.383824,159,875.176059
255.830812,610,877.288142
243.529783,162,877.79093
302.689603,458,879.288314
248.257495,346,880.434528
2.440192,151,880.884727
60.727788,138,881.252701
254.391398,880,884.389736
241.784136,249,884.926724
227.626523,206,885.367503
36.84091,133,885.661291
-313.07514,236,886.419888
272.756374,290,887.371374
238.643382,352,888.474741
263.124008,291,889.42836
295.169113,824,892.218246
99.663587,1000,895.806832
-80.698392,88,895.989774
160.801951,403,897.255988
-402.695607,162,897.327102
-195.437732,158,897.391762
201.323568,517,897.727994
-103.499327,163,897.80063
295.699529,312,898.82327
-10.134763,117,899.165624
250.045013,606,901.259193
301.321987,368,902.429349
257.789561,212,903.086745
254.33606,323,904.030955
170.52813,1000,907.465006
243.217258,314,908.487289
-21.147221,125,908.816458
269.198552,418,910.231464
-46.912033,200,910.845181
-5.506608,178,911.43382
33.963172,135,911.853678
277.378052,817,914.731326
239.669038,267,915.443517
6.025603,112,915.824111
245.889541,533,917.607243
194.87242,356,918.706502
243.139267,390,919.891111
-304.01677,156,920.361816
263.786247,478,921.993889
280.258719,425,923.352983
42.612788,115,923.662794
231.001843,342,924.712284
117.525388,1000,928.178014
224.583832,650,930.351232
298.94727,278,930.673379
229.30792,259,930.816038
281.260015,244,930.944349
292.313915,361,931.156249
218.764321,254,931.296592
-1.298707,238,932.001136
237.538711,864,934.877085
275.902177,818,937.498888
-2.672845,165,937.956845
-1.423587,123,938.291639
16.586917,128,938.666409
71.954772,159,939.11643
7.710573,93,939.397974
247.310243,663,941.771341
187.74923,1000,945.298968
-14.041889,109,945.587874
-21.338196,110,945.955175
29.956975,91,946.194983
75.256661,188,946.767867
212.698598,395,948.016202
258.323131,948,951.516221
33.289868,130,951.888816
281.762363,373,953.033352
-9.677822,85,953.240429
300.187197,408,954.439045
38.711839,119,954.742849
225.585285,191,955.266001
-3.053013,117,955.631678
131.55307,1000,958.946449
-7.584988,91,959.230037
272.425437,812,961.870687
-164.99294,134,962.308815
47.227663,147,962.706702
-8.727945,161,963.219929
167.544546,1000,964.617959
151.712775,1000,965.246425
242.05183,168,965.324231
224.847724,154,965.388389
41.76795,142,965.450222
215.461978,238,966.121354
-79.980031,113,966.433551
-9.070727,102,966.697097
220.421749,541,968.34075
-10.197448,117,968.710077
-83.468742,110,969.049055
-70.807561,86,969.318623
95.688753,1000,972.650291
38.689798,109,972.998102
-199.325809,238,973.842537
55.347646,151,974.339252
50.532844,134,974.779646
12.502795,128,975.165551
-227.749756,90,975.434175
243.742507,677,977.755903
217.058458,241,978.526734
25.049436,113,978.847995
6.262438,110,979.173688
36.283197,94,979.455881
276.172631,318,980.491647
50.575583,141,980.910157
-35.338313,93,981.224515
58.140524,94,981.512932
229.471916,620,983.359281
-483.48819,75,983.608643
44.09773,170,984.134993
13.164621,120,984.562689
-194.457102,75,984.7885
17.944554,125,985.141315
253.232798,549,986.995724
270.195213,646,989.152663
-44.458642,89,989.418666
-285.291074,82,989.685083
229.174235,265,990.50345
-0.51225,137,991.055341
33.231032,90,991.279396
-279.577147,73,991.486513
244.768862,499,992.923528
-311.652767,93,993.16343
-392.254408,91,993.401728
232.166586,821,996.227805
-421.294001,80,997.351291
10.227179,95,997.391274
249.907969,200,997.485081
275.019739,205,997.59306
239.833526,192,997.681806
22.446976,98,997.944224
245.859672,269,998.854028
2.33711,116,999.239231
279.929163,254,1000.067832
-462.488186,79,1000.287286
-7.06022,97,1000.622989
1.260571,113,1000.982751
-36.20412,66,1001.210788
47.479429,118,1001.54723
223.720531,983,1004.886284
141.038311,1000,1007.896188
-466.635268,75,1008.102535
173.585398,389,1009.412083
30.305832,89,1009.649586
-8.232174,99,1009.980079
-739.340919,87,1010.218345
-29.637137,82,1010.469252
-1.008559,95,1010.715516
40.812532,85,1010.955545
27.959018,127,1011.339445
53.479329,132,1011.775573
-606.956308,78,1011.996328
113.620717,1000,1015.57818
-46.714528,73,1015.84815
9.287698,79,1016.141534
6.033604,79,1016.405662
217.153448,465,1017.934148
44.378658,142,1018.304364
32.319975,133,1018.672763
265.620053,362,1019.797791
289.303496,653,1021.845199
235.138335,337,1022.824045
-27.549311,91,1023.107434
23.805748,123,1023.482038
149.350154,1000,1026.82003
23.570096,142,1027.229853
-3.12334,113,1027.532915
-3.192998,84,1027.81754
291.054071,413,1029.119825
-427.407862,72,1029.721793
-275.910603,60,1029.747163
252.095771,223,1029.854998
275.88081,237,1029.978939
226.514125,179,1030.062705
268.484165,176,1030.621173
234.528451,212,1031.237981
233.454812,223,1031.955013
257.289685,276,1032.811229
252.499368,366,1033.849483
-31.339088,88,1034.134169
311.923534,227,1034.820354
273.170939,373,1036.04025
-12.396091,95,1036.324791
-23.093515,80,1036.580303
-489.074995,69,1036.764493
17.62702,122,1037.119724
-461.436321,70,1037.299599
283.441897,317,1038.221251
245.875424,168,1038.800796
259.53235,205,1039.389795
27.098711,104,1039.670966
273.197535,284,1040.472676
140.261743,1000,1044.028639
-367.624386,63,1044.22591
23.149412,102,1044.522657
-442.551707,88,1044.804915
219.987522,383,1046.009496
261.2878,286,1046.862558
287.297826,481,1048.440427
247.636037,207,1049.00673
-20.903418,100,1049.270428
-75.236974,68,1049.464746
50.220665,81,1049.762953
-463.979215,72,1050.005962
-94.21458,111,1050.332296
-50.963638,86,1050.634174
305.317474,357,1051.840705
-436.093388,76,1052.069731
242.941345,232,1052.758816
-116.027216,76,1052.969265
6.250812,88,1053.233792
256.058588,533,1055.217538
242.034888,462,1056.8062
-203.992947,78,1057.078284
-2.064637,95,1057.389388
-301.536913,66,1057.589105
312.725141,257,1058.469512
32.726665,86,1058.71823
99.219596,1000,1061.948482
-175.327212,120,1062.057282
-103.884412,81,1062.093997
175.48095,1000,1062.942938
6.271014,111,1062.988956
-25.81259,77,1063.021358
292.035863,226,1063.687602
100.717097,1000,1067.407279
11.419865,123,1067.799868
231.51416,282,1068.68327
-90.830032,81,1068.907811
-56.464763,106,1069.212971
-12.195441,126,1069.62555
113.964054,1000,1072.694677
198.530126,833,1075.655842
-59.103652,86,1075.909204
5.742302,87,1076.174204
-349.724923,76,1076.465394
-392.836227,81,1076.690329
291.942122,343,1077.868411
-10.031381,127,1078.217957
194.590298,488,1079.829596
226.931788,243,1080.543642
41.884703,153,1081.033527
44.982063,157,1081.583808
-18.862825,141,1082.104848
-151.883519,81,1082.383568
12.106615,136,1082.725793
309.068914,531,1084.567847
295.775639,327,1085.723865
288.085429,455,1087.306626
-169.498986,87,1087.573217
-148.694815,96,1087.836871
186.981803,1000,1091.058232
10.982468,174,1091.560879
212.98843,567,1093.375126
-205.602819,89,1093.646736
-111.533816,75,1093.850233
11.812875,96,1094.131793
-59.532184,97,1094.449148
-4.077161,87,1094.681141
244.061125,283,1095.566045
125.604955,1000,1096.420243
-95.12449,88,1096.459368
-57.116795,193,1096.554785
228.134384,298,1096.733972
-47.044789,204,1096.838035
39.226522,144,1097.259053
253.879252,375,1098.433087
297.232491,347,1099.612325
205.278571,278,1100.406199
238.566152,238,1101.050392
19.804161,156,1101.464521
250.303214,192,1101.984235
225.120112,179,1102.536952
206.351175,270,1103.337851
194.653687,217,1104.01174
289.487758,467,1105.609632
214.905019,314,1106.648897
240.18251,421,1107.992115
27.519684,181,1108.562663
34.592969,179,1109.159677
28.657786,177,1109.674166
251.277911,382,1110.88256
223.540455,483,1112.388619
-4.748118,168,1112.935913
278.938129,209,1113.6318
315.660442,459,1115.027066
219.229406,273,1115.810767
-558.872593,83,1116.038388
-50.311974,125,1116.366428
229.392991,345,1117.458619
4.090982,113,1117.807499
40.401467,199,1118.477658
281.261043,554,1120.335468
18.979659,190,1120.89812
226.297364,259,1121.606148
267.663908,315,1122.558669
204.057582,363,1123.66095
14.786564,143,1124.108526
33.060962,205,1124.753545
285.379243,366,1125.905902
270.560644,452,1128.261225
-99.376061,119,1128.318115
268.147731,392,1128.599727
150.669177,1000,1129.692983
215.609125,197,1129.787946
272.335886,768,1132.314183
213.536639,385,1133.620154
211.313743,237,1134.374455
279.874671,473,1136.036704
301.005825,373,1137.207562
208.687035,422,1138.571578
292.512186,368,1139.69722
227.043647,391,1141.04948
-95.071245,427,1142.365395
241.705918,207,1142.955974
-111.167615,515,1144.646857
241.009865,480,1146.068531
-11.339109,115,1146.451363
204.810319,285,1147.27775
-123.796538,122,1147.609414
226.408537,358,1148.726438
8.996297,122,1149.152148
-8.710021,150,1149.667838
280.122,395,1150.999809
238.840049,205,1151.693617
232.014765,334,1152.754162
276.996209,640,1154.67737
289.725689,292,1155.543301
222.512062,211,1156.195458
233.116657,230,1156.932561
274.254042,223,1157.619579
43.46933,132,1158.014555
209.679358,240,1158.738465
262.614921,271,1159.504387
-32.016906,113,1159.840257
221.164354,421,1161.26022
-5.018032,90,1161.536167
224.667617,191,1161.636514
185.493857,203,1161.733366
226.21296,237,1161.858649
268.781497,403,1162.168069
6.314205,174,1162.248906
299.098092,779,1164.90086
275.225451,375,1166.156078
266.369287,382,1167.272141
-4.643576,157,1167.716141
230.185429,215,1168.30553
51.81274,243,1168.968195
228.820389,571,1170.835474
263.544403,198,1171.520997
232.991952,769,1174.121219
-61.465195,98,1174.385249
282.661465,623,1176.420809
234.574516,180,1176.964191
-495.962419,359,1178.144495
2.467643,108,1178.447832
59.460685,1000,1181.710849
266.919995,302,1182.632226
244.029842,233,1183.394646
295.060132,405,1184.753499
243.351717,188,1185.311174
149.271957,631,1187.387568
244.561305,657,1189.836379
225.467521,362,1191.030853
8.423571,118,1191.416216
199.303232,354,1192.576895
-2042.357034,407,1195.303624
-69.197083,133,1195.355826
194.362778,412,1195.613135
-422.073321,330,1195.809038
-384.729666,296,1195.973899
245.429656,698,1198.21887
-9.395546,188,1198.766945
270.133927,524,1200.541695
-359.373545,144,1200.9386
16.942813,117,1201.316008
4.352636,92,1201.590143
-35.337697,123,1202.009205
232.030768,302,1202.959517
-4.144071,121,1203.273844
266.784381,465,1204.801531
178.951331,183,1205.447775
271.993316,303,1206.316114
234.696074,310,1207.220932
-52.486275,213,1207.827442
268.12501,516,1209.543875
220.333352,238,1210.292657
101.912581,1000,1214.044775
229.360972,374,1215.247053
170.113577,443,1216.634226
279.933196,398,1217.837876
274.667281,413,1218.954076
243.124983,304,1219.877086
276.822167,253,1220.680173
272.218547,335,1221.807452
201.868509,321,1222.818113
216.458675,358,1224.007428
225.311725,385,1225.244973
264.064388,228,1225.942959
-27.969213,77,1226.13418
-87.327738,71,1226.332587
-11.261634,88,1226.565573
234.81744,582,1228.354915
248.955652,711,1229.127695
4.664346,84,1229.165292
235.842937,231,1229.296293
-8.388176,76,1229.329708
-56.899732,86,1229.583066
-22.857054,75,1229.837071
243.451268,223,1230.578094
261.845795,264,1231.45219
287.718213,170,1231.937485
225.809579,463,1233.62836
321.652732,487,1235.138721
210.049342,266,1236.008037
3.610929,127,1236.366407
230.649578,505,1237.571609
255.323873,214,1238.154376
258.966424,180,1238.696183
42.17163,121,1239.044361
209.53306,218,1239.779304
247.706303,350,1240.760226
8.698569,104,1241.051069
260.332427,205,1241.794506
264.903506,398,1243.099095
265.717506,472,1244.753653
287.491552,568,1246.658239
246.806516,216,1247.33436
218.277581,258,1248.168284
226.124983,215,1248.671983
193.685392,630,1250.441181
5.002052,120,1250.756791
294.010233,184,1251.341527
-453.01238,84,1251.573961
242.12081,346,1252.631764
45.211958,1000,1256.318914
262.674724,472,1257.854445
233.986642,487,1259.377451
264.145308,458,1260.941885
-18.379057,243,1261.136489
221.870952,154,1261.206473
283.341074,225,1261.324623
47.179234,199,1261.425825
194.614434,170,1261.497195
202.74814,611,1263.454525
233.165899,272,1264.207371
213.90221,429,1265.5536
19.24003,123,1265.891851
12.557391,109,1266.25978
230.480482,427,1267.614672
7.028459,207,1268.280618
244.634576,614,1270.464758
220.413339,551,1272.308406
228.709412,170,1272.809777
241.72513,199,1273.345348
244.963491,543,1275.219472
146.559114,1000,1278.534277
294.252142,278,1279.410972
224.770018,294,1280.353534
233.571344,337,1281.260968
225.778828,798,1283.81148
-295.918196,987,1287.227365
239.944832,196,1287.844636
221.905343,991,1290.954756
231.715982,367,1292.116257
151.921826,1000,1294.843196
-68.098392,350,1295.042101
103.038418,1000,1296.033536
269.96224,350,1296.259727
104.07063,1000,1297.215453
278.01832,386,1298.358428
-23.126861,175,1298.857178
-51.833506,307,1299.777784
-140.860186,111,1300.098065
-46.867616,75,1300.319514
90.870914,1000,1303.924452
187.859512,580,1305.943096
273.586669,270,1306.839993
236.025533,350,1307.996893
-176.70072,370,1309.266982
243.191412,178,1309.793927
270.852572,290,1310.787912
251.674894,405,1312.110423
4.683769,108,1312.383515
-67.783954,497,1313.962169
231.688802,284,1314.884741
235.217573,455,1316.348436
234.002628,323,1317.495601
241.32681,244,1318.169651
238.943614,272,1318.928075
-13.331209,110,1319.229987
239.466006,198,1319.769404
247.609365,312,1320.66429
221.833336,570,1322.660422
204.009809,427,1324.053631
270.286599,389,1325.276285
-0.310341,133,1325.64804
230.836168,341,1326.821299
225.832811,249,1329.655998
240.107982,186,1329.733708
22.996439,91,1329.770607
262.582229,472,1330.118029
263.458995,252,1330.237001
217.207264,453,1331.772957
0.290651,105,1332.075185
201.17401,213,1332.68729
17.586655,108,1333.006248
222.010239,404,1334.269781
273.599275,582,1336.057375
106.877958,1000,1339.79453
11.552685,119,1340.134068
17.201583,112,1340.50614
252.585711,290,1341.33216
242.212239,374,1342.476171
252.35394,281,1343.427095
233.408538,664,1345.690714
283.077177,782,1348.425361
32.538102,234,1349.189567
255.303922,248,1350.028083
133.201488,1000,1353.893733
248.604471,263,1354.70753
285.965335,749,1356.964587
39.925515,88,1357.247598
244.640798,623,1359.447006
226.296942,638,1361.656069
-36.152954,89,1361.889773
227.384701,171,1363.970876
315.678217,191,1364.063263
235.149927,177,1364.138838
178.791124,298,1364.305763
147.722016,1000,1364.965335
39.899112,162,1365.473802
236.343404,559,1367.247951
40.70382,217,1367.871031
102.453783,1000,1371.736687
276.388301,273,1372.65518
244.680766,306,1373.632991
269.330053,394,1374.911012
41.413536,132,1375.363711
281.155966,335,1376.300776
222.19506,396,1377.415168
295.654989,322,1378.471809
139.442832,1000,1382.13666
32.783787,94,1382.419969
8.509445,155,1382.862274
312.798375,355,1384.002295
59.096558,98,1384.350416
10.935664,120,1384.756176
245.583901,326,1385.797033
227.144173,309,1386.715583
269.145242,281,1387.58165
285.425891,363,1388.720438
10.254008,123,1389.068383
-23.646932,177,1389.560968
251.140972,230,1390.200497
167.912663,1000,1393.737561
241.578101,279,1394.576032
-56.923857,66,1394.753665
254.524386,276,1395.638851
233.916733,398,1396.981308
28.804913,84,1397.230095
33.768399,129,1397.872059
123.926464,1000,1398.736977
66.15436,147,1398.805139
262.260515,178,1398.89166
163.593309,1000,1399.577984
271.954544,369,1400.858822
140.415899,1000,1404.214451
245.213987,269,1405.04883
32.92885,93,1405.302522
13.380332,154,1405.699155
13.212881,116,1406.072367
170.449376,1000,1409.512316
246.436694,274,1410.333426
24.626961,108,1410.661572
-2.100591,183,1411.238509
22.090961,110,1411.588866
228.058785,253,1412.332633
12.164857,123,1412.674712
19.89024,146,1413.137147
292.685965,367,1414.294613
249.555718,266,1415.02323
97.725861,1000,1418.21339
116.953663,1000,1421.53829
124.417104,1000,1424.433625
280.710903,297,1425.323318
294.761231,265,1426.181792
57.08078,95,1426.467753
140.940848,1000,1429.780483
325.219134,383,1431.079865
308.496773,577,1431.889578
152.456152,1000,1432.686563
285.45657,334,1432.889482
167.403579,1000,1433.686161
275.461627,203,1433.781785
254.11726,327,1434.770988
287.297132,558,1436.558983
-28.398572,190,1437.054853
287.013614,784,1439.771609
-109.04889,386,1441.123556
220.706792,400,1442.389209
145.066686,1000,1445.871244
20.631852,165,1446.338664
-25.082555,119,1446.64496
277.784513,315,1447.612737
21.923519,148,1448.083347
225.782071,343,1449.18363
251.537497,762,1451.724186
-749.191377,159,1452.132865
17.177905,146,1452.525863
3.065677,120,1452.882395
223.573795,366,1454.201225
242.978428,186,1454.799247
32.333966,116,1455.161714
216.174856,221,1455.850368
6.26896,164,1456.328774
281.62034,292,1457.210053
248.981678,373,1458.29811
241.871392,315,1459.162731
221.903338,308,1460.037787
217.862828,588,1462.111784
-5.525458,103,1462.390104
20.151875,102,1462.691783
231.145291,284,1463.66618
266.999524,258,1464.428528
226.99576,323,1465.488397
244.792527,268,1465.934488
6.664822,186,1466.020935
259.96923,227,1466.120334
283.350951,254,1466.24531
7.087157,122,1466.296369
-22.800524,132,1466.648512
10.579724,100,1466.901525
278.607092,412,1468.111817
176.427145,456,1469.643033
249.200465,631,1471.813305
237.573878,408,1473.069078
244.222405,317,1473.936044
221.848196,392,1475.160287
3.981005,107,1475.460977
31.243747,164,1475.979362
259.108463,329,1476.986965
277.930458,640,1479.201622
315.577007,275,1480.068015
95.908141,1000,1483.647464
27.231131,113,1483.990855
264.223719,707,1486.5998
9.671241,108,1486.931461
259.204474,466,1488.485956
-14.066236,156,1488.953333
272.515556,472,1490.383925
179.750427,586,1492.11189
267.582589,533,1493.836587
-13.998962,111,1494.228927
-6.770141,172,1494.795898
281.24805,294,1495.73274
36.304583,180,1496.294463
31.419711,96,1496.569696
8.485134,216,1497.185773
-15.866467,128,1497.550828
32.259672,132,1498.002209
36.938925,149,1498.434194
198.709219,265,1498.638176
269.286164,333,1498.840033
231.387837,178,1498.917163
291.573707,199,1499.018172
6.61323,153,1499.093783
244.654904,643,1501.374876
251.436519,163,1501.859495
15.715121,153,1502.278876
131.123316,1000,1505.557637
37.400109,168,1506.093678
62.394647,237,1506.79863
-23.504142,112,1507.148535
101.847888,1000,1510.738283
3.390729,106,1511.033528
247.784853,626,1512.969824
25.441589,107,1513.310654
127.111256,1000,1516.568726
43.302589,99,1516.825017
318.186627,298,1517.786193
15.851877,93,1518.111599
227.410325,481,1519.719021
204.956458,389,1520.971529
225.262235,187,1521.541798
255.360702,526,1523.296143
231.322654,395,1524.535239
286.086005,756,1527.19653
7.563192,139,1527.65978
17.661744,94,1527.969811
-14.274928,115,1528.270569
-15.172347,102,1528.539313
173.804346,473,1530.035203
-25.584965,146,1530.496693
-23.464347,114,1530.805716
24.607781,144,1531.226741
261.782658,226,1531.775063
239.579185,168,1531.856321
162.945039,1000,1532.659374
18.570555,131,1532.721235
103.343118,1000,1533.60593
53.634798,121,1533.987481
-28.849027,110,1534.270636
160.298133,1000,1537.499959
209.700313,376,1538.750731
240.141693,513,1540.497615
-20.713677,112,1540.796064
3.346982,101,1541.133188
-69.335494,701,1543.628702
97.095795,1000,1547.24654
100.79746,1000,1550.393987
-31.068204,173,1551.025624
-21.785017,138,1551.47464
208.603877,388,1552.734966
11.64413,107,1553.055407
220.517711,364,1554.324217
52.946836,176,1554.874828
248.847338,368,1556.120506
264.052846,604,1558.323747
214.28265,198,1558.951652
149.917186,1000,1562.682219
-48.075363,106,1563.040342
237.994024,728,1565.689109
218.931274,177,1566.251418
219.667531,184,1566.788583
229.112245,239,1567.748942
254.143829,785,1568.433965
-147.955729,375,1568.630185
10.446911,135,1568.691609
280.13231,589,1569.045366
154.21626,1000,1572.793384
-85.54494,347,1573.909297
253.689843,696,1576.007593
11.246662,105,1576.336325
-89.905476,402,1577.599862
242.50292,302,1578.59668
172.226929,1000,1582.431446
-263.690859,1000,1586.266167
120.815906,1000,1589.376309
6.715262,105,1589.738293
267.098492,414,1591.137132
289.649479,333,1592.197278
-167.894029,268,1593.069166
273.226762,500,1594.694596
121.70013,1000,1598.304163
-76.838042,99,1598.572328
15.78107,163,1599.044444
225.505249,740,1601.674745
181.172369,524,1603.492526
12.742388,1000,1604.546633
194.445487,243,1604.67676
101.924077,1000,1605.594682
97.294745,1000,1606.397676
91.792001,1000,1607.332504
124.570686,730,1610.001933
242.586348,556,1611.97913
-19.765511,172,1612.484241
284.770699,261,1613.373283
197.371476,167,1613.916751
-238.702885,914,1617.713318
245.392887,626,1619.744231
125.564397,1000,1622.920284
240.277421,521,1624.690547
247.400216,696,1626.958086
287.301334,779,1629.819832
-46.13757,108,1630.162831
-12.417132,106,1630.451934
1.141261,117,1630.794287
-24.841388,130,1631.23308
-32.671563,88,1631.518185
134.046837,1000,1635.03795
-60.307835,120,1635.385213
296.761017,830,1638.161307
228.681249,369,1639.468168
241.69022,291,1642.206523
280.308488,911,1642.909759
278.536704,316,1643.065393
217.408586,214,1643.163159
41.579728,198,1643.258933
220.664364,275,1644.11501
-7.099288,93,1644.396664
279.192436,711,1646.782447
227.387898,207,1647.460222
0.775955,111,1647.872158
10.448861,140,1648.322519
-35.029826,110,1648.626144
182.321908,310,1649.548697
256.576277,212,1650.187446
272.548936,264,1650.894608
270.208144,270,1651.769073
0.338101,152,1652.243084
284.354358,541,1654.173762
234.368285,416,1655.682337
52.269148,161,1656.104526
255.700547,485,1657.488167
265.236367,176,1658.015245
277.580596,314,1659.012416
237.413871,568,1661.001383
251.927904,373,1662.256491
-9.168599,102,1662.534878
290.711834,387,1663.846719
76.806114,1000,1667.678258
286.557995,557,1669.349905
235.598874,386,1670.578187
109.039562,1000,1674.039153
0.209634,117,1674.479533
223.317046,325,1676.553823
246.118961,184,1676.630839
245.452782,574,1677.059417
285.826637,662,1677.60366
135.519895,1000,1678.422527
