#{"t_start": 1629392437.85923, "env_id": "LunarLander-v2"}
r,l,t
-141.062651,67,0.020378
-67.782128,87,0.037585
-197.924394,67,0.050434
-279.513276,105,0.070673
-123.633501,99,0.088885
-334.260422,124,0.113986
-96.12964,68,0.125913
-115.800032,128,0.151033
-122.168452,64,0.16278
-136.090989,102,0.182474
-101.234691,128,0.209715
-116.577897,109,0.23094
-80.139599,70,0.244192
-100.782603,60,0.254728
-111.614655,75,0.268489
-130.79032,79,0.283126
-103.296811,76,0.298059
-296.90333,86,0.31481
66.593887,92,0.334134
-119.317955,89,0.350945
-303.838081,100,0.369797
-47.480419,60,0.380914
-328.251215,93,0.401223
-115.874228,67,0.4138
-124.013335,98,0.43264
-162.400896,114,0.456229
-287.866378,94,0.474365
-117.400556,173,0.69118
-69.997525,73,0.879607
-170.212644,108,1.153186
-202.137258,69,1.340833
-53.313252,81,1.568825
-118.291176,123,1.920382
-72.84635,119,2.224492
-111.433718,80,2.435182
-95.304096,100,2.699311
-207.131599,108,2.988044
-52.098207,94,3.254018
-91.435186,63,3.419998
-91.716827,117,3.725245
-93.70994,80,3.93379
-32.852693,77,4.133611
-106.419672,65,4.306965
-304.580347,102,4.59506
-149.95914,88,4.817225
-158.558098,127,5.139955
-132.679025,84,5.346721
-207.40942,120,5.649901
-123.616615,85,5.858449
-122.076794,80,6.052897
-133.663006,108,6.317163
-46.203259,88,6.529654
-71.66919,89,6.742583
-26.616823,138,7.077057
-35.020614,87,7.277659
-174.065869,98,7.509236
-86.972647,73,7.693887
-179.265343,65,7.854606
-119.752315,85,8.060707
-137.482239,111,8.33231
-152.533585,109,8.597291
-144.952843,67,8.755777
-151.172604,155,9.19016
-93.441046,74,9.390439
-127.849489,95,9.651378
-91.392892,82,9.869842
6.538373,81,10.066756
-136.814072,102,10.319062
-16.755679,136,10.662087
-69.798286,124,10.977375
-56.104495,86,11.190823
-107.502612,129,11.521193
-95.122203,139,11.883588
-145.49917,129,12.208641
-117.814977,92,12.438526
-71.047166,78,12.638376
3.094202,116,12.926469
-119.897357,142,13.2829
-25.593058,136,13.633787
-49.398323,132,13.98209
-42.601591,134,14.316848
-84.823192,93,14.548311
29.15412,164,14.968604
-89.12531,125,15.289707
-81.597278,100,15.548272
-54.741878,142,15.904998
-25.288915,123,16.206238
-28.788972,128,16.52571
-71.297339,138,16.848035
-87.500216,122,17.133858
-59.374554,126,17.425424
-122.695022,107,17.689608
-62.271416,147,18.0493
-71.973323,122,18.330212
-65.308624,143,18.666516
-61.467129,151,19.036545
-65.03666,119,19.321975
-95.078351,1000,20.672621
-112.623508,1000,21.635959
-150.499623,1000,22.731312
-114.957995,1000,24.190095
-114.112419,1000,25.278935
-70.616682,177,25.808027
-169.778232,191,26.374665
-2.238914,216,27.01518
-77.829121,181,27.537609
12.931811,179,28.050031
-67.990078,84,28.292731
-46.310511,182,28.830391
-21.43953,177,29.331672
-59.100017,92,29.55939
-80.112433,157,29.94971
-111.91578,629,31.772126
-64.839034,304,32.575109
-19.958897,136,32.914979
-16.824315,203,33.430492
-335.468559,909,36.597281
-215.661314,149,36.972265
-88.402901,766,39.418904
46.889489,1000,42.600784
-83.838985,1000,46.325829
-40.64611,1000,49.416742
-168.407503,163,49.838198
-58.88841,1000,53.295818
-208.282952,569,54.983033
-126.489425,203,56.64267
-119.719078,134,56.70625
-146.451135,285,56.879597
-100.901193,158,56.959078
-134.457707,487,57.264731
-166.848046,1000,60.459183
-58.790055,1000,64.111059
-201.472743,679,66.154972
-102.042282,1000,69.778113
-40.545317,1000,73.194893
-101.732391,1000,76.450005
-34.875978,1000,79.862366
-88.994451,427,81.083782
0.903544,92,81.327662
21.734653,1000,85.299374
-50.49782,1000,88.66115
-245.265768,966,92.394555
-153.03418,353,92.609257
-140.254494,200,92.709746
-52.865785,1000,94.644645
-33.680558,1000,95.952623
13.723078,1000,99.559933
-20.738659,1000,103.006862
-63.816066,68,103.183326
-148.02078,535,104.845693
-117.678686,78,105.059958
20.942063,1000,108.461527
-26.814086,90,108.698302
-30.925198,64,108.868383
-144.041458,288,109.705893
49.752798,1000,113.232456
-125.655033,541,114.878935
-56.131842,1000,118.81636
238.949833,462,120.191185
74.494377,778,122.671129
-78.650143,291,123.45541
-76.811813,422,124.643712
236.660412,383,125.725967
99.770322,1000,129.075283
-16.652473,1000,130.179206
-163.978784,321,130.365256
-143.890525,909,131.061967
208.603749,401,131.375515
-83.597024,540,131.751896
263.143795,291,132.559438
172.771799,530,134.243579
-93.228356,1000,137.570578
-81.091164,322,138.492152
3.695122,92,138.736861
46.322188,1000,142.856403
-145.873572,123,143.175925
53.83958,902,146.449535
230.093872,405,147.652334
96.973235,1000,150.826728
63.318321,1000,154.820263
262.614869,427,156.100313
11.745185,121,156.432058
-19.759908,89,156.664907
54.557843,1000,160.619522
88.512626,1000,163.906668
202.472402,416,166.261003
287.735149,265,166.418
182.244395,288,166.598587
6.243518,208,166.707338
26.042228,176,166.796647
-43.886212,67,166.976228
90.839326,1000,170.178109
-26.368451,79,170.375586
15.767133,78,170.570328
262.330432,365,171.588681
289.434846,153,171.995511
9.061857,91,172.23135
49.527998,131,172.576823
252.240361,532,174.188948
1.650553,1000,177.446702
251.315757,328,178.350212
-26.462587,98,178.600146
-4.27967,107,178.879075
256.708086,298,179.703242
227.252958,751,182.035147
219.989176,708,184.221417
-1.413022,125,184.552696
-5.404677,120,184.872392
55.600892,99,185.13304
1.639461,97,185.383465
34.216153,86,185.604694
-176.456874,85,185.820169
239.438375,291,186.61568
8.241688,74,186.804676
206.846473,689,189.066413
132.779687,954,192.05122
279.088234,461,193.349059
-81.463858,140,193.714776
-107.089021,87,193.937383
251.092111,226,194.532292
-8.868129,105,194.800807
23.884528,120,195.103801
11.348956,101,195.365331
122.506196,1000,197.268876
-77.52317,1000,198.393806
57.597754,113,198.449371
132.35362,1000,199.809701
15.021164,77,199.852607
-19.289683,78,200.042489
-3.850622,172,200.464344
269.109362,729,202.581448
242.339457,578,204.180412
-21.833391,91,204.405467
244.406106,400,205.524074
30.486076,127,205.85401
7.575726,126,206.176568
-37.608014,145,206.567147
26.993149,141,206.934777
113.313569,1000,210.3061
-23.998083,95,210.548988
113.026233,1000,213.509846
5.770729,138,213.867784
164.080449,786,216.475215
212.969909,321,217.414004
41.879655,152,217.831734
267.45644,601,219.707106
142.605435,675,221.889096
-39.946142,1000,225.383281
146.926082,1000,228.473081
2.03168,111,228.769603
-12.541326,95,229.019098
18.245823,126,229.349401
258.860362,229,230.342417
144.597574,1000,231.055325
226.469303,368,231.284744
68.304494,1000,232.460431
238.525163,204,232.569722
231.16279,251,233.266548
225.234542,543,234.891584
-24.511163,82,235.101866
230.458931,584,236.800806
226.41698,616,238.601903
-26.55284,96,238.840452
239.069033,512,240.355031
225.521279,274,241.089508
216.876823,706,243.275371
215.93786,267,243.986342
232.237309,189,244.484816
210.967011,448,245.915743
235.451777,324,246.85469
260.757491,447,248.15658
247.01337,332,249.124108
247.594582,287,249.973691
16.21491,104,250.258265
289.710729,529,251.918422
261.020781,153,252.324209
240.811987,909,255.295193
261.62063,280,256.083401
119.405112,1000,259.502548
-12.435988,1000,262.494275
253.494694,247,262.806996
241.585977,236,262.934057
269.028819,244,263.081893
-25.114791,1000,264.25045
240.322824,224,264.37513
-8.87004,96,264.626518
257.90652,920,267.514116
254.132103,282,268.29205
261.405902,177,268.754337
-17.939444,83,268.96421
211.546331,566,270.610004
-52.264039,81,270.817141
35.893285,100,271.067944
261.726187,740,273.17262
228.316388,332,274.090482
278.197261,168,274.528706
65.270586,140,274.890884
128.687743,1000,277.909702
-39.272262,86,278.126108
-65.860873,94,278.365022
274.854939,518,280.007997
1.372328,83,280.223393
266.9538,213,280.784801
-10.16376,90,281.026156
263.95574,511,282.442168
267.032242,145,282.826223
45.928427,105,283.100257
-48.785852,101,283.364103
-205.113065,193,283.892071
33.879339,149,284.29236
5.111565,76,284.492181
29.599281,110,284.783505
271.640844,205,285.340602
-2.489345,82,285.556634
-3.237703,78,285.754319
-18.527982,69,285.926032
263.368666,295,286.712723
35.861248,94,286.953654
-11.287402,87,287.183596
134.85742,1000,290.260056
-3.558493,93,290.51932
-6.618,94,290.774523
-197.388756,429,291.968937
7.569053,92,292.202804
0.52313,101,292.463024
-59.685688,66,292.802811
-33.755301,90,292.840137
280.727733,498,293.17912
-64.097256,66,293.205365
257.980531,223,293.315793
-14.307303,132,293.674371
240.157226,991,296.572998
49.206782,167,297.022576
244.366423,745,299.291238
266.88396,342,300.234082
139.451575,1000,303.178062
256.612854,580,304.840569
6.697032,165,305.263977
-195.096079,406,306.414355
123.382934,1000,309.60081
250.134382,248,310.282485
11.848561,111,310.576714
-296.123213,433,311.785789
-20.761922,99,312.037547
232.396549,273,312.785456
262.867142,215,313.359168
284.112207,822,315.682512
168.136874,522,317.201802
-13.946413,114,317.491784
294.575705,251,318.145053
253.595141,276,318.872093
174.412886,1000,321.948922
108.764642,1000,323.237752
118.936701,1000,324.406547
134.724296,1000,325.590069
203.799,441,325.951069
106.634553,1000,327.068844
259.399278,353,328.067707
-734.406045,73,328.249707
258.173268,214,328.810658
277.193008,508,330.246118
182.330405,237,330.88177
21.661709,154,331.29154
-5.579663,104,331.566988
227.395987,946,334.624637
-2.645102,91,334.864198
275.963773,201,335.393447
283.32673,226,335.982136
41.376317,211,336.546264
244.573082,173,336.991682
264.05756,288,337.77347
58.66541,137,338.128678
-96.541016,288,338.912276
-18.29723,88,339.131772
249.250921,198,339.650205
244.408058,660,341.605095
257.314979,274,342.349421
276.792055,209,342.906901
256.23516,235,343.55558
114.568816,1000,346.779824
27.638982,137,347.136781
198.537891,751,349.374487
9.902611,105,349.645763
202.465701,413,350.778775
6.446288,110,351.061145
-8.875585,96,351.300822
-15.767529,168,351.743282
298.366827,181,352.223502
28.666296,165,352.647518
-52.892762,80,352.847156
163.729032,620,354.566987
11.354278,87,354.789785
16.533988,118,355.107501
212.454419,394,355.659431
198.278987,244,355.797799
252.962848,179,355.890272
236.422653,203,355.993797
14.524819,182,356.087497
32.220841,108,356.373504
-34.55083,86,356.593011
-185.260157,368,357.622386
247.419576,332,358.552627
258.34205,707,360.715398
259.377081,306,361.550572
1.297156,99,361.803859
-87.963632,371,362.816016
249.857452,471,364.139952
135.568722,1000,367.154568
231.366777,864,369.792567
281.935367,329,370.741322
152.991831,1000,373.906325
237.365893,242,374.567817
54.647406,97,374.82052
270.772475,686,376.876354
273.974562,298,377.69187
247.272774,613,379.435389
9.589106,102,379.701826
35.586514,122,380.021474
-37.002799,156,380.441314
9.861596,260,381.148817
26.546676,218,381.749864
-45.291546,113,382.045638
208.417115,983,385.087973
229.180767,316,385.468437
-193.740283,353,385.699682
199.268461,272,385.872627
162.686813,1000,386.719223
-114.496122,499,387.123827
-34.678512,79,387.341333
287.336344,276,388.113696
43.314498,150,388.504442
34.338658,93,388.752388
55.613612,91,388.98833
8.581326,133,389.335443
-0.325565,171,389.792522
261.79743,192,390.320873
145.370106,1000,393.299863
-4.648667,213,393.860496
-25.237901,173,394.314304
274.827416,411,395.534739
279.606302,462,396.82613
-6.687799,122,397.140691
49.265802,93,397.380165
260.585259,152,397.778173
8.561049,103,398.048308
102.755346,1000,401.326355
4.474299,121,401.643744
7.663623,164,402.066743
-47.287575,211,402.616347
5.478977,130,402.947489
253.10952,258,403.640551
53.942525,86,403.858246
-29.158018,75,404.052824
2.898074,84,404.2675
41.867274,164,404.693481
-21.568184,82,404.901041
27.644726,89,405.126195
-66.541907,81,405.32977
27.421555,101,405.585887
34.185439,138,405.944634
18.108433,117,406.246199
24.933626,108,406.515616
-20.002517,95,406.75272
-310.396624,452,408.071135
242.393251,459,409.379837
-307.0756,322,410.291291
29.589713,93,410.53969
43.036103,81,410.760344
230.944541,638,412.758697
2.672444,102,413.026961
-145.85317,465,414.390593
247.235791,357,415.367034
-125.7595,825,416.334436
126.033867,1000,417.388157
236.90275,334,417.601414
38.910454,109,417.653713
24.488449,174,417.739466
158.108572,890,420.709997
23.327302,83,420.922906
-39.825234,68,421.09481
26.676373,108,421.367586
-17.589497,75,421.560275
246.197427,345,422.539009
-26.891183,149,422.9375
11.16273,71,423.127681
12.25143,95,423.378244
241.012791,543,424.965277
-62.772471,61,425.127509
3.634072,96,425.379839
-23.962669,71,425.568467
18.534265,72,425.758178
-8.899778,136,426.122715
6.27294,103,426.401532
33.664034,79,426.609313
265.809507,818,429.071221
50.766613,94,429.320635
32.268558,79,429.525634
248.758007,315,430.366397
278.655091,206,430.909156
-243.217321,231,431.532338
117.717702,1000,434.684713
-135.852619,318,435.572683
-29.149882,118,435.879351
36.367306,106,436.154954
15.229183,121,436.466435
21.825518,260,437.18712
116.196268,1000,440.248706
256.503889,544,441.794612
-269.684472,281,442.576284
175.106229,801,445.129968
274.411502,336,447.307161
38.782188,72,447.337995
266.999805,213,447.458943
245.98629,239,447.588413
244.356338,183,447.684547
266.944093,363,448.721216
276.222574,304,449.539901
120.986633,1000,452.670645
255.148135,171,453.114191
256.400293,236,453.76638
-40.917569,102,454.024914
22.228635,91,454.253139
252.635535,385,455.34902
242.962916,299,456.228326
280.587869,302,457.04915
-37.470418,106,457.321391
274.409691,289,458.134555
247.104116,205,458.685543
288.339611,462,459.960083
42.694572,135,460.316346
254.499669,179,460.796985
-7.351079,78,460.998244
244.504495,778,463.316427
296.676878,434,464.501423
265.043978,362,465.56004
242.15011,691,467.708029
20.684612,106,467.988653
136.094135,1000,471.049947
271.549784,165,471.503942
2.188098,95,471.765767
281.923496,392,472.905728
280.235966,338,473.898993
50.983325,121,474.220292
241.842781,393,475.378371
304.36534,307,476.199705
-18.51808,102,476.526033
229.862036,532,476.849116
317.313448,200,476.962233
220.01818,510,477.359951
231.521892,308,477.544487
-13.074937,79,477.761621
304.885704,232,478.403174
259.851508,379,479.473872
12.556835,85,479.70814
-34.155353,107,479.998873
35.902325,81,480.221285
268.197819,178,480.713035
278.261388,173,481.183907
276.22916,621,483.030086
32.668077,73,483.229953
43.984357,83,483.450257
-217.688716,259,484.193138
42.401693,86,484.41908
-44.375059,88,484.661588
33.160079,83,484.880755
40.354141,83,485.094574
17.927742,133,485.440246
20.686191,72,485.626253
-19.308903,126,485.958129
301.064347,210,486.517961
253.449277,211,487.090856
250.176403,301,487.939915
-2.401286,98,488.204859
305.936419,309,489.064579
260.853144,214,489.657576
313.72426,249,490.362571
64.9178,167,490.820837
21.356623,86,491.043109
260.926899,392,492.198118
-155.595702,146,492.597698
25.207306,97,492.863383
240.810987,294,493.692313
-132.640689,232,494.358243
293.478507,279,495.148934
-1.93221,93,495.396886
237.894709,336,496.362607
127.715963,1000,499.743858
28.048439,86,499.973839
289.651208,444,501.281456
167.597356,1000,504.129107
-395.394351,437,505.372296
247.682883,272,506.107258
235.680519,337,506.400246
264.556665,280,506.576266
286.80034,234,506.686303
246.944549,322,506.892311
227.040212,398,507.145674
-182.792234,199,507.695024
-94.971875,318,508.588698
-0.147126,109,508.88083
-9.046845,110,509.171187
288.841742,160,509.604527
293.976274,269,510.353209
13.40331,172,510.809894
64.783687,80,511.019089
278.700489,221,511.615813
284.349514,410,512.780259
261.754778,207,513.322482
26.128118,118,513.624675
251.18469,180,514.10462
240.176288,320,515.0051
15.141078,84,515.220707
267.721807,226,515.843773
295.282358,502,517.256159
249.366231,265,517.964752
22.229438,94,518.205796
290.193713,273,518.947124
274.006083,376,519.964543
247.027543,266,520.671027
58.550657,82,520.883057
2.890849,107,521.157797
45.251256,118,521.460299
236.262392,332,522.368258
-45.682366,154,522.775664
280.438118,310,523.613989
25.613435,94,523.855068
232.708558,599,525.627773
12.652031,106,525.912458
27.071108,99,526.186741
-3.765934,67,526.369092
8.064802,105,526.662914
257.87196,617,528.593238
262.4419,584,530.239027
7.85215,145,530.629379
-2.11617,91,530.869175
35.324197,167,531.314625
12.18111,89,531.567129
-37.1624,137,531.940617
-8.596463,104,532.213214
49.803113,98,532.474943
26.146931,91,532.705857
55.19768,73,532.889008
6.036582,76,533.078219
8.193956,77,533.270513
32.665758,121,533.586974
261.25084,354,534.990872
-75.784126,121,535.048399
271.711817,485,535.405409
1.633405,156,535.489516
0.403077,76,535.525727
34.660802,114,535.83584
245.319118,372,536.923208
22.084881,88,537.147143
32.812656,81,537.34842
40.825452,79,537.550053
20.108972,126,537.869523
13.056861,112,538.15225
-3.401204,117,538.450247
28.1103,106,538.72358
169.079865,507,540.215246
256.363879,532,541.775635
291.00713,136,542.136685
11.973911,81,542.351182
-15.368604,91,542.592398
5.025183,195,543.120837
3.29441,89,543.355702
34.26584,116,543.666681
20.374916,77,543.868618
288.558385,293,544.678894
33.361948,112,544.973894
-2.91253,83,545.193411
-7.450926,112,545.497004
6.164845,104,545.773126
260.211473,315,546.666689
239.059842,180,547.168167
51.230044,125,547.503227
241.535776,506,549.022599
276.903929,425,550.265001
24.380521,102,550.535641
279.655968,238,551.162961
-38.034669,69,551.340442
291.578732,184,551.837053
314.450172,239,552.495825
278.140085,286,553.290765
21.516944,77,553.490254
292.866254,299,554.302202
235.415867,284,555.09472
22.599179,104,555.367987
254.398029,359,556.408722
266.678532,167,556.842074
253.825771,333,557.747354
-4.043186,223,558.34324
23.56813,116,558.641998
-29.091254,207,559.196247
-21.031741,87,559.423102
0.840299,96,559.673678
254.813661,339,560.67599
277.627903,210,561.248425
261.824811,299,562.058527
28.654464,128,562.408389
18.96292,131,562.749285
-39.049428,89,562.978418
260.066056,263,563.291914
233.309194,199,563.38849
26.962806,151,563.458598
254.036552,632,563.966502
289.729306,184,564.06178
37.860939,118,564.387414
287.131393,388,565.559752
257.382631,266,566.310686
28.037158,111,566.608176
277.195536,269,567.359455
239.197932,186,567.87239
34.662636,133,568.226261
278.245635,174,568.699196
2.369933,107,568.972687
26.428104,137,569.331918
11.946421,148,569.725902
31.874893,100,569.995441
58.738226,133,570.352873
27.725048,132,570.713324
-2.396318,88,570.946041
-8.799418,71,571.132427
299.931922,295,571.949935
-164.951058,128,572.278406
256.211183,213,572.840062
45.398477,150,573.23195
276.10724,330,574.173392
279.997556,666,576.206219
270.678873,320,577.102827
203.575509,174,577.567004
-5.707955,119,577.883675
-105.465706,149,578.283118
29.232296,102,578.555582
10.975048,138,578.937428
-24.278565,117,579.25236
295.159732,350,580.231013
244.257286,895,583.032775
7.747968,100,583.294909
31.954951,95,583.540522
313.447751,241,584.2075
-58.998014,135,584.56678
3.167025,114,584.874853
286.722126,228,585.514419
-8.147247,109,585.804502
281.146579,247,586.487489
232.868741,744,588.611561
10.984723,95,588.86693
-45.917817,92,589.111978
255.591638,255,589.817571
18.074533,98,590.069447
11.420245,107,590.343434
280.476242,551,591.966657
22.368614,123,592.22896
57.048979,95,592.273734
176.430682,1000,593.227185
151.689778,1000,594.330856
128.04213,1000,595.26722
33.174872,104,595.553571
283.875695,238,596.214889
-138.808158,140,596.576723
310.806383,846,599.174193
27.010918,105,599.447658
214.902689,317,600.309408
258.273427,180,600.774104
5.779004,184,601.256297
256.855079,227,601.889177
307.153703,330,602.816989
234.961316,273,603.558928
248.773748,364,604.553123
5.754602,98,604.802566
306.655736,306,605.638662
49.557016,93,605.878429
48.279069,80,606.086425
60.652284,77,606.282814
289.243446,343,607.223113
267.458902,273,607.970256
262.383634,265,608.708506
30.998733,113,609.00636
-32.64102,92,609.240832
-3.540479,104,609.513086
-206.561082,287,610.344469
220.697559,351,611.343463
303.188497,255,612.062862
170.27781,1000,615.155503
-15.132765,95,615.40608
-17.527692,92,615.641345
15.571131,88,615.874568
275.153651,184,616.361529
-8.991126,109,616.640589
287.37454,259,617.331072
20.866647,116,617.641832
35.295692,97,617.898714
7.718439,110,618.192268
-9.672838,77,618.397484
304.414769,264,619.131659
14.6782,164,619.574101
251.367069,334,620.508739
270.583571,255,621.198804
22.941213,104,621.475029
38.928856,132,621.8183
272.366586,367,622.866888
33.644675,91,623.188425
-157.137666,236,623.311604
201.672373,1000,624.05486
-4.843507,113,624.104544
10.79284,103,624.145785
19.833949,88,624.379789
292.043415,344,625.380049
17.303083,130,625.72376
-4.793525,113,626.026185
-74.933926,88,626.25362
28.873606,94,626.497242
287.00434,404,627.640024
53.186667,84,627.862986
49.757885,119,628.186
244.832126,226,628.806288
311.614178,567,630.462142
31.539592,88,630.695276
43.573592,82,630.913769
-0.167859,101,631.175826
32.181249,94,631.419618
19.477212,83,631.633239
248.289388,305,632.448035
10.523074,130,632.787047
2.58683,92,633.021861
11.32614,123,633.331998
37.658619,91,633.564872
259.257744,297,634.359942
229.894256,619,636.303587
183.749792,327,637.226736
41.523048,93,637.46633
292.238504,215,638.04006
296.521955,213,638.615555
172.891402,1000,641.735516
279.439154,328,642.606215
22.917269,95,642.836064
16.908544,90,643.053053
297.163052,381,644.119483
-39.752622,139,644.478799
18.670342,118,644.776218
14.767121,99,645.027386
25.912865,63,645.187264
-3.297036,132,645.551144
250.75005,180,646.044631
296.084569,230,646.675537
37.34906,124,646.995178
34.307298,128,647.337272
31.228152,87,647.562674
274.702525,221,648.151814
56.049775,161,648.574657
71.13473,88,648.804131
270.62403,274,649.558287
290.802366,288,650.362746
-11.618393,118,650.677475
272.639748,213,651.263085
10.369219,100,651.535324
275.766704,212,652.010005
279.210712,237,652.140335
278.54784,167,652.219664
4.618908,120,652.276304
278.593301,226,652.391542
44.50942,91,652.643127
289.894237,249,653.331271
5.50655,129,653.676695
24.255675,83,653.902444
179.213506,720,656.153071
31.317652,93,656.397177
268.725155,337,657.319586
-10.41652,96,657.563617
208.68534,431,658.763519
-142.692272,137,659.120567
14.373007,100,659.375681
-215.389622,92,659.611933
-14.65789,77,659.818273
-195.270094,96,660.071013
271.35719,365,661.083712
37.610721,77,661.280082
47.281769,99,661.544643
34.30241,110,661.822134
280.027655,186,662.298299
295.18603,304,663.12776
35.573121,91,663.360034
23.007263,91,663.594173
6.714771,92,663.828222
0.79238,99,664.075385
17.463425,89,664.296816
-37.159623,85,664.516362
-24.291264,114,664.819305
-215.21741,379,665.925755
35.653984,82,666.148079
-15.786484,96,666.420409
279.088194,268,667.13223
286.646656,317,668.009656
13.163634,98,668.261637
288.737305,303,669.074327
23.693923,106,669.357389
9.454305,99,669.611051
-45.098064,106,669.890348
259.332446,319,670.802958
42.429341,92,671.044919
225.407964,307,671.927308
22.287729,107,672.204927
-2.60034,105,672.477589
-4.386496,113,672.772592
44.792758,113,673.078278
294.369174,881,675.713225
34.076928,102,675.981291
30.436301,121,676.295957
42.60337,134,676.643997
280.693311,231,677.286741
273.462415,778,679.796186
55.342769,206,680.359571
267.348027,151,680.444378
-111.952235,309,680.637041
259.961365,194,680.727473
248.824323,223,680.849232
277.219881,207,680.956295
-273.025846,198,681.496801
2.786292,114,681.787616
29.863125,114,682.078607
261.963622,255,682.759189
274.611521,436,684.080507
242.224125,194,684.609863
283.315459,226,685.25185
3.47584,92,685.498373
-4.882868,115,685.811648
287.883119,320,686.743466
43.516932,132,687.094291
275.115734,257,687.820242
-37.290976,128,688.165033
51.35442,86,688.394185
-48.909873,105,688.673265
-19.676526,95,688.940772
48.390301,94,689.19227
292.236289,361,690.262677
2.347491,105,690.545494
-5.793736,68,690.724052
11.989934,127,691.064102
23.199541,89,691.29696
35.185351,131,691.64941
-0.748237,98,691.910635
-31.050688,98,692.173693
-14.26146,128,692.521541
-65.17222,94,692.77598
259.523649,171,693.240952
48.188083,91,693.488996
-13.060746,127,693.835499
25.212783,93,694.081422
44.215761,75,694.28273
-0.664963,104,694.552211
16.567918,103,694.820511
285.724376,241,695.483783
11.839104,110,695.778463
-37.089742,71,695.9672
270.226843,478,697.390476
290.500828,196,697.907686
54.770678,120,698.211027
268.42068,249,698.855184
268.670806,513,700.324347
12.176825,100,700.585713
16.86277,81,700.799577
272.387821,431,702.153873
-153.553407,92,702.393896
47.571281,121,702.719734
34.248427,127,703.053246
33.484348,120,703.368311
-1.928196,104,703.625015
18.644081,114,703.9118
21.772768,86,704.130094
16.875275,124,704.456875
291.420066,365,705.506263
43.360299,97,705.762022
15.138897,99,706.037816
34.323174,83,706.26581
276.345379,801,708.770341
-6.529862,126,708.970142
139.175063,1000,709.86898
315.078726,192,709.965421
161.778236,1000,710.843674
1.482213,122,710.899726
265.133971,742,713.147937
-6.949151,112,713.452845
-154.780474,317,714.392089
23.081358,132,714.757334
61.184321,106,715.049616
3.018383,111,715.351761
21.974479,90,715.599557
-33.621228,131,715.971271
271.264393,664,718.062424
43.123117,110,718.374854
284.516096,265,719.122166
269.016953,378,720.256773
291.991467,164,720.704917
51.252957,126,721.045165
33.09659,86,721.279148
145.733267,541,722.947487
14.506589,99,723.21278
-311.999325,125,723.554676
291.986973,409,724.713866
-11.390886,87,724.94072
285.809104,608,726.779189
34.48103,81,726.991604
245.94675,371,728.070628
239.814083,220,728.686258
19.404203,97,728.936351
64.034797,94,729.184741
-0.099934,77,729.382957
46.019812,127,729.717331
1.625094,122,730.050849
-11.972056,93,730.290118
272.362383,249,730.974375
17.466019,110,731.262943
250.992607,285,732.057285
45.12642,76,732.256554
194.735515,404,733.38984
271.955253,252,734.083791
24.343466,110,734.368912
-25.131492,83,734.581322
293.568991,355,735.58853
300.164259,351,736.594948
288.17311,664,738.564131
-3.049379,109,738.838063
65.024041,144,739.209619
-30.447295,93,739.443437
-42.017651,159,739.597139
275.883885,265,739.734371
266.052734,447,740.095991
257.756265,262,740.242461
129.529061,1000,740.916507
33.310406,112,741.22506
19.288212,105,741.493221
246.472383,209,742.048872
39.100045,110,742.336089
269.112098,252,743.046252
263.046837,224,743.652812
15.626494,85,743.879956
16.089151,79,744.090589
264.170829,274,744.836703
222.754164,618,746.591126
35.158873,99,746.845754
292.750816,241,747.509594
-11.747387,94,747.761782
36.737456,143,748.127759
265.7786,203,748.654801
290.103655,278,749.407162
11.950586,110,749.689119
237.157745,548,751.320443
141.07729,1000,754.473566
-18.562016,93,754.72515
22.241131,81,754.950121
27.725003,85,755.177542
-9.539815,117,755.492486
40.15611,73,755.689285
1.847913,86,755.923357
284.260293,270,756.690814
-57.613008,57,756.850118
267.52722,307,757.756835
251.685875,668,759.919735
254.163008,214,760.511359
284.788789,751,762.985144
2.676916,121,763.321
236.185045,412,764.600511
-10.287044,85,764.822654
15.825554,125,765.153266
233.971198,199,765.708644
260.431729,200,766.226963
252.90792,406,767.432669
256.213982,774,769.612289
31.52111,89,769.848509
256.839632,369,770.152483
277.864772,187,770.250533
277.736584,175,770.341033
302.412085,183,770.436021
240.364476,418,770.777263
245.67432,305,771.616715
282.117614,213,772.177958
260.478057,459,773.504782
286.981334,541,775.151411
271.825412,201,775.702693
8.599492,90,775.94072
59.683093,90,776.176826
252.003221,197,776.714177
31.456649,101,776.983797
243.48785,473,778.364466
-14.147593,103,778.636329
263.249962,340,779.595814
54.129282,85,779.815693
16.187434,89,780.048253
35.815225,78,780.256286
41.221698,82,780.471686
28.513801,92,780.710136
120.912496,1000,784.211185
165.227846,1000,787.593898
283.424715,272,788.335005
3.799004,131,788.673254
259.25326,263,789.367331
39.169472,111,789.656665
35.532818,83,789.861318
19.952798,140,790.21543
239.692375,630,792.033568
256.104498,474,793.436452
24.502381,106,793.702913
243.237733,607,795.761724
79.109596,139,796.129683
272.844818,253,796.807465
222.59967,600,798.764292
27.926176,81,798.979472
288.104671,163,799.415856
41.111227,126,799.749291
-11.755371,87,799.976927
8.533793,102,800.247866
272.35418,158,800.58227
219.270799,423,800.959598
34.245742,83,800.999897
216.532696,277,801.186426
65.394111,80,801.225131
30.281147,110,801.530397
257.336174,273,802.297297
40.932649,87,802.545259
-9.768329,106,802.841475
279.857609,207,803.431512
306.531028,235,804.128081
288.758453,306,805.014182
31.684289,87,805.263163
-16.083821,115,805.589771
31.541363,82,805.817488
294.664501,384,806.964395
-6.106744,82,807.182114
39.380566,107,807.459027
230.433042,896,810.459864
11.42931,122,810.778457
1.192744,91,811.010576
266.192593,202,811.538145
5.824706,104,811.816688
148.494967,1000,815.012644
35.954823,150,815.39934
-3.010738,77,815.606222
229.351868,505,817.078761
224.807586,753,819.474215
270.103579,366,820.461082
287.567922,220,821.055091
276.05791,164,821.491522
265.039273,400,822.60989
-6.290505,106,822.886464
-18.63166,95,823.133547
235.297548,735,825.391183
36.214069,126,825.722952
-17.011772,80,825.927891
259.951808,207,826.468306
294.136498,531,828.013054
1.225053,97,828.274421
292.487014,284,829.064523
270.08909,203,829.631972
295.535377,249,830.60155
262.719778,305,830.783778
255.110072,278,830.949162
265.785029,248,831.092038
255.694127,287,831.263601
60.434854,1000,834.510464
43.595895,83,834.732438
251.73742,347,835.713033
256.118564,401,836.795131
252.134714,263,837.525958
272.945685,213,838.093196
43.642536,118,838.397382
321.811483,278,839.15686
249.852761,166,839.586507
1.043358,100,839.845823
280.741221,463,841.166331
316.103752,355,842.167449
303.609725,283,842.963649
24.48795,98,843.224218
309.887263,280,844.015395
271.949106,170,844.485846
5.25256,82,844.709252
284.80043,337,845.645528
270.2425,466,846.991985
-30.568644,124,847.322793
289.187033,260,848.020889
298.88492,356,848.998445
290.759676,537,850.479223
31.722422,96,850.724051
23.355863,95,850.968055
46.626435,85,851.186422
246.793203,361,852.156688
245.847554,172,852.607434
287.948485,299,853.387706
39.215709,110,853.667103
275.892043,240,854.320641
11.623694,130,854.667325
11.952913,109,854.962876
144.260832,1000,858.283941
29.731279,90,858.526676
24.717535,102,858.781265
39.729039,126,859.096997
299.530872,209,859.744546
287.554572,247,859.871943
228.47632,205,859.973572
281.258389,174,860.054133
283.987631,227,860.177087
22.35373,107,860.472338
260.784386,138,860.831597
247.166667,196,861.356291
8.14514,87,861.589721
31.491122,87,861.81681
8.876254,87,862.040816
284.637663,235,862.676014
5.305625,104,862.950215
254.944178,353,864.008909
269.765071,206,864.563451
49.851167,78,864.771905
271.219435,415,865.943197
33.132071,102,866.209882
258.791646,283,867.000199
287.870579,250,867.690971
18.70718,100,867.956396
30.116206,128,868.291934
260.878397,210,868.85345
42.767705,90,869.082617
267.571835,278,869.854206
46.64,127,870.193164
288.321544,239,870.845631
-30.496499,116,871.148248
39.403695,152,871.558445
299.512439,313,872.426312
50.697064,98,872.690498
267.477296,263,873.415403
-2.209777,87,873.648676
294.954388,218,874.243017
274.209974,193,874.754416
316.523397,487,876.058398
260.870482,194,876.577159
34.895205,96,876.829007
27.868384,102,877.093822
-2.545411,122,877.410477
187.168234,434,878.592044
43.865757,106,878.870437
295.522726,258,879.559172
270.757231,724,881.629332
270.604454,242,882.266469
52.493418,108,882.548613
293.679661,280,883.311728
56.387836,172,883.75306
274.712059,227,884.330381
253.09245,348,885.286128
274.287992,267,885.978208
256.204084,188,886.459303
285.941132,169,887.378244
63.662247,78,887.413575
257.401588,176,887.496002
262.531342,172,887.574671
266.177399,146,887.642471
13.128624,139,888.011296
51.938713,86,888.231663
262.021201,243,888.8652
36.688747,118,889.164258
36.106141,113,889.449129
260.278696,932,892.36862
285.554308,276,893.095523
264.59344,256,893.772985
271.269122,373,894.820591
56.086454,77,895.024021
284.416017,282,895.796349
-126.824276,95,896.04406
262.182421,236,896.671294
-12.988496,112,896.965594
269.265801,454,898.318785
7.730401,103,898.583459
2.757238,135,898.940766
28.447329,117,899.252263
290.34055,240,899.894718
291.434001,590,901.569177
32.457068,139,901.921648
273.428515,202,902.443374
282.963748,266,903.150654
285.511869,190,903.633239
260.138752,326,904.562387
2.607663,108,904.850677
268.215025,572,906.542823
44.806015,113,906.837023
31.126037,133,907.187329
38.213125,90,907.415435
266.660884,210,907.973118
268.431249,246,908.623439
264.469052,516,910.11946
46.827178,125,910.449711
255.030716,234,911.086062
280.45649,318,911.945743
237.595457,312,912.784597
239.117328,322,913.684647
55.577195,155,914.100255
51.695459,137,914.453343
280.308448,233,915.092143
274.117556,163,915.365513
303.188002,212,915.474796
252.983992,202,915.576118
290.84011,208,915.682144
289.777977,226,915.804517
45.055106,114,916.107881
44.236645,127,916.444164
107.456949,1000,919.905914
229.763615,265,920.630147
2.351296,74,920.818177
41.536731,119,921.120051
-195.218857,328,922.015856
286.683466,207,922.553058
-27.091837,249,923.220146
54.706684,146,923.595902
298.616069,232,924.218907
50.242751,90,924.442744
246.04377,412,925.630104
4.600469,97,925.875865
255.769866,258,926.570019
278.101665,284,927.327181
11.833112,91,927.562229
31.432808,106,927.838201
279.251406,659,929.717066
12.98599,95,929.954032
49.031369,118,930.257447
249.783204,155,930.660136
37.403495,101,930.919451
303.027199,311,931.780625
35.295041,96,932.047548
304.03651,493,933.497434
40.782275,137,933.856745
35.097063,130,934.207899
12.155586,95,934.455601
44.664567,138,934.821728
48.439603,84,935.039437
62.131518,126,935.368848
24.451423,102,935.632643
53.514477,129,935.971417
33.117514,89,936.200446
309.610244,247,936.858619
27.586146,111,937.155387
216.140791,534,938.673677
117.237324,1000,941.883286
7.006599,110,942.172182
50.622552,107,942.449028
-2.245474,86,942.675771
47.578566,145,943.046972
288.465135,222,943.653562
44.838882,106,943.937982
288.016646,372,944.400845
43.402609,120,944.453544
260.384757,820,945.129527
297.900022,214,945.231865
302.161956,225,945.348231
27.549654,83,945.575309
23.985169,138,945.945159
3.456562,83,946.163949
84.081253,92,946.410439
44.770223,122,946.731987
-28.936948,423,947.941126
25.22265,90,948.187047
45.088511,95,948.444762
273.948875,371,949.505295
4.988671,78,949.709358
246.210187,549,951.3963
293.611687,437,952.617564
18.506662,78,952.82109
-7.746292,103,953.088613
10.912168,102,953.357772
286.164323,223,953.978547
273.206647,234,954.618307
49.787161,103,954.888234
279.965442,246,955.546254
255.203567,829,957.894248
66.922176,89,958.126876
0.392987,154,958.529696
313.528096,371,959.544698
265.647052,204,960.084911
-206.522298,176,960.551037
3.069754,102,960.816474
296.818758,409,961.982418
33.004197,110,962.2758
282.512408,672,964.295189
251.619697,350,965.268764
-9.887788,96,965.529682
-155.37848,207,966.123754
20.424981,87,966.36449
13.503115,77,966.571388
-5.933319,98,966.838505
3.08786,75,967.034275
267.473884,623,968.860332
-9.250464,101,969.125061
0.098472,101,969.389841
-17.833678,92,969.633468
302.829961,662,971.542337
-7.443476,96,971.790241
-1.698076,96,972.040918
5.837338,105,972.315299
-8.465573,83,972.533966
255.81051,252,973.483014
13.790231,193,973.588995
258.635633,365,973.857463
44.895701,116,973.911798
19.567454,111,973.96345
3.087356,140,974.338879
3.082031,127,974.672664
-18.057499,74,974.861775
59.248254,145,975.233741
4.682155,96,975.482412
261.83254,271,976.22291
23.623791,98,976.486763
-9.675121,72,976.670801
-19.839936,77,976.865608
56.004472,130,977.198319
290.355107,211,977.77519
1.0922,88,978.001052
-0.866497,123,978.313891
-402.407976,233,978.942892
7.186992,77,979.138695
78.432753,94,979.38098
12.118119,95,979.626324
72.957883,140,979.997068
37.048187,150,980.391002
-14.572491,72,980.569335
316.524617,282,981.35509
264.710222,194,981.863347
1.999352,121,982.179069
270.052877,301,982.977682
12.339593,99,983.227987
273.523532,303,984.064732
-40.500726,75,984.257349
-0.012968,105,984.524198
-34.667031,85,984.740623
-0.234632,88,984.964772
56.580697,95,985.205652
286.992283,362,986.21014
10.394512,102,986.470306
7.241232,96,986.719085
32.870438,75,986.908904
247.930115,272,987.642513
290.83836,309,988.482959
51.083243,78,988.684947
-20.467618,91,988.920887
32.275954,111,989.209466
57.278744,79,989.41171
55.394458,123,989.730616
281.270052,480,991.069833
284.094661,295,991.911835
280.303845,289,992.738086
32.096249,111,993.033921
298.459128,326,993.95459
293.791901,331,994.865937
-38.957529,113,995.167555
-23.512196,95,995.416043
27.003218,83,995.634012
16.263069,114,995.936961
47.432537,123,996.256467
294.925063,357,997.283127
-9.330485,88,997.508854
-68.538942,119,997.821176
296.602945,508,999.282468
250.560182,379,1000.33236
-23.074997,82,1000.545884
-26.73532,102,1000.82033
209.206247,314,1001.114387
15.929293,127,1001.172903
255.601145,243,1001.322451
280.121492,286,1001.484912
135.287079,522,1001.929094
-4.324345,92,1002.178395
-4.423593,179,1002.660593
284.657484,258,1003.337952
24.651789,108,1003.631046
45.75653,137,1004.00023
16.176892,96,1004.252859
135.237359,1000,1007.301879
204.816999,521,1008.814011
292.416069,299,1009.660278
298.914443,487,1011.087682
149.294974,1000,1014.1067
281.524792,252,1014.782973
-8.336172,66,1014.954613
19.148136,77,1015.154445
309.77758,240,1015.783465
28.101083,102,1016.038626
285.588103,356,1017.009052
21.092542,110,1017.288819
35.794564,85,1017.507185
-2.630394,83,1017.721206
-8.098278,74,1017.910093
7.377005,79,1018.114479
-32.24246,87,1018.336997
52.458611,87,1018.56407
21.147663,94,1018.812169
264.210926,254,1019.514039
68.899552,76,1019.713585
-50.776637,105,1019.993971
-27.123933,85,1020.208813
-43.574493,126,1020.540583
14.502679,86,1020.76949
239.291906,177,1021.251603
293.111523,499,1022.710781
14.222324,112,1023.004389
278.71333,218,1023.594198
5.387414,89,1023.832386
283.647048,234,1024.489583
45.217536,90,1024.72895
295.286197,172,1025.197214
-9.013924,89,1025.434081
-12.064045,91,1025.677854
0.676839,98,1025.952638
255.391595,243,1026.608827
251.895477,354,1027.616638
-36.466454,90,1027.853911
32.625017,81,1028.067435
18.831786,95,1028.318069
6.664267,82,1028.535293
282.440503,390,1029.630304
-33.0256,67,1029.806261
275.925101,220,1030.000258
40.978169,115,1030.049286
270.316498,175,1030.135562
-19.871148,76,1030.168658
292.303847,182,1030.253488
40.489949,78,1030.463198
6.013042,80,1030.666153
11.677286,122,1030.9804
-47.987206,80,1031.185078
-16.738428,68,1031.361027
285.685507,342,1032.305313
250.220889,368,1033.326064
308.025179,211,1033.906789
-157.05486,109,1034.186037
-3.333915,131,1034.523433
28.566272,99,1034.776214
-42.93218,65,1034.941592
253.134311,241,1035.598222
278.673188,245,1036.245494
9.716203,115,1036.552187
261.319984,676,1038.537203
2.0426,104,1038.811802
230.853494,435,1040.12247
-6.453181,126,1040.459786
7.523736,103,1040.738491
-7.834167,67,1040.915006
-37.384195,95,1041.171455
274.226917,435,1042.486192
-7.113925,70,1042.669762
258.531754,266,1043.395145
240.682898,200,1043.943609
270.460264,515,1045.525568
12.20231,80,1045.737995
47.860516,95,1045.993023
6.462369,77,1046.200374
38.19328,87,1046.436197
-25.472363,72,1046.62464
285.316341,317,1047.530455
35.192708,84,1047.755044
283.275889,334,1048.718437
-16.279494,116,1049.032826
1.782738,88,1049.265457
40.651278,82,1049.481813
251.342457,254,1050.184908
278.82244,597,1051.841408
44.485188,107,1052.123647
310.218425,228,1052.747756
289.556766,266,1053.493537
255.783634,297,1054.330812
-8.102293,81,1054.544981
262.233727,216,1055.134891
259.099369,211,1055.711159
38.401976,134,1056.06964
274.442486,347,1057.020372
51.568013,92,1057.254672
33.178851,107,1057.537858
271.938611,185,1058.025627
282.507219,895,1058.902479
-10.310437,99,1058.954828
281.282347,171,1059.042873
252.5445,202,1059.147578
173.444874,1000,1060.315674
304.927387,214,1060.907312
288.425144,425,1062.147137
277.784911,185,1062.643225
256.837867,184,1063.134436
266.783776,245,1063.791312
294.302596,185,1064.27956
285.83992,422,1065.505017
286.117607,252,1066.199325
305.851995,458,1067.473613
12.613225,117,1067.778882
294.317431,197,1068.307429
269.720573,217,1068.897372
20.843549,108,1069.185545
259.061,350,1070.17618
26.630253,100,1070.439874
246.027931,244,1071.086905
271.72034,196,1071.608159
-15.235718,90,1071.846306
33.263596,93,1072.084764
10.418652,89,1072.306802
-22.346694,76,1072.51072
-118.466155,87,1072.742002
282.450352,513,1074.231769
234.190272,299,1075.046242
251.746081,405,1076.197865
256.232712,229,1076.804335
303.259675,268,1077.541609
273.351632,282,1078.325568
154.792753,1000,1081.334203
256.244612,281,1082.126766
250.00365,494,1083.59226
13.982018,79,1083.806018
254.755103,443,1085.092063
251.879961,482,1086.453969
257.529936,288,1087.248771
245.989575,936,1089.619419
139.357288,1000,1090.456398
-158.010693,127,1090.519063
286.448049,485,1090.875084
126.844691,1000,1091.984592
259.738714,242,1092.674539
-12.922215,106,1092.95267
2.271585,119,1093.267567
3.199825,91,1093.503447
239.364734,248,1094.173049
279.201409,291,1094.984894
-42.957244,85,1095.20359
167.100929,1000,1098.436142
50.150506,101,1098.699095
263.392103,451,1100.118918
126.202719,1000,1103.53003
15.565992,92,1103.774096
-29.893064,106,1104.058512
185.277322,1000,1107.30348
33.145704,81,1107.512893
262.051102,288,1108.298215
-27.215682,87,1108.523342
11.048578,97,1108.772884
-27.769049,103,1109.06589
-166.312446,159,1109.489548
27.104488,113,1109.784188
-0.13652,117,1110.093943
-17.471858,97,1110.343897
7.016105,107,1110.621558
308.482712,240,1111.267155
26.910547,114,1111.562638
148.059566,1000,1114.853243
-27.116949,91,1115.098161
260.619797,493,1116.57657
295.227214,256,1117.285971
281.584747,444,1118.658951
256.368379,494,1120.169377
291.002256,221,1120.777671
15.350529,110,1121.062825
293.398727,327,1121.991131
233.556911,217,1122.177616
258.467019,247,1122.301234
198.808034,1000,1123.236925
239.309768,220,1123.340295
180.749664,1000,1124.161579
288.672605,197,1124.710547
273.528392,342,1125.682182
243.610997,736,1127.842032
8.894241,99,1128.096469
44.555369,98,1128.349146
271.64964,452,1129.657954
253.937796,302,1130.512476
282.556787,364,1131.496446
286.865765,303,1132.336781
275.858899,718,1134.494133
20.097624,115,1134.78823
233.270597,191,1135.316351
286.140769,893,1137.977072
22.153021,103,1138.249904
-0.012273,136,1138.604411
284.801826,205,1139.144339
268.590961,519,1140.620807
38.618888,113,1140.931802
236.990222,189,1141.451802
66.061986,137,1141.814519
-194.533072,305,1142.700299
32.796234,93,1142.947224
22.249612,112,1143.247487
256.419461,386,1144.377997
239.586046,169,1144.816461
282.226568,342,1145.791849
306.326348,338,1146.724757
287.487996,706,1148.752888
247.32113,425,1149.966197
277.895243,421,1151.170554
67.335334,185,1152.748648
149.425577,1000,1153.705348
152.121795,1000,1154.879576
125.818592,1000,1155.968447
166.901012,1000,1156.910352
274.784718,402,1158.055824
247.127576,206,1158.604419
278.523438,228,1159.206215
261.226013,809,1161.617476
41.835088,112,1161.912991
286.422436,431,1163.215625
291.584796,411,1164.41074
-301.885436,94,1164.658868
255.485604,270,1165.412824
286.74915,208,1165.971179
-6.741624,111,1166.263476
8.574033,114,1166.564608
153.19729,1000,1169.691005
297.874746,314,1170.552761
184.643207,1000,1173.694967
16.76165,102,1173.958484
265.143822,348,1174.910626
259.066588,195,1175.428813
15.314174,69,1175.604918
197.360783,1000,1178.709945
249.609997,322,1179.571818
0.559391,128,1179.904832
62.620372,171,1180.360827
278.953135,401,1181.473201
16.362026,104,1181.746522
230.914837,761,1184.176151
275.844965,202,1184.73689
267.055746,204,1185.29203
134.504785,1000,1187.110316
290.725109,237,1187.241998
29.789195,162,1187.324469
257.922971,166,1187.408484
124.701411,1000,1188.208846
275.492737,206,1188.778772
-10.817864,82,1188.999299
52.314588,85,1189.217913
1.662748,91,1189.451939
276.945413,291,1190.254294
60.309782,98,1190.504615
289.767759,340,1191.447173
259.946326,695,1193.503731
-29.00604,82,1193.720052
38.643905,83,1193.938427
14.019709,87,1194.169188
269.780028,276,1194.912663
302.658926,241,1195.555216
282.080495,352,1196.556624
262.044091,174,1197.007779
14.996561,75,1197.20085
306.937926,277,1197.986566
28.647014,98,1198.248445
254.308764,199,1198.781034
293.096639,256,1199.477801
-1.44456,155,1199.897766
23.524061,105,1200.173709
30.307556,83,1200.397965
291.579321,675,1202.35753
-14.877758,90,1202.594347
22.184087,83,1202.816879
45.419811,164,1203.267624
62.474317,140,1203.650775
68.192093,105,1203.93536
274.920152,233,1204.573068
21.091551,91,1204.819932
278.722144,396,1205.947458
312.376045,318,1206.82475
11.451657,111,1207.117911
12.151345,99,1207.373002
294.712479,207,1207.931737
264.961932,248,1208.614455
33.522965,76,1208.812423
31.065801,82,1209.034055
17.953406,105,1209.30317
198.638767,657,1211.345891
37.919636,92,1211.583559
31.599663,148,1211.984106
53.427921,86,1212.208133
270.738511,140,1212.577998
287.549303,295,1213.413386
314.488588,282,1214.21702
-7.866664,219,1214.841533
181.340713,1000,1216.991536
230.428464,819,1217.659673
246.841062,220,1217.769027
16.43655,182,1217.860815
262.666922,139,1217.924499
12.172677,95,1218.173323
221.531522,668,1220.349749
262.692624,432,1221.581785
29.718789,163,1222.002215
52.559647,100,1222.255766
285.082143,206,1222.791689
45.012043,155,1223.191435
12.255198,113,1223.479974
4.096922,101,1223.735483
256.436622,615,1225.55422
5.494166,105,1225.807863
12.334559,174,1226.273613
157.842069,1000,1229.919406
270.559226,628,1231.802514
42.855661,90,1232.029997
270.725227,281,1232.783316
13.467116,110,1233.065806
59.783608,140,1233.427381
132.210592,1000,1236.55824
254.401003,653,1238.378731
240.865065,403,1239.508813
252.856568,219,1240.079625
218.612544,350,1241.043986
114.759543,1000,1244.476315
227.570804,407,1245.655121
167.434933,1000,1248.98066
46.391456,85,1249.019143
-34.607714,84,1249.056467
136.313666,1000,1250.252043
255.466331,783,1250.90955
-58.911029,76,1251.120997
59.164565,165,1251.571919
297.136615,480,1252.906633
27.182853,69,1253.090959
263.29217,403,1254.186301
25.610312,106,1254.469708
-26.822134,75,1254.654299
0.878342,90,1254.882113
29.118246,85,1255.108841
11.209027,97,1255.363292
-25.808118,102,1255.62357
-7.448021,93,1255.863246
21.224439,120,1256.167922
272.344635,500,1257.653176
-22.660501,68,1257.826684
307.098798,310,1258.67265
30.724329,68,1258.843879
33.782838,113,1259.148185
263.320757,306,1259.957669
-141.925322,82,1260.170824
24.545546,72,1260.351919
39.280347,68,1260.523123
265.677032,196,1261.037661
24.643896,91,1261.272582
9.474275,1000,1264.617777
-5.614928,92,1264.857639
53.616826,125,1265.185735
1.440038,81,1265.396991
28.190304,86,1265.623539
6.442676,101,1265.884868
21.013323,133,1266.224618
32.45405,129,1266.56628
43.458403,117,1266.877226
11.942188,105,1267.156063
272.506544,254,1267.84714
27.235479,106,1268.133275
41.679512,141,1268.507835
278.855818,288,1269.321768
-3.744439,99,1269.585103
11.165602,92,1269.826641
274.897664,739,1271.985114
52.783305,97,1272.24074
267.292171,270,1272.965977
317.508039,314,1273.848329
-303.411581,100,1274.106173
-11.114662,87,1274.331579
293.622646,594,1276.138139
17.732075,136,1276.482147
286.727819,318,1277.34887
283.960526,265,1278.071933
24.497205,92,1278.314154
0.365842,87,1278.541205
15.997489,93,1278.893653
275.356223,427,1279.162728
270.387581,166,1279.245168
111.549061,1000,1280.27051
122.881341,1000,1281.323262
221.058049,368,1282.401773
285.177647,305,1283.232822
268.876012,211,1283.781223
253.827981,453,1285.050853
45.44337,100,1285.307693
28.379288,143,1285.674828
26.389761,105,1285.945906
63.354471,87,1286.169454
-30.039671,106,1286.440864
261.011001,332,1287.374998
287.694955,544,1288.968813
291.613954,322,1289.879655
19.406498,155,1290.302878
44.602245,149,1290.693374
-3.150122,95,1290.941936
179.159237,453,1292.323458
-284.175613,99,1292.588661
16.383705,150,1292.998897
-34.436719,105,1293.274494
-459.1893,104,1293.543974
33.547159,116,1293.845765
-5.37837,99,1294.111835
-17.090065,129,1294.466175
-70.333211,86,1294.687983
29.412378,142,1295.073306
12.9487,108,1295.361575
-3.568741,102,1295.629714
-10.335627,93,1295.877526
55.929794,96,1296.140528
4.473363,114,1296.450179
20.965681,122,1296.767438
26.794709,118,1297.099733
1.36524,84,1297.320758
25.962107,83,1297.533848
56.311815,84,1297.74731
-178.359238,142,1298.12535
55.119958,104,1298.397189
-30.152105,110,1298.690442
229.754273,544,1300.353358
13.302163,109,1300.683501
-4.104901,119,1301.000824
14.482098,128,1301.3616
283.894618,240,1302.06095
254.000889,336,1303.042903
298.270142,335,1303.943314
262.191008,447,1305.286481
-17.729112,86,1305.511557
9.032916,113,1305.808741
25.842568,103,1306.082509
267.794492,595,1307.972965
59.345039,124,1308.304289
57.528367,81,1308.511919
268.570446,331,1309.596561
287.093682,299,1309.785251
119.754734,1000,1310.987598
169.394742,1000,1312.229996
157.444225,1000,1313.258583
222.627249,572,1315.181079
283.747785,547,1316.800704
65.648936,196,1317.326982
29.203078,123,1317.645675
20.497511,124,1317.959553
30.751281,98,1318.20647
-151.432021,112,1318.501439
228.460681,409,1319.772652
282.013905,252,1320.428779
37.880381,132,1320.764147
16.682472,106,1321.033195
-31.142026,125,1321.361462
-26.476573,123,1321.687376
55.78461,158,1322.114494
18.651424,88,1322.339035
290.486439,251,1323.028856
287.5396,349,1324.078497
295.510394,351,1325.095063
12.192716,105,1325.362122
272.527874,223,1325.970826
266.654766,296,1326.783272
271.80204,412,1327.936722
9.691334,107,1328.201608
-25.19287,87,1328.430619
261.178486,155,1328.834429
5.633914,97,1329.090636
282.285354,194,1329.654057
291.471436,345,1330.653981
278.736145,248,1331.387208
232.950044,898,1334.222666
247.58452,980,1337.349277
299.130275,362,1338.333876
-30.901907,62,1338.492372
2.413951,108,1338.773069
19.386809,104,1339.040809
278.427824,189,1339.536837
269.443388,426,1340.755437
262.824251,185,1341.222197
29.335939,170,1341.674723
235.822853,241,1342.145269
258.577152,288,1342.314777
260.055153,182,1342.39905
256.520024,306,1342.599878
243.513118,282,1342.763569
43.088727,92,1343.00468
108.623616,1000,1346.711447
297.080313,298,1347.60312
-47.093064,80,1347.810802
21.127352,106,1348.083311
286.729145,530,1349.59446
280.691011,244,1350.256782
302.666491,307,1351.10016
260.110515,470,1352.453587
-34.012881,113,1352.739557
11.454317,85,1352.97295
220.044513,342,1353.955172
14.016928,157,1354.359163
260.328511,264,1355.089771
26.797538,81,1355.303208
312.004768,261,1356.024614
245.460796,269,1356.801965
291.92336,320,1357.729302
285.40633,218,1358.332497
22.261008,89,1358.563171
51.187824,134,1358.938375
25.587028,119,1359.262199
271.809826,347,1360.222059
289.447547,406,1361.395789
59.086213,210,1361.972021
262.762728,262,1362.683236
20.253106,106,1362.945803
251.390737,177,1363.388703
29.449135,95,1363.638488
296.247853,203,1364.156948
13.460127,92,1364.386083
31.016586,107,1364.658575
293.084681,352,1365.647279
26.642342,100,1365.901541
272.507953,253,1366.582048
-10.432041,165,1367.024792
258.568116,194,1367.538264
265.303785,429,1368.71952
24.058144,135,1369.088144
-28.389872,77,1369.284447
34.228426,82,1369.488266
295.995083,407,1370.68754
13.806814,157,1371.09863
271.43358,176,1371.345335
256.646168,218,1371.453438
288.258514,232,1371.579188
264.051678,183,1371.666963
221.120158,551,1372.076129
34.857384,123,1372.390996
6.790015,121,1372.701865
13.057412,81,1372.908824
64.656084,76,1373.099899
261.983468,227,1373.702192
280.917916,173,1374.145576
303.367844,261,1374.851727
-49.713664,85,1375.066964
314.431001,369,1376.044174
17.896344,93,1376.261077
33.46608,100,1376.538849
265.317211,216,1377.127063
44.709244,73,1377.317976
-61.622776,68,1377.491397
43.450359,141,1377.863068
239.241856,210,1378.407339
22.178392,117,1378.716879
66.793696,137,1379.094891
17.604308,82,1379.31418
30.391284,88,1379.542325
244.810439,168,1380.045962
5.969333,84,1380.266436
-27.505424,71,1380.466608
274.482704,330,1381.428578
5.595819,126,1381.754985
318.603358,244,1382.427658
255.878426,338,1383.33625
41.631294,89,1383.567944
290.112095,189,1384.065062
296.311572,342,1385.099878
36.140293,123,1385.43861
17.311589,92,1385.678475
-198.383241,123,1386.038339
313.398756,281,1386.870571
248.874854,271,1387.597475
-40.254913,88,1387.830272
276.867107,340,1388.785301
-172.978669,108,1389.067794
279.125938,300,1389.984379
294.584218,266,1390.76692
272.567582,251,1391.468712
-25.620621,88,1391.696919
-10.488239,119,1392.043586
-11.822552,83,1392.254941
41.945779,78,1392.458624
35.069192,116,1392.750488
-1.087237,81,1392.952164
27.66161,77,1393.147652
270.104794,191,1393.66926
252.081806,343,1394.626026
28.669594,88,1394.847823
247.678304,210,1395.406103
238.484433,446,1396.710133
46.890455,76,1396.911476
258.100454,227,1397.515209
239.213525,656,1399.389234
270.712341,244,1399.655051
296.177071,744,1400.294799
271.919987,191,1400.387638
14.724576,142,1400.453117
-16.603553,162,1400.528635
279.877741,401,1401.756563
50.78435,105,1402.048018
252.298129,294,1402.847746
263.019679,377,1403.908066
270.986038,351,1404.869964
285.135314,590,1406.710361
213.202619,716,1408.991431
281.908368,522,1410.480143
274.415893,164,1410.911421
296.635385,189,1411.417552
250.722336,364,1412.50128
55.966759,92,1412.8083
35.368087,101,1413.076208
16.857857,146,1413.478711
284.590531,487,1414.931316
-46.436824,93,1415.168514
15.677401,133,1415.516403
38.809751,163,1415.94466
277.892462,445,1417.195825
294.272228,429,1418.394947
44.279479,133,1418.747472
247.37528,455,1420.039952
270.952865,212,1420.596968
284.254492,387,1421.652279
269.62151,185,1422.154237
263.224436,242,1422.816954
274.981122,618,1424.59152
10.543125,97,1424.8414
-178.33513,169,1425.28583
32.091511,116,1425.590896
280.070403,266,1426.303497
43.555785,119,1426.607269
249.730195,223,1427.195396
273.704697,179,1427.658853
50.052641,125,1427.981995
-160.326276,110,1428.263758
25.568749,95,1428.503426
-14.436734,112,1428.826931
40.039379,126,1428.885579
3.435707,64,1428.91092
313.603,227,1429.025913
57.427414,129,1429.086107
14.929496,68,1429.266631
295.653788,309,1430.089723
227.303964,211,1430.673911
312.683418,283,1431.438881
42.597112,124,1431.76767
270.065592,184,1432.241707
-9.776181,120,1432.557099
256.960927,232,1433.21739
264.680312,206,1433.767252
0.032091,103,1434.030095
4.565968,101,1434.283394
242.18132,334,1435.178566
41.068139,150,1435.575217
298.108993,284,1436.346781
-22.092156,112,1436.641045
26.543897,94,1436.882099
294.980451,266,1437.610952
271.014494,441,1438.883571
292.509683,247,1439.570755
276.664158,265,1440.318889
307.212538,322,1441.215196
42.086712,87,1441.445937
290.578991,226,1442.055966
264.462575,190,1442.554584
222.128587,289,1443.382092
54.114307,136,1443.741177
281.839294,493,1445.171198
242.255416,438,1446.420481
258.027528,160,1446.846722
26.241063,87,1447.070955
72.350642,151,1447.466836
287.0354,300,1448.285324
143.07882,1000,1451.272088
41.169477,131,1451.60626
271.96884,235,1452.235565
20.636978,126,1452.56856
298.19959,291,1453.380515
286.085674,465,1454.708908
298.371412,224,1455.331068
48.761355,145,1455.717815
39.391084,114,1456.021232
56.819932,79,1456.22573
48.910772,138,1456.588436
313.465561,184,1456.78616
226.021848,268,1456.960421
275.216484,163,1457.044922
262.924727,198,1457.142679
272.499115,206,1457.246168
235.31328,313,1458.177887
20.674002,81,1458.405967
300.641505,247,1459.106695
261.311013,303,1459.989113
274.697602,236,1460.629576
273.469823,355,1461.678711
-195.155776,378,1462.739997
259.802399,727,1464.968006
270.435639,480,1466.236512
40.861485,134,1466.579701
307.481118,251,1467.252752
239.458031,223,1467.840565
228.703669,319,1468.755522
67.808481,113,1469.055446
268.443036,665,1470.981523
176.766704,1000,1474.259511
47.008357,115,1474.551516
66.795984,109,1474.833827
22.222374,112,1475.120495
29.100138,94,1475.36107
274.485629,422,1476.531933
274.303664,311,1477.383519
12.821163,109,1477.676979
249.92503,388,1478.777113
286.132585,400,1479.962153
70.501595,140,1480.341097
217.158198,425,1481.574187
53.410215,95,1481.825698
263.107028,376,1482.903459
99.575662,1000,1485.769834
50.618209,110,1486.025322
28.281591,117,1486.081803
-20.260195,87,1486.123011
-22.018286,86,1486.163043
49.411814,99,1486.208597
-3.279182,76,1486.408462
41.930939,80,1486.613343
27.466763,120,1486.926753
24.987038,176,1487.389274
46.333589,118,1487.692332
295.220147,509,1489.074629
64.991955,145,1489.46452
37.27136,117,1489.777671
60.760751,175,1490.246083
275.599078,362,1491.229226
33.057276,124,1491.548707
61.581759,88,1491.771039
289.625838,220,1492.341943
2.636754,101,1492.600326
82.425066,92,1492.84033
282.359557,676,1494.863186
265.65738,211,1495.425148
22.589172,113,1495.724135
292.493708,303,1496.543996
59.183684,149,1496.918983
307.565234,502,1498.30735
-6.068352,99,1498.559397
309.840915,220,1499.147686
61.342429,132,1499.488451
36.262939,89,1499.71483
45.180257,108,1499.995715
297.243817,305,1500.86197
40.823482,87,1501.08493
308.667764,325,1501.982424
13.41522,110,1502.264058
-307.955898,134,1502.610083
238.859693,281,1503.347939
50.214945,147,1503.724845
198.129819,432,1504.956362
15.949317,107,1505.229767
263.1551,453,1506.51043
242.774846,438,1507.707471
35.390191,125,1508.021589
-506.079663,94,1508.255346
-4.695085,102,1508.512189
278.821996,453,1509.765719
39.356129,113,1510.05419
47.298755,141,1510.416556
34.873677,89,1510.644199
45.960907,98,1510.895772
301.926948,315,1511.752261
249.086817,535,1513.347039
32.992738,109,1513.423299
246.52779,246,1513.569288
23.23024,113,1513.617874
17.383275,133,1513.680892
216.18401,347,1513.922081
