#{"t_start": 1629380353.4398837, "env_id": "LunarLander-v2"}
r,l,t
-141.062651,67,3.037244
-67.782128,87,3.053591
-197.924394,67,3.064338
-279.513276,105,3.082162
-123.633501,99,3.097761
-334.260422,124,3.117984
-96.12964,68,3.128325
-115.800032,128,3.149829
-122.168452,64,3.159493
-136.090989,102,3.179095
-101.234691,128,3.208149
-116.577897,109,3.226659
-80.139599,70,3.237509
-100.782603,60,3.246665
-111.614655,75,3.259134
-130.79032,79,3.272527
-103.296811,76,3.284886
-296.90333,86,3.29977
66.593887,92,3.317516
-119.317955,89,3.333329
-303.838081,100,3.35052
-47.480419,60,3.360447
-328.251215,93,3.377708
-115.874228,67,3.388858
-124.013335,98,3.407316
-162.400896,114,3.429374
-287.866378,94,3.445441
-29.70943,133,3.840568
-244.736027,98,4.58818
-263.998156,96,5.338809
-158.488552,96,6.072603
-58.831597,84,6.74315
-97.991951,56,7.141344
-166.433308,106,8.036851
-98.666474,91,8.777222
-91.073468,66,9.266395
-16.370759,104,10.165008
-141.183328,96,10.97765
-117.762012,68,11.462817
9.41322,118,12.45923
-232.910888,91,13.269404
-136.565245,115,14.405751
-99.234289,110,15.430359
-186.203405,105,16.406659
-112.38101,93,17.261861
-97.977137,84,17.952183
-486.754368,119,18.997793
-228.454065,107,19.865717
-279.555728,72,20.307085
5.069387,86,20.918302
-115.983651,112,21.865619
-106.962188,117,22.827442
-83.393545,92,23.668997
-181.923054,105,24.608601
-133.517478,66,25.200332
-255.577179,102,26.117876
-176.222546,72,26.855862
-25.105427,86,27.674942
-92.161046,99,28.619722
-229.160261,107,29.626964
-93.394349,90,30.32648
-66.679613,69,30.918027
-107.281474,84,31.720962
-91.659758,80,32.473923
-117.099493,80,33.20742
-114.419586,75,33.91941
-305.301735,117,34.861091
-124.951975,97,35.657282
-128.343071,94,36.404722
-54.736559,67,36.990782
-94.146301,100,37.966621
-84.503131,93,38.792371
-75.14251,103,39.613303
-82.075761,76,40.218186
-409.621137,96,40.940458
34.95135,68,41.59537
-53.095929,64,42.223132
-273.26224,92,43.073689
-25.851416,99,43.916619
-303.249822,109,44.821215
-216.430883,84,45.508897
-53.433192,106,46.394797
-328.801856,108,47.355062
-87.365921,89,48.142553
-296.979261,103,49.029625
-261.593751,84,49.813247
-129.397784,113,50.76548
-170.278141,76,51.467694
-107.944422,90,52.238703
-202.319741,135,53.389396
-29.929894,79,54.016773
-63.240347,87,54.66741
-100.186234,92,55.499886
-162.149719,113,56.512431
-331.751689,123,57.601339
-203.050132,86,58.345514
-106.230645,117,59.229455
-168.08188,80,59.908631
-58.076972,119,60.898115
-71.243338,75,61.463403
-114.177629,59,61.969534
-112.084015,79,62.649831
-106.26186,111,63.621181
-163.908778,119,64.701233
-87.825343,114,65.66257
-331.780399,138,66.80262
-209.524426,98,67.51552
-85.341604,85,75.550176
-150.582284,94,76.201259
-114.647397,106,77.156375
-206.393789,129,78.317166
-122.307308,95,79.187357
-118.931982,98,80.02968
-65.49226,75,80.774565
-87.713586,81,81.400991
-112.566886,107,82.188617
-94.264438,56,82.688646
-106.888847,61,83.338876
-59.013167,69,83.943615
-123.95426,75,84.586652
-106.858183,111,85.607035
-72.654912,72,86.21058
-79.890741,67,86.830293
-388.408553,115,87.847389
-56.818626,74,88.456573
-163.497429,124,89.44171
-159.79476,128,90.501819
-111.606897,114,91.312174
-84.269569,81,91.967509
-71.672573,77,92.641789
-139.56957,104,93.54304
-133.514046,89,94.302668
-96.600292,118,95.293091
-225.466453,110,96.286378
-149.29415,81,97.058658
-51.126549,71,97.692598
-114.926774,83,98.418237
-131.16328,143,99.685246
-185.321615,124,100.717931
-90.763684,66,101.236705
-84.822541,91,102.021378
-124.744874,69,102.611641
-76.016631,87,103.337978
-201.554705,153,104.595446
-87.124179,69,105.173988
-38.931337,105,106.124874
-92.266445,112,107.09339
-83.261573,81,107.812791
-13.571899,70,108.317849
-107.996037,106,109.236932
-309.944068,116,110.291549
-92.543047,76,110.95699
-180.359387,153,112.251197
-114.081767,113,113.244275
-88.024076,102,114.127695
-98.066168,92,115.011181
-116.606171,74,115.716932
-70.754059,78,116.368216
-119.729265,85,117.095526
-121.285701,61,117.660118
-181.188259,74,118.305629
-151.73996,134,119.624564
-77.322431,86,120.344715
-48.393753,76,121.035522
-56.842258,113,122.065658
-111.469824,114,123.032858
-97.441773,76,123.700526
-90.697142,85,124.421117
-112.037216,103,125.266505
-97.762811,106,126.134851
-111.677239,90,126.897357
-109.782188,91,127.723228
-126.333865,111,128.5701
-115.557566,82,129.280281
34.878935,76,129.954334
-112.016319,109,130.868509
-79.449398,113,131.820025
-46.17386,144,132.984206
-98.568919,99,133.825642
-99.874564,129,134.908328
-71.637947,78,135.570303
-93.025764,74,136.194192
-337.072582,120,137.236849
-119.498239,97,138.026785
-59.787433,105,138.80942
-116.129348,122,139.787327
-91.524636,73,140.411085
-56.243622,100,141.260509
-35.176676,135,142.44516
-76.095621,112,143.418485
-127.134605,77,144.171306
-189.887155,112,145.163963
-78.078282,78,145.793157
-127.611135,112,146.761839
-45.939865,72,147.261214
-107.640731,105,148.153339
-88.591893,62,148.777045
-100.858609,98,149.687622
-123.69602,104,150.601414
-111.862075,80,151.234462
-127.455007,110,152.168677
-328.256193,97,153.037427
-122.795837,92,153.740943
-89.810561,94,154.468693
-105.856363,114,155.465183
-96.520886,79,156.171703
-191.465052,131,157.384629
-74.378373,64,157.949435
-61.6907,56,158.450233
-70.50279,72,159.153167
-103.708583,83,159.863303
-101.691146,82,160.622097
-70.437913,158,167.580536
-105.840448,124,168.570923
-87.471581,68,169.110118
-103.630701,129,170.08676
-77.224957,74,170.645265
-84.714551,112,171.691536
-65.936623,80,172.352001
-65.713506,100,173.230118
-90.104076,121,174.314056
-157.455362,113,175.255898
-111.514718,101,176.036211
-150.997846,123,177.156549
-104.336756,97,177.950595
-65.344823,74,178.564019
-81.850307,67,179.031204
-86.820735,71,179.711278
-44.941564,152,181.115186
-56.593605,100,181.924909
-66.375439,72,182.471147
-66.197731,138,183.613848
-82.323496,83,184.398772
-43.879995,105,185.302361
-42.622708,157,186.730365
-218.329122,114,187.783142
-53.829458,98,188.652842
-29.861448,219,190.688172
35.150725,151,191.869337
-83.3437,104,192.684085
-105.032059,113,193.78252
-76.150531,82,194.544538
-97.837312,132,195.822793
-108.435084,105,196.649989
-137.878079,85,197.384283
-74.704773,64,197.967548
-111.95583,79,198.705787
-114.518472,89,199.456746
-126.526308,115,200.522508
-73.25636,127,201.701674
-102.659487,75,202.294538
-58.942033,166,203.572601
-68.227833,65,204.109617
-100.899355,79,204.870559
-52.709104,77,205.549818
-92.642868,93,206.396252
-84.009284,123,207.450398
-75.909807,76,208.123353
-95.310768,91,208.942497
-132.699836,119,209.921839
-4.055921,323,212.856962
-67.911552,86,213.522657
-92.86592,113,214.352691
-89.590467,113,215.312549
-65.93718,76,215.998337
-79.17999,120,217.051287
-55.818093,64,217.683589
-116.186254,99,218.647829
-89.97895,108,219.589017
-133.003894,121,220.762133
-100.52811,120,221.844588
-37.00191,104,222.81675
-89.874897,67,223.420269
-102.679371,106,224.34749
-58.682489,109,225.373675
-20.210019,111,226.342702
-7.196456,103,227.23904
-111.314552,106,228.056484
-136.998052,93,228.834437
-242.081981,112,229.744216
-135.268376,129,231.020897
-58.081778,118,232.085907
-89.256753,125,233.277421
-58.259678,100,234.008719
-90.690909,94,234.807419
-90.792656,74,235.453601
-38.950173,86,236.234179
-88.77013,92,237.076789
-53.279073,71,237.62776
-84.148637,75,238.29751
-40.52213,158,239.686796
-49.78136,96,240.564366
-47.229914,123,241.695229
-94.122866,64,242.288051
-66.128842,100,243.279095
-61.29928,135,244.416321
-62.905671,65,245.034364
-80.574978,118,246.180795
-60.899063,61,246.725897
-48.238003,84,247.457977
-72.34167,71,248.155974
-64.266266,75,248.784048
-80.663512,73,249.370169
-14.738545,80,250.003949
-60.201284,144,251.306614
-50.407982,66,251.938436
-98.915912,80,252.658528
-31.9364,121,253.777426
-23.467927,174,260.689898
-62.773013,103,261.594168
-66.23411,74,262.13823
-64.260708,69,262.697615
-69.094324,71,263.254525
-194.438218,85,263.952917
-48.332373,98,264.818752
-98.268555,107,265.781701
-3.177758,106,266.717144
-18.174879,85,267.485808
-39.487997,80,268.161121
-36.522471,121,269.226473
-68.394293,63,269.740553
-83.857147,60,270.267375
-17.572362,122,271.352047
-51.648019,107,272.289608
-104.154808,60,272.848823
-17.792895,88,273.672262
-139.293565,118,274.787057
-21.088956,134,276.011019
-63.344267,83,276.800749
-54.368327,91,277.65267
-54.403462,106,278.525726
-10.652776,125,279.571752
-94.698373,90,280.337374
-48.083584,121,281.226725
-69.928093,65,281.757245
-83.656647,116,282.725925
-99.576196,117,283.68236
-16.211801,115,284.599594
-12.23629,114,285.597883
-54.359415,99,286.531229
-65.731444,65,287.062913
-19.226756,139,288.363384
-78.956489,127,289.485972
-55.363215,122,290.462038
-29.207817,99,291.326034
9.023093,119,292.362112
-10.265871,151,293.744203
-23.018119,75,294.421938
-59.074003,87,295.211639
-2.318171,78,295.963968
-66.478468,132,297.107497
-48.915607,119,298.250024
-56.00778,64,298.816459
-18.286619,74,299.50315
-45.238941,153,300.824186
-41.698715,149,301.956252
-104.465348,88,302.643787
-15.049883,89,303.385871
-68.105979,107,304.313729
-57.190182,123,305.443519
-35.395976,133,306.636291
-17.822481,112,307.622536
9.417175,115,308.598938
-84.50575,132,309.832174
-20.812306,130,310.943573
-96.406146,98,311.850718
-95.52062,96,312.660151
-84.884809,69,313.263162
-40.315516,82,313.936394
-45.798917,92,314.834868
-47.783239,109,315.725588
-15.357998,111,316.556909
-21.341551,75,317.13631
-41.91356,94,317.872277
-67.763978,71,318.477266
-48.831578,123,319.497042
-69.82641,88,320.255812
-175.445215,125,321.381083
-33.579006,82,322.115874
-88.553633,79,322.764935
-36.804936,130,323.850716
-71.475306,96,324.682226
-53.476444,100,325.559091
-50.407376,101,326.406739
-90.43669,104,327.237788
-16.771796,106,328.10708
-62.876424,135,329.290837
-316.074334,125,330.222671
-45.933616,68,330.79749
-27.941373,129,332.036059
-87.826391,110,333.077225
-43.427449,85,333.850237
-45.464372,80,334.547561
-66.46256,86,335.246851
-61.004578,88,336.023795
5.29759,98,336.878945
-74.661183,107,337.824887
-180.270368,161,339.272759
-85.031756,101,340.146306
-84.13935,90,340.889089
-109.829044,125,341.948076
-4.611492,126,343.21173
2.56089,137,344.5357
-26.803947,95,345.298657
-79.836248,88,346.08616
-38.289568,140,352.936496
-22.284778,116,353.827857
-130.942147,136,355.040616
-101.314024,75,355.655079
-52.957314,92,356.508901
-79.503951,71,357.137569
-100.532899,94,357.952906
-240.785734,542,363.071711
-111.420618,97,363.886326
-137.811851,120,364.999836
-33.366571,98,365.788882
-198.683278,518,370.608224
-64.27993,94,371.369975
-83.640312,109,372.23983
-53.208407,123,373.257593
-12.249059,125,374.388452
-49.142417,109,375.34346
-85.622534,101,376.253885
-72.248192,70,376.875726
-40.713071,107,377.733181
-42.901127,103,378.685774
-57.595092,106,379.664321
-116.545815,103,380.593844
-42.613497,108,381.489722
-57.425021,89,382.265689
-54.318289,88,383.105261
-7.338403,108,384.128071
-69.813805,99,385.030801
-78.574886,110,386.02982
-28.178228,136,387.240104
-64.060161,70,387.754639
-79.52075,85,388.433614
-88.932508,100,389.237024
-46.166067,82,389.905422
-68.139977,87,390.692402
-112.311546,102,391.617924
-109.136745,72,392.258818
-76.410121,116,393.300798
-60.197467,86,394.118619
7.655372,86,394.968879
-41.778519,88,396.013632
-170.287328,107,397.104574
-79.337508,103,398.1244
-112.578227,80,398.879231
-30.771596,82,399.684457
-48.44747,90,400.600064
-79.1991,65,401.216948
-72.535081,90,402.107377
-16.160074,112,403.135204
-58.868127,81,403.925499
-35.537081,92,404.764763
-30.630538,66,405.395352
-61.377027,111,406.372948
-42.895869,69,407.085707
-80.561612,101,407.934468
-35.961366,80,408.695571
-97.964594,107,409.671811
-57.469971,111,410.680663
-13.927737,74,411.379361
-34.936126,110,412.250563
-69.720219,117,413.178864
-44.223493,80,413.950867
-73.811131,83,414.585337
-3.529129,87,415.444227
-3.321472,81,416.141135
-9.156001,119,417.205375
-0.526731,108,418.142444
-61.574427,106,419.131462
-186.777543,111,420.143522
-13.245492,115,421.192757
-75.666595,102,422.09606
-30.041565,125,423.108918
-110.240468,105,423.970573
45.707718,139,425.024148
-18.149508,74,425.657809
-75.846566,86,426.439226
-32.375197,78,427.089298
24.33572,100,427.943835
-9.261476,80,428.657884
-18.299337,94,429.502022
10.749585,121,430.660371
-49.799468,86,431.488383
-24.440845,117,432.578534
-81.295226,94,433.444344
-34.804394,124,434.574518
-7.779266,131,435.66767
-14.185471,112,436.632591
-39.24716,97,437.510882
-79.157115,86,438.407773
32.724906,137,439.528927
-58.585514,84,440.192303
-17.718803,77,440.913645
-41.286007,207,448.370839
-32.430011,123,449.48455
-78.949676,64,449.98636
-77.517949,98,450.77722
-78.706088,108,451.588888
22.953809,131,452.6314
-26.83196,153,454.054463
-56.772673,127,455.181304
1.847991,148,456.562445
26.93058,94,457.39798
-53.454079,88,458.248163
-53.058005,92,459.12966
-87.198738,95,459.956312
-46.286254,86,460.720512
-43.209962,116,461.735841
-31.571152,68,462.411021
-2.032615,111,463.42214
-27.978299,89,464.209694
-28.698432,1000,474.258193
-21.891299,99,475.259275
-74.903883,66,475.872855
-55.726816,92,476.566164
-95.256193,77,477.231303
20.939663,78,477.985379
-45.375168,97,478.77889
-114.477961,478,483.114303
-75.044117,110,484.113899
-37.614469,107,485.06926
-34.287011,144,486.253006
20.433905,125,487.317189
-8.736902,82,488.06811
9.228268,101,489.033079
-80.891109,83,489.765149
-28.407783,65,490.327793
-82.577532,98,491.132184
-52.239025,75,491.739426
-1.780629,116,492.721642
-75.140261,80,493.382953
-96.891779,118,494.400412
-20.549958,128,495.591116
-6.208094,90,496.404558
-24.595693,74,497.146554
-29.434514,109,498.165654
-79.10571,68,498.846474
-41.712441,62,499.336726
-40.754378,100,500.171438
-82.737317,82,500.917623
-12.697712,79,501.691534
-76.681499,85,502.479077
-65.088415,92,503.335672
-11.350849,83,504.030017
-3.002555,139,505.264163
-65.426188,78,505.842705
-84.477883,90,506.499436
29.792096,93,507.249701
-11.117553,116,508.230544
-88.624882,97,509.220251
-27.670507,88,509.989467
-90.579342,104,511.014271
-76.706129,105,511.969278
6.595162,84,512.715465
-39.723382,122,513.839821
16.997626,116,514.939996
-43.787634,84,515.718615
-67.361569,95,516.510578
7.700991,113,517.528476
17.260971,131,518.686667
-27.814593,79,519.384067
-24.551556,133,520.416488
-55.172451,100,521.23466
-132.748606,114,522.347935
-5.237734,125,523.475221
27.387028,88,524.203382
27.480956,92,525.058899
-29.340234,92,525.88905
-49.532607,72,526.532021
-59.230374,103,527.505277
-86.60569,89,528.397432
-58.237444,108,529.366315
16.255874,79,530.05267
-24.301538,99,530.834316
-34.869069,79,531.459843
-23.107446,83,532.224968
-39.227475,91,533.084257
-1.918999,86,533.82894
-43.400294,93,534.689687
-23.762861,78,535.408492
-5.681702,116,536.428502
-16.775964,78,537.141711
-60.426135,104,541.913595
-16.350815,114,542.777747
18.817399,133,543.936337
-50.387188,76,544.585201
1.444185,123,545.66876
-70.267458,113,546.634926
-102.029585,95,547.452035
-15.733152,1000,557.645689
-33.90444,110,558.660643
-32.490389,96,559.447967
-39.402181,82,560.174355
18.915252,102,560.956877
11.361572,118,561.84097
28.343685,91,562.596593
-38.384299,84,563.321052
-43.818487,84,564.042647
-76.063863,1000,574.043107
-13.189424,97,574.843562
50.970814,89,575.601317
-181.132279,455,579.701484
-148.643375,96,580.695421
-8.159314,135,581.985968
-17.94225,87,582.870427
13.791222,111,583.860046
-36.359991,69,584.471255
-156.609627,83,585.228279
10.759698,113,586.351658
20.849281,106,587.339653
-5.223106,90,588.13589
16.903656,116,589.191161
-202.471519,83,589.990173
-56.988333,108,590.870384
-16.245093,132,591.917155
-51.307399,95,592.716395
5.964186,93,593.56969
-14.165025,118,594.628154
18.936821,1000,604.614993
-15.471226,92,605.451936
-386.759663,762,612.850536
13.081232,128,613.822424
58.100781,94,614.564235
0.784464,1000,624.153583
-162.329187,123,625.229564
-200.231796,745,632.268489
0.343832,76,632.949399
26.825422,147,634.267898
6.550727,155,643.274938
37.164058,1000,653.287098
22.228816,1000,663.137783
30.358487,148,664.434019
-10.308666,1000,674.826191
-8.750642,96,675.603598
-17.351845,120,676.721918
-130.230784,93,677.581861
-30.778265,87,678.317752
-163.908197,105,679.261239
-4.024576,94,680.099893
-4.514474,94,680.856459
33.833708,1000,691.227842
-39.219143,114,692.1151
-211.819783,131,693.154968
-13.750591,114,694.138498
9.184609,124,695.266578
0.437381,1000,705.405868
108.954399,1000,714.740946
26.992995,109,715.691327
7.645118,98,716.544244
-12.019316,109,717.495997
3.452301,1000,726.820395
52.791371,1000,736.678829
171.731828,381,745.417567
58.848373,1000,755.313577
-47.762574,113,756.364881
15.033155,1000,765.851065
51.167849,1000,775.714288
15.18545,103,776.634888
58.9495,150,778.001802
-40.437441,101,778.950516
-52.08092,1000,788.695132
-45.649124,1000,799.091805
-72.031764,128,800.097334
-18.513446,1000,811.022283
-47.744435,143,812.16385
5.285583,1000,822.855913
-39.259509,1000,833.402861
38.958941,121,834.540358
-57.832913,1000,844.31644
-16.890902,1014,862.329892
-15.385774,1000,872.490921
-37.893223,1000,882.539624
-21.336357,1000,892.927653
-23.333779,233,895.065032
274.948205,236,897.198167
53.219037,134,898.393852
-3.742828,1000,909.07642
-20.426102,1000,918.644532
24.290189,100,919.564047
-23.994502,1000,929.268874
4.635313,119,930.400093
-6.669157,107,931.383607
-2.028838,104,932.220763
-16.686479,1000,942.023157
200.086559,281,944.724165
105.447989,819,957.604867
-13.837717,1000,967.254158
-27.567566,1000,977.838293
-30.774362,1000,988.207151
-35.133232,1000,998.133252
-70.325686,1000,1007.972123
40.144934,1000,1018.2686
34.868692,102,1019.116437
77.398378,1000,1029.055509
-13.120251,1000,1039.286133
-6.727132,1000,1049.609572
128.65942,1765,1071.935589
-1.754171,1000,1081.354388
-27.231398,1000,1091.627755
19.760454,244,1093.870867
-21.517965,1000,1104.108755
-62.642009,1000,1114.477074
-6.340588,1000,1124.230591
-26.437285,1000,1134.354999
-28.25695,1000,1144.32591
-3.809604,1000,1154.11631
179.053954,1501,1172.821581
143.114904,941,1182.228966
47.986696,236,1184.284658
-13.695561,543,1189.545495
-44.045363,105,1190.460776
268.56461,170,1191.866305
16.251166,89,1192.577041
-42.744415,1000,1203.025042
19.868441,1000,1213.95014
207.541096,235,1216.17978
-11.628318,1000,1226.273237
-13.053836,1000,1237.253846
230.278022,347,1240.329798
-0.430333,1000,1250.292037
271.029645,267,1252.667604
12.150996,137,1253.850871
-15.8219,1000,1264.080162
228.573319,1130,1277.528444
-28.850317,1000,1287.121494
-46.741619,1000,1297.47582
71.02025,113,1298.346971
294.859027,234,1300.326674
35.910647,116,1301.228222
39.068319,138,1302.395959
-192.69316,138,1303.613726
247.321744,206,1305.610415
5.176974,128,1306.743132
41.094914,157,1308.233055
249.851142,331,1311.33645
-30.568083,1000,1321.454167
169.839343,642,1328.065353
43.687478,137,1329.16924
281.089224,281,1331.812463
266.943956,335,1334.967793
270.774541,348,1338.019311
24.830912,1000,1348.025784
-8.546006,299,1350.944368
-16.18929,1000,1360.345555
105.716437,1452,1381.707172
194.355223,549,1386.71908
279.06939,214,1388.653014
218.425159,333,1391.828376
185.618088,543,1397.100461
119.716953,954,1407.020798
310.239278,239,1409.060578
67.01843,146,1410.305874
211.750258,285,1413.068301
55.945177,84,1413.824365
77.650107,143,1415.15218
265.800846,318,1417.931855
250.779515,225,1419.97582
9.307365,124,1421.049242
51.495523,120,1422.048606
197.614556,486,1426.416389
292.166999,306,1429.28156
187.925137,951,1438.984978
26.659444,89,1439.844521
235.970544,263,1442.253018
167.435547,841,1450.476364
245.545526,203,1452.341557
21.769792,115,1453.376195
261.69815,274,1455.702662
262.045718,297,1458.401787
20.203049,163,1459.872921
238.133579,391,1463.427462
-3.806513,119,1464.4315
252.421508,183,1466.012481
142.088535,513,1472.642801
185.73878,564,1477.9775
283.592574,250,1480.256762
260.06578,217,1482.203864
287.024829,353,1485.475264
5.701058,110,1486.411834
232.521016,360,1489.682044
53.115995,110,1490.593717
273.841316,226,1492.477997
192.276076,967,1502.755109
16.683807,117,1503.843204
205.598164,385,1507.519682
210.132646,499,1512.136492
258.100662,215,1514.103017
233.264775,911,1523.594742
239.923867,411,1527.193616
99.973334,1000,1537.036517
200.855742,412,1541.08236
266.166895,246,1543.359445
245.114875,215,1545.162922
182.591431,751,1552.26306
236.210822,403,1556.018301
224.684375,749,1563.272425
129.159032,1051,1575.072601
256.324068,457,1579.417027
219.995492,687,1585.960423
-38.324023,127,1587.01679
13.293193,142,1588.317069
-5.663115,101,1589.202513
-32.635135,110,1590.27706
216.082475,673,1596.460232
225.176777,524,1601.458001
228.769821,523,1606.191769
-229.293027,300,1608.968321
245.752542,463,1613.309331
8.654241,111,1614.207494
-89.675708,1000,1624.01296
-2.367689,1000,1634.106419
-84.812066,420,1637.987082
-28.793704,1000,1648.04945
51.954085,1000,1657.955673
380.155741,1302,1677.768935
256.541199,395,1681.208871
56.248763,1000,1691.166353
250.61216,617,1696.904543
13.321165,88,1697.669707
-2.879879,137,1698.783179
220.935369,450,1703.097547
9.590959,120,1704.11729
243.488546,809,1711.646734
46.974282,149,1713.073234
37.312496,133,1714.22859
271.229295,447,1718.320253
-67.35387,293,1721.007167
258.34241,491,1725.728737
16.697195,110,1726.780645
7.055421,104,1727.722406
257.122874,257,1729.834703
121.158323,807,1738.131697
-21.574271,62,1738.650756
286.157844,258,1740.95303
229.016626,383,1744.741747
11.548104,134,1745.862068
-27.013334,1000,1755.422595
72.05505,1823,1779.046056
240.94114,290,1781.671104
264.008715,343,1784.680689
-77.827478,76,1785.421293
203.078893,409,1789.142156
31.572081,1000,1799.590792
0.2706,1000,1809.501187
29.695136,175,1811.202157
204.941199,320,1814.171356
243.806633,320,1817.144712
57.292404,1000,1827.236984
54.182776,103,1828.154813
266.813675,404,1831.835872
231.971792,245,1834.125401
104.011356,879,1842.151541
43.018015,105,1843.037547
2.150626,110,1844.052679
-71.124142,124,1845.08883
-47.891203,1000,1854.897752
221.466716,499,1859.514952
9.633476,141,1860.801854
-14.346503,322,1863.861696
352.505038,634,1874.547028
246.624352,514,1879.507814
-17.981367,223,1881.48544
138.701966,998,1891.659963
188.806272,699,1898.520674
203.029485,438,1902.641526
189.804073,538,1907.675402
30.435272,100,1908.578328
229.964107,656,1914.577649
294.804833,242,1916.718068
-34.553626,107,1917.740551
193.070072,869,1925.848468
64.189501,154,1927.30923
31.55819,119,1928.434114
273.17629,265,1930.833592
229.897793,678,1937.075406
284.277028,292,1939.795349
210.641434,727,1946.895414
7.775018,126,1948.086021
271.521976,301,1950.862456
188.43685,731,1957.947686
226.05707,577,1963.327402
-20.021151,241,1970.057413
0.253703,100,1970.944104
230.039364,737,1978.251042
231.232477,409,1982.172854
287.559287,245,1983.991319
208.209939,678,1990.548202
24.221466,107,1991.509248
250.005934,259,1993.742455
21.771508,230,1995.690483
283.598886,342,1998.878787
251.187097,334,2001.934257
-27.646132,100,2002.894428
233.221369,497,2007.663199
36.626519,132,2008.73109
240.69362,230,2010.879998
243.171267,361,2014.312059
-6.787865,133,2015.594353
271.655579,370,2018.913093
28.763458,123,2019.967265
67.082917,108,2020.933575
283.878868,222,2022.87687
221.1531,856,2030.983103
227.378225,503,2035.542411
271.179586,230,2037.640382
108.5559,1000,2047.40351
234.076551,202,2049.055341
74.797776,1000,2058.986326
447.876574,866,2071.956685
8.424476,95,2072.737693
266.159819,147,2074.053965
28.927221,89,2074.84135
215.201838,322,2077.882812
232.505255,318,2080.691206
48.109453,95,2081.43962
-45.22852,108,2082.41767
-8.111283,76,2083.03786
85.399773,1000,2092.826322
-111.586262,90,2093.583365
-10.961154,137,2094.751539
-5.871553,126,2095.871566
54.228555,103,2096.789254
17.011961,93,2097.556021
42.600303,97,2098.287167
-0.456505,110,2099.201673
72.241907,1000,2109.407793
52.936043,135,2110.603795
285.69694,205,2112.599576
110.314402,1000,2121.887747
-1.0954,142,2123.065899
195.145075,842,2130.796397
256.268083,261,2133.183458
69.554004,1000,2142.945367
51.595022,92,2143.71885
-50.98321,138,2144.904679
109.101835,1000,2154.475847
185.419943,297,2157.230736
-73.503716,97,2158.049315
239.344327,174,2159.638746
362.45089,770,2172.595798
224.442893,432,2176.222792
143.097956,1000,2186.047158
-7.00181,119,2187.066608
-33.36561,141,2188.377232
135.482359,1000,2197.975045
78.859138,1000,2208.25652
79.035673,1000,2218.239305
294.598607,676,2224.613317
-12.52902,158,2226.007209
81.892956,1000,2235.814147
15.773189,108,2236.774194
-303.554249,90,2237.587929
100.722771,1000,2247.220684
4.693958,103,2248.056083
-138.161425,97,2248.888354
-3.897656,79,2249.563071
68.237188,1000,2259.970405
154.420105,461,2268.212094
66.331947,1000,2277.788694
-12.217114,1000,2287.709409
17.767642,1000,2297.674536
-26.612045,1000,2307.055733
-8.063107,123,2308.185259
-59.896972,107,2309.163178
-66.336555,1000,2319.264734
14.243125,112,2320.21093
198.308057,640,2326.193438
19.233407,1000,2335.702816
249.480536,368,2339.20795
-38.567197,1000,2349.383682
189.259803,870,2357.75117
190.968359,303,2360.420997
161.578202,495,2365.920276
-6.019329,110,2366.829246
254.921063,203,2368.60738
-0.60629,108,2369.545626
216.076364,810,2377.258823
236.234373,585,2382.814079
235.099884,743,2389.852362
-23.914885,147,2391.278832
15.244726,90,2392.046254
195.477786,985,2401.552622
191.137755,670,2407.883983
20.248235,129,2408.901923
-61.879366,270,2411.266644
-39.995032,90,2412.081199
90.349966,1000,2421.679442
247.077968,430,2425.744209
165.950718,1000,2435.105448
-80.52071,1000,2445.890401
191.191482,219,2447.931674
97.815898,1000,2458.359535
169.664685,1302,2479.164378
-163.286298,429,2483.155773
-7.603447,134,2484.328397
-54.379389,114,2485.262614
-106.11627,1000,2495.519672
0.96172,170,2497.020411
-6.151217,105,2497.949849
-105.701159,78,2498.661923
75.874125,1000,2508.683999
-25.18948,122,2509.718582
146.475046,1000,2518.981436
-3.569586,95,2519.813355
106.36862,1000,2529.581642
232.318807,371,2533.009235
-20.129248,1000,2543.710306
240.780539,598,2549.453467
43.699078,89,2550.150579
212.811767,510,2555.012349
-111.02567,716,2561.919984
112.957034,1469,2583.416784
55.312252,178,2584.953028
85.367022,1000,2594.433233
36.588799,84,2595.202162
-21.330138,424,2599.330841
13.543846,1000,2610.059216
26.968129,1000,2620.567989
86.743705,1000,2630.497718
188.709411,822,2638.52141
-34.25002,112,2639.467362
-32.558031,107,2640.369438
250.926864,956,2649.198879
250.095203,876,2657.568567
123.623454,1000,2667.293688
61.450931,514,2672.829298
82.946109,1000,2682.482406
182.285976,934,2692.308226
-17.774513,120,2693.40857
32.560172,82,2694.101103
114.530326,1000,2703.758956
-4.826948,100,2704.659402
104.194248,1000,2714.353072
-7.309136,134,2715.582406
195.186123,758,2722.744924
20.165767,141,2724.007126
252.377994,523,2728.764178
17.817131,110,2729.773261
225.24929,705,2736.188624
258.040784,400,2739.818317
218.354573,475,2744.418962
-129.658583,118,2745.354288
27.172283,90,2746.233528
-158.898965,123,2747.440879
236.591861,688,2753.659481
270.454189,842,2761.457089
200.844577,481,2765.783568
351.98817,401,2774.928718
274.234772,357,2778.475716
96.40378,1000,2788.157427
81.645893,1000,2798.596879
229.615331,264,2800.959159
157.110112,1000,2810.200157
129.935162,1000,2819.843676
141.405555,1000,2829.131851
86.966066,1000,2839.359077
294.814809,279,2842.096098
-124.234405,100,2842.970263
26.540761,127,2844.205153
133.900051,1000,2853.948353
7.174804,182,2855.674505
-42.944203,87,2856.391316
-11.945579,111,2857.253877
-2.344816,390,2861.096412
120.123095,988,2872.508088
11.917628,133,2873.703311
240.766038,184,2875.384885
120.951863,1000,2884.808026
42.856467,116,2885.787988
-28.047275,288,2888.506014
95.503712,1000,2898.425801
240.568762,256,2900.705612
260.054332,497,2905.150667
26.445047,168,2906.738413
271.249989,214,2908.66864
50.820473,1000,2918.238101
38.25839,122,2919.277069
59.163357,135,2920.551185
303.764694,197,2922.287848
19.343628,139,2923.522304
137.366422,1000,2932.910933
121.113728,1000,2942.678527
-86.823969,116,2943.764606
-19.923343,98,2944.571193
128.264646,1000,2953.603216
74.123215,1000,2963.830107
-65.710615,131,2964.99679
103.407933,1023,2981.239664
43.71175,1000,2991.02598
47.969319,1000,3000.879006
109.680654,1000,3010.772544
65.677214,1000,3020.593201
-2.827155,104,3021.406391
72.638087,1000,3031.359448
39.68538,144,3032.61533
31.793462,121,3033.701359
-230.113275,223,3035.781826
34.983686,109,3036.786571
28.572025,1000,3046.968997
4.814984,138,3048.113201
24.33249,173,3049.617049
52.934076,143,3051.011729
88.247115,1000,3060.999196
-8.086723,99,3061.904584
5.611615,133,3063.01373
175.70965,1613,3082.505939
245.736189,739,3089.455295
47.632942,133,3090.666607
117.485273,1000,3100.576389
294.872171,369,3103.785605
-57.652139,79,3104.494811
293.873526,713,3111.149896
-151.557367,160,3112.474437
261.871101,277,3115.011456
259.643356,286,3117.768744
-219.90619,103,3118.795713
88.481845,1000,3128.362787
26.375637,105,3129.289043
99.802669,1000,3139.61654
135.863541,1000,3149.079775
7.142945,121,3150.171221
-43.382293,137,3151.356565
-52.33178,263,3153.792634
312.777334,508,3158.469705
83.780911,1000,3168.220652
123.791091,1007,3182.650161
-109.067964,77,3183.402959
-38.260085,126,3184.389167
33.647318,104,3185.194093
-24.077997,80,3185.866313
125.795985,1000,3195.385719
58.822316,154,3196.677897
-23.281761,101,3197.648399
254.758131,235,3199.912008
253.147345,211,3201.851592
-14.926418,96,3202.75389
270.796198,365,3206.075893
116.466519,1000,3215.699426
72.290964,118,3216.713692
33.154553,127,3217.765214
235.537433,627,3224.078717
284.394246,543,3228.826488
304.249403,327,3231.777381
-48.500917,94,3232.626054
-25.928093,72,3233.286132
-50.307944,118,3234.428839
-0.917585,140,3235.694297
39.904582,91,3236.475276
48.465052,88,3237.240124
271.563232,535,3241.914972
273.624679,274,3244.337207
12.923207,77,3245.050473
1.102714,92,3245.932654
-64.336464,86,3246.703843
265.836855,255,3249.013839
256.76369,939,3257.503177
266.036356,395,3260.950144
188.627731,540,3267.281899
289.498127,521,3272.058567
276.678792,285,3274.726665
157.378792,1000,3283.935642
-51.788585,92,3284.745418
59.81904,106,3285.801173
91.313578,134,3287.03459
230.97814,524,3291.570517
195.289687,897,3299.845835
99.943677,1000,3309.244986
191.355885,248,3311.506419
17.248974,113,3312.409318
277.121243,563,3317.342144
-29.350389,114,3318.274806
260.814539,725,3324.836217
-3.611162,66,3325.37549
-7.062022,105,3326.270713
25.229691,93,3327.096745
18.486927,118,3328.171084
48.623467,145,3329.325663
-36.827715,62,3329.786075
-2.693379,77,3330.40534
23.378517,102,3331.260316
-104.188994,103,3332.099425
-192.218755,106,3333.11522
261.150282,600,3338.805002
-29.260583,116,3339.747208
58.68608,117,3340.647763
52.870475,118,3341.659194
2.769643,86,3342.465569
-36.496056,106,3343.419345
73.482074,100,3344.258855
303.483723,219,3346.234979
101.134031,1000,3356.015836
85.354924,262,3360.874362
38.452027,80,3361.651168
19.111882,83,3362.433019
-25.124196,70,3363.1394
37.582485,104,3364.203418
22.461101,124,3365.527541
-49.909685,77,3366.368296
277.259036,625,3372.744783
29.046611,118,3373.704646
44.289543,108,3374.574576
308.74652,279,3377.028393
36.217135,107,3377.929509
-106.936272,598,3383.367235
-131.484708,120,3384.363798
-48.801815,118,3385.31754
247.148138,264,3387.680982
10.222041,90,3388.461956
18.027993,115,3389.34409
288.73782,218,3391.270128
71.8876,1000,3401.043255
-60.651804,78,3401.730012
269.480993,184,3403.200559
6.693026,133,3404.271104
-63.484712,80,3404.959259
-49.48996,125,3406.044128
-54.888815,87,3406.804296
8.078335,100,3407.708697
22.238532,88,3408.496868
-64.768582,111,3409.507126
46.673477,136,3410.742701
-1.873894,101,3411.667037
-97.227307,174,3413.170397
-208.864038,172,3414.467118
-34.006821,76,3415.018762
30.594149,74,3415.584667
-204.677561,174,3417.165041
-17.92717,121,3418.297203
-30.097056,108,3419.217159
92.774739,1000,3428.651762
219.895928,549,3433.663501
-16.960409,530,3438.656393
-49.688976,112,3439.507169
-35.48386,123,3440.469895
265.420929,235,3442.347356
247.842438,212,3444.286879
281.118952,1429,3460.457748
189.791041,653,3466.367776
168.312354,780,3473.637108
237.878387,298,3476.168086
23.984803,109,3476.978046
214.489053,513,3481.428697
25.519372,130,3482.536488
276.023082,309,3485.447219
223.561816,665,3491.491191
-175.012716,122,3492.599244
47.350989,109,3493.60955
272.222606,472,3497.84827
15.13227,117,3498.927895
-6.951543,103,3499.606322
-69.648704,72,3500.165184
-69.858153,103,3501.03755
264.663376,321,3503.821446
-24.071218,89,3504.606149
289.545374,351,3507.815623
14.580921,151,3509.133137
-34.970336,89,3509.894287
259.323208,166,3511.227178
32.333133,86,3511.903586
246.810817,286,3514.184872
-26.280998,134,3515.369627
268.408183,658,3521.662896
281.730131,215,3523.604753
270.358839,134,3524.746661
-3.117031,105,3525.729043
270.064756,330,3528.519734
92.028515,1000,3538.68616
247.192417,430,3542.439173
343.262244,480,3549.082816
231.16114,668,3555.141861
282.815573,548,3560.064165
238.867945,558,3565.287376
255.637106,195,3566.923443
251.665909,525,3571.744658
269.722399,346,3574.580856
244.646567,308,3577.195156
265.93431,679,3583.377956
266.056897,846,3591.249102
30.129051,140,3592.586655
-163.558421,109,3593.562386
-35.152332,121,3594.598259
89.402855,1000,3603.869456
147.661581,1000,3612.863595
154.534468,1000,3622.843241
134.400999,1000,3632.186137
195.227468,736,3641.197621
157.137142,1000,3650.753552
-28.761268,112,3651.679076
124.32196,1000,3660.974305
-40.915387,87,3661.781488
116.418003,1000,3672.034781
10.064823,78,3672.698608
77.203107,1000,3681.774335
267.038899,206,3683.525872
115.665396,1000,3692.777229
192.567874,194,3694.550611
229.952566,281,3697.039824
127.934165,1000,3706.297147
116.88737,1000,3715.780974
256.017016,551,3720.630866
-31.189136,113,3721.588322
83.55687,1000,3731.234128
345.128282,758,3741.399879
119.606637,1000,3750.915387
235.128694,521,3755.690308
150.566833,1000,3764.558272
130.236578,1000,3774.008601
102.93834,1000,3783.41684
116.823768,1000,3792.807518
95.641941,1000,3802.272481
178.277584,1000,3811.512539
62.184539,1000,3821.21002
225.21464,265,3823.621665
-21.530375,71,3824.247865
15.416379,66,3824.808343
189.933172,266,3827.115855
176.9355,442,3833.518012
22.415121,135,3834.610752
105.287442,1000,3843.715423
-37.801365,103,3844.629957
30.999086,96,3845.49203
135.678573,1000,3854.482471
101.848466,1000,3863.79298
163.949602,1000,3872.914928
5.771374,124,3873.984012
140.017449,1000,3883.385991
134.799691,1000,3892.764232
-13.636957,114,3893.724741
109.688304,1000,3902.888421
53.470974,1000,3912.239151
226.012875,386,3915.648906
219.674154,1952,3941.875472
72.070088,1000,3951.527802
31.59285,1000,3961.589683
-212.364112,438,3965.581234
73.903174,143,3966.770645
-1.50493,113,3967.734672
97.368426,1000,3977.37606
5.501204,139,3978.598931
176.275009,1000,3987.420589
133.629534,1000,3996.871473
241.852667,615,4002.501937
101.642628,1000,4012.23249
127.953285,1000,4021.677983
198.836233,1552,4038.718828
-12.631268,121,4039.799676
97.133319,1000,4049.563967
-8.999434,140,4050.832614
114.479573,1000,4059.995894
127.995585,1000,4069.188369
108.134399,1000,4078.35257
216.32719,234,4080.282354
131.821356,1000,4089.667304
121.858947,1000,4099.595639
127.675781,1000,4108.973345
62.11741,1000,4119.050415
236.5099,1505,4140.926054
81.874205,1000,4150.351126
56.284637,1000,4159.828733
105.836399,1000,4169.330356
104.529046,1000,4178.528912
69.34928,1000,4188.068177
15.796868,144,4189.276128
2.429516,106,4190.201182
87.05986,1000,4199.554807
-37.582201,87,4200.304359
277.526177,361,4203.668496
52.172045,151,4204.975467
138.064971,1000,4214.500953
59.723403,126,4215.608091
256.621082,281,4217.981224
289.035471,1744,4236.867916
29.685428,157,4238.239366
140.812166,1000,4247.591707
115.053206,1000,4256.865341
-264.914713,156,4258.252854
122.59522,1000,4267.650581
35.518619,98,4268.561523
0.074093,98,4269.500588
277.044342,222,4271.751852
166.709003,1000,4280.613967
-57.958912,119,4281.612205
72.154576,115,4282.823542
175.736801,1000,4292.12396
-19.691303,117,4293.140699
261.293782,251,4295.349397
173.843421,1000,4304.357315
-89.801462,84,4305.101675
-109.52173,80,4305.769165
209.493741,191,4307.561846
31.34496,110,4308.626719
-16.748006,120,4309.747101
79.035847,1000,4319.018208
147.455212,1082,4334.029057
-46.705675,194,4335.699216
41.264319,121,4336.867451
99.600852,1000,4346.429984
44.792496,97,4347.169152
119.638816,1000,4356.687061
5.051106,81,4357.373765
134.548831,1000,4366.792618
2.279016,137,4368.042187
153.746625,1000,4377.924136
236.089447,227,4379.893488
1.150316,124,4380.913429
-64.494345,103,4381.733889
251.678138,818,4388.966177
142.154601,1000,4398.319039
-45.233262,99,4399.171088
149.437446,1000,4408.326213
281.119655,1999,4430.051096
-37.750263,81,4430.750428
117.731098,1000,4440.110039
133.240142,1000,4449.135649
-78.095739,289,4451.8967
43.618591,88,4452.777231
66.507241,96,4453.59945
-33.130624,107,4454.463968
140.95858,1000,4463.316776
167.446462,1000,4472.369454
5.297789,93,4473.226557
27.840337,125,4474.201315
-35.630598,125,4475.247589
43.362975,154,4476.545746
16.23201,113,4477.488021
16.279277,124,4478.630043
-2.360859,106,4479.548751
15.935656,91,4480.349011
-25.996618,88,4481.098383
3.019577,113,4482.209305
-21.561126,80,4482.919015
279.506693,289,4485.353576
143.224455,1000,4494.721699
-27.623066,104,4495.73932
289.703433,401,4499.244474
139.641009,1000,4508.866482
11.551879,112,4509.897668
-35.887556,111,4510.892152
-25.61589,109,4511.836157
233.082811,342,4519.92345
97.74129,1000,4529.242742
220.451166,181,4530.767769
-25.302081,116,4531.765086
110.496266,1000,4541.413068
120.292829,1000,4550.365968
-38.223075,88,4551.114481
157.785704,1000,4560.251961
105.563953,1000,4569.979501
141.892065,1000,4579.274408
-21.475211,179,4580.804764
64.30091,1000,4590.673839
44.503073,1000,4600.281371
57.03901,1000,4610.496492
-64.106018,88,4611.317783
-25.908646,116,4615.107037
-56.381308,79,4615.797508
-126.712512,86,4616.606479
-8.953883,122,4617.66337
-72.233251,90,4618.3684
89.938527,1000,4628.056673
98.997537,1000,4637.614215
-60.969781,92,4638.449898
50.4512,1000,4648.167996
18.212379,127,4649.320192
118.181647,1000,4659.009125
-289.984428,153,4660.262912
-70.379169,105,4661.135307
-76.335619,110,4662.085705
26.276581,99,4662.871758
27.849865,291,4665.254485
99.285628,1000,4674.813307
-13.334737,126,4676.08126
22.050194,133,4677.215601
121.238366,1000,4687.18335
19.983094,98,4688.019537
37.899291,168,4689.62607
130.109354,1000,4699.707223
92.01029,1000,4708.955599
-301.235259,127,4713.767766
-66.640052,84,4714.470841
56.758168,1000,4724.063811
-223.527087,155,4725.402902
-3.004954,1000,4735.787117
68.724861,1000,4745.207544
-43.069154,87,4745.90408
109.407166,1000,4755.679518
222.571946,702,4762.082527
118.071027,1000,4771.43902
94.08387,1000,4780.481818
47.792693,1000,4790.32779
234.865446,246,4792.403794
117.422043,1000,4801.962274
1.726816,101,4802.793124
416.866739,931,4813.121061
-5.127263,100,4813.955528
-264.678444,103,4814.862064
-12.047569,73,4815.550774
113.642793,1000,4825.200238
-19.531424,82,4825.894098
-28.577054,94,4826.82655
273.320456,280,4829.279635
-78.104805,66,4829.808147
11.575882,127,4830.830749
289.727881,610,4836.269845
50.173599,151,4837.54414
33.884591,132,4838.65473
82.638841,136,4839.765064
16.458147,91,4840.565167
29.46035,120,4841.594104
135.117237,1000,4850.884119
252.625488,340,4853.952984
74.384004,145,4855.217564
24.295703,131,4856.354023
135.933888,1000,4865.897846
271.931025,343,4868.974391
279.448028,235,4871.071627
252.409199,474,4875.503811
-17.898853,98,4876.417553
45.43714,125,4877.441982
45.750726,126,4878.540485
109.324443,1000,4888.02355
185.191076,1000,4897.073981
56.647735,151,4898.332226
453.975888,456,4903.82595
-17.505391,87,4904.583578
-18.639732,121,4905.619807
279.851567,459,4909.761239
52.852033,160,4911.263273
147.457481,1000,4920.292023
155.874702,1000,4929.659659
50.175193,151,4931.020998
137.147712,1000,4940.728217
42.621776,90,4941.466458
268.389029,353,4944.560825
160.690902,1000,4954.128811
205.831252,933,4962.870813
139.398823,1000,4971.762421
206.170025,799,4979.305769
130.73406,1000,4988.302298
221.958567,335,4991.16317
190.506696,431,4996.099799
28.321354,89,4996.800433
145.037901,1000,5005.758781
-20.165221,161,5006.945224
299.358505,252,5009.032586
11.286076,195,5010.725966
38.021884,161,5012.15071
301.783009,406,5015.578066
236.352958,344,5018.682906
242.953573,641,5024.219186
269.280144,239,5026.156306
231.125674,342,5028.954026
278.80071,285,5031.36832
259.578107,389,5034.751135
263.037867,601,5040.095483
191.952648,1000,5049.196362
188.41733,400,5052.733166
41.476831,95,5053.499115
-25.450776,125,5054.527387
151.461519,1000,5063.823309
157.191575,1000,5072.94794
236.216865,364,5076.09444
255.68732,615,5081.42498
69.55588,379,5086.43214
226.604305,810,5093.523421
270.830359,323,5096.204763
122.25773,1000,5104.82977
262.18976,793,5111.818561
246.068497,533,5116.409154
57.932778,101,5117.207461
31.604938,91,5118.016615
152.001132,1000,5127.374655
14.043421,109,5128.346967
-20.890618,106,5129.146812
188.51733,720,5135.960527
3.060284,1000,5145.373549
-14.042154,1000,5155.064543
59.271356,135,5156.270724
274.548602,437,5159.886081
-8.169121,158,5161.230958
44.279982,169,5162.703173
231.231542,293,5165.259807
-5.383613,1000,5174.241552
68.799818,1010,5187.350812
32.383342,1000,5197.733659
256.212777,331,5200.414145
-30.498225,80,5201.09899
249.497845,483,5205.829325
239.514153,404,5209.549821
209.774916,836,5217.287029
246.317091,309,5219.744487
120.249522,870,5227.872995
264.437833,217,5229.844508
262.026435,259,5232.141642
295.565648,191,5233.79391
262.974508,470,5237.824312
232.50002,224,5239.844788
273.569964,253,5242.126233
164.50449,795,5249.186204
-68.969238,1000,5258.210591
-43.342407,105,5259.070568
130.564142,556,5264.121867
237.650411,251,5266.222771
444.996808,809,5274.773569
206.806725,940,5283.492394
-5.087084,124,5284.466472
21.880273,129,5285.561286
10.971191,105,5286.499347
189.997882,454,5290.485291
29.100736,144,5291.662407
16.517693,96,5292.426851
205.321251,911,5301.368222
-28.8615,1000,5310.600244
250.250597,404,5314.220751
278.087498,449,5317.895307
165.384668,1000,5326.913403
242.632484,379,5330.231033
86.190069,1000,5339.096562
285.181905,785,5346.469597
286.086263,255,5348.588775
-36.467514,111,5349.546276
32.288025,111,5350.49316
-14.896696,107,5351.420757
62.062033,1000,5361.624977
66.545272,190,5366.657193
248.788465,271,5368.922493
219.284232,428,5372.225159
255.642093,329,5375.376968
124.371043,1000,5384.447347
25.352447,157,5385.812264
9.210752,109,5386.809947
279.492701,731,5393.678819
248.423131,398,5397.195294
-91.95683,116,5398.178207
245.643013,427,5401.758894
284.466393,224,5403.818145
295.807876,243,5405.812511
6.237892,102,5406.671575
312.021203,406,5410.016928
297.621351,245,5412.001866
26.561303,130,5413.034171
238.685688,597,5418.672615
247.278495,365,5421.62881
181.760209,1000,5430.598439
286.234595,228,5432.565312
285.337504,262,5434.778751
25.635703,129,5435.756723
0.565938,114,5436.678124
204.49505,547,5441.651924
127.484272,1000,5450.8128
271.037745,217,5453.059947
279.689559,992,5467.521421
257.850198,751,5474.281386
98.272208,1000,5483.354224
263.534269,406,5486.86143
260.144541,185,5488.468429
19.966095,102,5489.402193
129.935809,1000,5498.426385
261.979802,198,5500.175473
162.009588,1000,5509.068605
116.704143,1000,5518.005084
231.541846,257,5520.351046
-44.339291,85,5520.999978
226.587358,813,5528.022643
303.635394,307,5530.761576
266.300238,888,5538.566712
240.43864,267,5540.831661
333.728047,1605,5558.573333
22.592188,86,5559.358127
212.73733,365,5562.525883
283.513201,280,5565.132971
32.53071,126,5566.162408
26.829042,128,5567.193928
144.977613,1000,5576.430797
118.607851,1000,5585.424598
30.824148,287,5587.55552
16.877101,125,5588.530167
18.24886,1000,5598.066658
17.023727,212,5599.861211
-2.611808,375,5603.10192
31.499422,102,5603.948012
22.222387,111,5604.961734
270.824076,897,5613.311695
268.877752,349,5616.131251
168.388487,1000,5625.063372
-0.103364,80,5625.603244
-46.25272,99,5626.283416
109.914328,1000,5635.965891
238.176563,550,5640.940587
95.167491,157,5646.418924
44.399293,142,5647.618052
6.420891,107,5648.580553
128.766429,1000,5658.010732
136.831403,1000,5666.894898
117.190183,1000,5676.075585
126.042983,1000,5685.980492
140.113714,1000,5694.93926
107.375497,1000,5703.789942
136.901148,1000,5712.789906
136.592425,1000,5722.11722
107.184924,1000,5731.401757
174.846843,1654,5749.308536
102.642199,1000,5759.23703
42.829668,124,5760.708502
94.246578,1000,5772.973597
116.06657,1000,5783.795875
4.982802,133,5785.066727
16.628861,94,5785.839462
-4.981048,85,5786.598583
-282.797765,163,5788.085236
224.879131,155,5789.463455
32.521466,102,5790.34568
44.96545,1000,5800.075308
124.464532,1000,5809.471953
52.503211,1000,5818.882661
257.485827,332,5821.944411
60.683298,1000,5830.950823
147.830656,1812,5853.660936
85.222211,1000,5864.417044
65.540723,1000,5874.069414
50.353108,95,5874.911378
99.318357,1000,5884.921922
96.529652,1000,5894.093139
163.809767,1000,5903.138974
222.559723,344,5906.246109
27.982696,109,5907.222105
268.878784,267,5909.544071
69.818852,1000,5918.77748
28.869289,1000,5928.150047
42.175402,1000,5937.811341
106.588542,1185,5956.420041
10.273123,111,5957.479742
71.494213,1000,5966.693763
41.898909,112,5967.65053
46.180246,1000,5977.004784
48.144875,1000,5986.660833
11.388837,99,5987.428961
114.799343,1000,5996.7498
87.976772,1000,6006.220347
231.355784,242,6008.344374
35.535476,109,6009.233129
100.456667,1000,6018.327808
39.876366,1000,6027.493416
106.24322,1000,6036.808135
-1.903916,116,6037.75901
-260.411371,178,6039.306452
6.598102,115,6045.064842
75.503706,1000,6054.352376
-23.60566,94,6055.20213
40.363038,1000,6064.835593
96.838418,1000,6074.154399
24.689348,153,6075.446563
15.949647,119,6076.405084
259.316087,239,6078.445089
54.50715,150,6079.7701
35.775196,101,6080.619728
4.834084,139,6081.79788
-32.100362,125,6082.722438
-174.186643,130,6083.705874
40.559761,1000,6093.150169
232.08679,245,6095.11264
52.000781,1000,6104.829928
145.36085,1000,6114.148829
1.899993,106,6115.115135
54.544223,128,6116.214873
121.268382,1000,6125.802346
271.816367,273,6128.167841
24.352619,103,6128.947057
256.677037,1813,6147.518335
170.722509,1000,6156.624256
31.43377,133,6157.769882
65.564054,137,6158.947342
134.481625,1000,6168.149651
247.656854,253,6170.306268
-99.322452,80,6170.960369
43.593426,122,6171.904585
154.723947,1000,6181.231148
30.372918,125,6182.2576
-28.82992,72,6182.814896
84.985378,1000,6191.983354
123.976887,1000,6200.99225
-90.565706,77,6201.612365
115.997614,1000,6210.532045
90.42034,1000,6219.631979
164.103913,1000,6228.425282
83.166488,1001,6241.229427
99.674513,1000,6250.537683
297.279291,592,6255.673003
-89.542386,78,6256.328278
23.986062,98,6257.145632
-105.428168,86,6257.888341
23.71686,78,6258.597147
57.534977,92,6259.366819
134.229943,1000,6268.675266
55.457944,119,6269.73072
-38.757096,123,6270.715419
254.747634,856,6278.478163
114.488032,1000,6287.376724
-276.905102,117,6288.383488
59.125145,98,6289.242329
37.77925,104,6290.07708
38.004335,136,6291.219138
250.568357,613,6296.309576
114.027495,1000,6305.658165
123.674374,1000,6314.562672
283.972546,1810,6332.672749
110.354361,1000,6341.606894
102.214476,1000,6350.489783
231.593383,870,6358.684533
7.255524,114,6359.638021
159.152145,1000,6368.584913
-11.713332,95,6369.370579
203.676883,1000,6378.374762
19.295486,131,6379.455655
28.817553,115,6380.308199
22.52644,189,6381.884704
125.434828,1000,6391.249713
120.628391,1000,6400.245995
162.090667,1000,6409.3249
43.421745,116,6410.288224
-176.250097,524,6418.915241
222.250229,300,6421.627689
9.52767,80,6422.365301
212.138126,382,6425.653504
133.559382,1000,6434.624989
147.241091,1000,6443.864276
-0.832613,87,6444.546791
-10.218145,122,6445.485687
167.383205,360,6448.354477
-36.312887,91,6449.116712
-12.342474,214,6451.015165
1.290686,174,6452.54867
264.096825,738,6459.11648
28.247877,1000,6468.639231
11.055819,116,6469.589776
-70.351895,85,6470.241861
-32.773427,76,6470.855414
85.783385,1000,6480.450314
106.226731,1000,6489.450032
41.584873,108,6490.383026
270.731175,366,6493.509125
29.52593,83,6494.15513
8.893007,131,6495.214704
71.892991,1000,6504.661109
-40.878543,99,6505.491746
-161.776383,150,6506.692222
52.254354,1084,6519.324295
116.624617,1000,6528.291127
244.538477,376,6531.332379
220.45741,645,6537.215618
139.515118,1000,6546.134665
259.796618,223,6548.02718
119.592035,1000,6557.237319
84.038185,1000,6566.180918
113.502079,1000,6575.117087
172.825934,529,6579.829395
79.69194,1000,6588.849597
168.930907,661,6594.884787
71.932982,651,6603.635835
94.550917,1000,6613.160623
218.772107,213,6614.997307
213.874577,436,6618.752312
19.86609,158,6619.833651
-74.687267,132,6620.817618
80.396256,1000,6630.681955
95.549667,1000,6640.291339
-142.423243,76,6640.935033
96.503928,1000,6650.144483
104.219565,1000,6659.145456
105.536582,1000,6668.425028
112.177135,1000,6677.75958
7.271217,68,6678.318145
173.802678,1000,6687.098192
-17.07979,91,6687.868413
-46.458075,74,6688.447857
281.333593,1667,6705.114304
81.980323,1000,6714.733066
130.810338,1000,6723.967348
106.532813,1000,6732.91278
-0.038638,92,6733.773378
139.809036,1000,6742.557657
132.145787,1000,6751.41257
-60.573335,1000,6761.13062
247.601003,766,6767.716198
145.814633,1000,6777.078693
246.87814,746,6783.501942
195.161596,605,6794.59979
126.452075,1000,6803.706439
57.557469,1000,6813.25509
92.889346,1000,6822.434789
13.404403,103,6823.26537
68.876684,1000,6832.234069
226.057305,552,6837.297906
189.99361,987,6845.947148
150.062699,1000,6854.566441
149.386287,1000,6863.892951
228.025431,817,6871.614715
275.606004,243,6873.561767
191.862752,998,6882.961981
340.094939,969,6896.008397
198.173255,743,6902.701089
191.089802,527,6907.576649
-60.660538,103,6908.400149
151.466199,1000,6917.078834
271.076165,518,6921.592828
243.947514,347,6924.57801
-192.29298,227,6926.405839
288.881859,473,6930.621032
124.475517,1000,6939.97967
121.674348,1000,6949.517289
115.54559,1000,6959.074445
237.170233,979,6967.729671
270.769011,353,6970.807294
334.968773,1852,6990.980497
217.135137,792,6998.018949
150.533796,1000,7006.955707
-19.612999,126,7008.040952
230.871765,973,7016.68915
105.964723,1000,7025.742953
-157.041335,486,7029.97902
-50.182797,82,7030.735781
-12.575574,101,7031.679659
118.41368,1000,7040.596676
115.651878,1000,7049.618999
-23.854146,1000,7058.903842
219.487442,401,7062.340731
267.161871,731,7068.998052
410.403848,959,7080.79573
252.038087,923,7088.774568
220.203017,947,7097.314016
219.290347,886,7105.255964
283.383581,372,7108.618399
127.065306,1000,7117.923298
58.222537,176,7119.254816
237.53495,383,7122.762371
261.578273,744,7129.216964
234.089065,442,7133.008732
283.735448,551,7138.098293
260.102104,442,7141.966865
274.614132,484,7146.102645
-1.813518,118,7147.059624
190.797592,815,7154.773427
114.012986,1000,7163.787142
160.778594,1066,7175.221633
269.486471,298,7177.898253
-91.696337,626,7183.305869
247.05819,821,7190.125268
251.753469,641,7195.556856
279.852539,497,7200.126348
183.243503,1000,7208.954676
282.711455,943,7217.208606
243.106741,356,7220.215365
268.86975,291,7222.622156
15.815005,133,7223.600982
-56.572275,1000,7233.0289
252.836213,241,7235.158252
234.910286,543,7239.920576
132.124517,1000,7248.976573
248.218139,1541,7265.938864
-63.224531,181,7267.442855
153.772087,746,7273.772672
252.385449,384,7277.124378
253.659733,368,7280.411521
208.841199,744,7286.991215
8.450563,119,7287.964505
104.745204,1000,7297.098519
252.901672,223,7298.902563
228.110553,831,7306.126789
136.704029,1000,7315.113976
130.11665,1000,7324.055076
-76.468154,85,7324.743248
261.858194,628,7330.395096
119.375172,1000,7339.595069
241.594148,668,7345.433866
155.761673,1092,7359.696664
224.772546,424,7363.224682
290.43555,212,7364.983449
244.717178,547,7369.90513
-38.555624,113,7370.814899
212.37656,388,7374.101101
260.845161,405,7377.628213
-3.933762,106,7378.548142
143.801402,1000,7387.276037
120.712562,1000,7396.10293
18.191163,112,7397.031025
14.43615,87,7397.708566
122.885694,1000,7406.509737
221.121555,927,7414.90371
113.702386,1000,7424.19053
173.490838,1000,7433.380378
274.571646,1679,7452.377442
165.304233,1000,7461.398441
123.799292,1000,7470.611899
227.489471,170,7472.083702
43.769581,106,7472.993076
101.932982,1000,7481.966087
149.534754,1000,7491.388926
249.808887,633,7496.782758
116.459676,1000,7506.398876
-61.385975,100,7507.245846
-159.700724,191,7508.911396
44.237511,1000,7518.374961
43.360479,116,7519.370308
27.721799,140,7520.590714
-17.7158,86,7521.356506
49.23255,135,7522.566306
11.822455,1000,7532.475377
-415.200628,415,7539.623363
8.997509,85,7540.300857
-48.582089,91,7541.076821
86.749135,1000,7550.971557
59.610126,1000,7560.679864
31.032574,89,7561.384218
-330.630117,100,7562.25472
119.335798,1000,7571.397643
22.536775,83,7572.115084
-83.04032,106,7572.989172
123.963721,1000,7582.114519
49.520043,89,7582.837961
44.698894,128,7583.915094
-46.091452,104,7584.780753
22.999513,123,7585.847894
-58.453589,100,7586.714512
26.200923,140,7587.775514
9.456788,87,7588.475102
113.735595,1000,7597.595183
-12.252646,111,7598.488808
282.364504,356,7601.631189
-11.668849,333,7604.379956
36.268867,118,7605.305278
100.272516,1000,7614.693682
81.280676,1000,7624.306707
77.301036,163,7625.704094
-189.452468,127,7626.761991
180.669047,1375,7640.845866
133.152956,1000,7650.530823
18.698544,96,7651.343112
159.897379,1000,7660.104246
108.37618,1000,7669.217572
24.010217,82,7669.954982
140.301942,1000,7679.013471
127.886093,1000,7688.152119
-70.265349,102,7688.922511
-65.334144,93,7689.717792
258.150707,228,7691.668977
-196.31556,96,7692.457264
285.936597,347,7695.40038
26.983962,114,7696.435409
-10.660387,130,7697.512405
-169.510158,99,7698.368226
126.374685,1000,7707.405838
239.403676,607,7712.844785
243.843424,223,7714.80281
225.071218,541,7719.666776
78.951108,161,7721.026422
84.654117,201,7723.282544
247.978304,229,7725.278385
104.957933,1000,7734.671048
13.403922,124,7735.761205
229.857244,312,7738.554799
277.250145,521,7742.97735
60.652138,149,7744.109588
264.923588,220,7746.072271
292.671432,222,7747.967495
37.849432,153,7749.283484
241.575889,412,7752.863521
249.500202,347,7755.746376
72.980667,134,7756.925281
-289.991078,77,7757.576194
18.529418,89,7758.305182
285.24183,235,7760.365003
246.287335,401,7763.779655
257.108808,376,7766.813365
240.672057,421,7770.576541
24.582349,1000,7779.888345
186.230849,891,7788.49649
60.375607,162,7789.87278
302.084865,353,7792.688696
314.162344,355,7795.649896
272.903797,280,7798.227428
15.393095,108,7799.082369
-23.167504,179,7800.465699
272.837437,194,7802.055071
254.394754,525,7806.701803
275.050441,337,7809.467673
331.283562,318,7814.450018
10.359949,126,7815.599408
246.999654,505,7820.223349
18.733777,1000,7829.338549
81.083703,1000,7838.254883
78.144043,1000,7847.917699
226.977959,373,7851.133847
261.659047,189,7852.746985
283.087245,211,7854.556228
276.355786,185,7856.210465
281.372804,374,7859.74468
-153.854522,669,7866.138221
301.42798,252,7868.396675
299.112887,275,7870.936863
63.043728,109,7871.781952
255.565095,445,7875.78393
240.246647,368,7879.20997
265.600147,362,7882.590469
257.662704,286,7884.992792
252.247348,183,7887.038366
43.601077,1000,7898.939634
52.385625,82,7899.824792
-40.228317,82,7900.779474
0.473275,122,7902.074433
218.002896,408,7906.335301
122.46824,241,7913.12201
246.660319,683,7920.824028
243.942595,269,7923.136804
229.017536,346,7926.19791
256.998679,230,7928.17951
268.851041,384,7931.708137
80.656198,1000,7941.51097
298.181431,415,7945.276448
259.498645,363,7948.575988
60.292845,143,7950.070907
276.610523,150,7951.362157
55.717738,95,7952.382674
246.583452,820,7960.393281
278.975906,598,7966.251184
258.4142,201,7967.980154
56.697254,123,7969.271953
261.937247,320,7972.085896
311.159949,426,7975.836534
34.66272,87,7976.592129
232.277324,963,7985.926518
257.129428,362,7989.430609
279.335336,247,7992.156029
288.079498,579,7998.154124
267.995173,223,8000.755411
279.31751,263,8003.524678
268.172377,347,8007.338267
250.250269,250,8009.98021
259.127196,893,8020.830271
-36.51071,376,8024.014093
1.381447,76,8024.660239
121.889097,1000,8034.168339
-16.371755,113,8035.230359
218.473453,792,8042.485733
31.71731,140,8043.598078
61.132394,119,8044.546573
7.529009,94,8045.283394
53.28787,129,8046.343699
259.68246,201,8048.015029
290.536389,378,8051.498916
-19.650301,115,8052.542572
258.001086,212,8054.321465
259.52552,290,8056.783266
279.035893,561,8061.595162
301.848428,287,8063.877455
285.400667,450,8068.010018
268.762875,572,8073.191239
253.393001,553,8077.946554
300.769923,282,8080.371451
248.143267,606,8085.740916
303.605248,346,8088.586295
-68.280303,83,8089.317835
-183.908188,111,8090.261455
252.76811,197,8091.992062
263.525151,235,8094.046452
30.762573,101,8094.904931
17.971877,131,8095.990062
50.887772,134,8097.040752
200.154496,539,8102.736669
94.00456,1000,8112.029729
39.585901,86,8112.692315
7.367531,115,8113.580741
253.190606,660,8119.527536
-25.493517,116,8120.529623
261.986515,871,8128.18488
242.810696,348,8131.112406
241.891784,588,8136.151433
123.578286,1000,8145.000607
54.936621,1000,8154.124455
270.821524,148,8155.373823
246.374687,455,8159.110578
-161.387994,98,8159.965901
225.524981,234,8162.052695
251.777201,190,8163.725988
11.133108,84,8164.408329
251.152716,204,8166.171614
250.501888,992,8174.695454
255.604657,467,8178.983797
-216.325271,342,8182.061508
251.227704,704,8188.39703
-23.53346,85,8189.162756
0.674837,99,8190.060523
236.368543,725,8197.802799
251.902074,706,8203.962943
-50.373079,125,8204.984107
37.423863,84,8205.687619
110.286806,1000,8214.864195
-110.909544,102,8215.731792
110.90487,1000,8224.569238
153.322082,1000,8233.646497
-2.074002,72,8234.279322
-176.155823,597,8239.622574
194.891609,576,8244.907546
22.356069,99,8245.66247
23.073014,147,8246.863535
64.467882,132,8247.934338
291.188218,582,8252.783479
255.726731,745,8259.470974
66.882894,1000,8268.510126
21.498379,105,8269.446075
-79.299532,105,8270.296288
213.976958,524,8275.148849
-40.1396,73,8275.757413
54.286037,108,8276.675584
286.214194,1413,8293.823891
85.07217,1000,8302.857186
4.003877,96,8303.600462
40.390451,124,8304.570404
291.754247,172,8306.007713
269.94713,317,8308.635289
-20.240826,92,8309.386644
252.90927,370,8312.601743
105.852457,1000,8321.502422
291.319268,226,8323.396679
242.879633,612,8329.178411
20.960626,130,8330.37596
32.927016,118,8331.318346
237.996764,786,8338.002857
246.681313,791,8345.385727
274.314243,657,8351.095437
289.724911,365,8354.228261
61.614144,1000,8363.863261
277.607776,315,8366.691945
-63.087915,81,8367.325697
306.140199,430,8371.228695
270.137084,174,8372.571159
-18.52124,277,8375.2341
29.783284,100,8376.097743
32.543056,209,8377.979074
301.256471,326,8380.811272
230.473752,306,8383.370404
285.04294,332,8386.009994
236.797401,657,8391.931619
275.416027,567,8396.834478
239.226137,381,8400.219539
254.856974,730,8406.686678
243.663812,414,8410.327347
-123.226963,232,8412.359187
235.366457,712,8418.16029
227.26891,766,8425.034586
139.537725,1000,8433.9027
238.818186,272,8436.270419
164.644343,1000,8444.878473
304.184867,399,8448.34503
160.000112,1000,8457.460337
175.088055,1464,8472.646337
110.031143,1000,8481.411632
-29.427565,1000,8490.832971
-123.207706,398,8494.142413
125.039498,1000,8503.022993
-19.294711,113,8503.916644
-106.652353,367,8507.189736
72.679919,1000,8517.088161
134.500408,1000,8526.172502
52.932072,1000,8535.8697
60.975771,1000,8545.281246
25.616959,91,8546.046507
84.177374,1000,8555.085104
-127.546534,91,8556.199774
-25.427169,117,8557.201644
15.130491,99,8558.073316
6.278358,85,8558.846998
214.647228,336,8561.746803
152.41951,1000,8570.589527
80.378903,1000,8579.935288
-4.517092,90,8580.683378
240.969168,307,8583.177843
94.94909,1000,8592.129364
94.716719,1000,8601.550087
98.682833,1000,8610.778099
59.296893,1000,8620.513865
113.999831,1000,8629.506538
-141.128063,203,8631.260237
63.511716,1000,8640.773705
19.482712,802,8652.422576
39.39395,1000,8661.742152
263.573709,358,8664.862643
51.934464,1000,8673.845212
132.844329,1000,8683.065694
48.546975,101,8683.893102
93.766235,1000,8692.879308
123.684219,1000,8702.66932
-45.910972,80,8703.39932
109.157077,1000,8712.249659
-78.080967,79,8712.9067
142.22888,1000,8721.74578
-366.236614,321,8724.707713
90.270171,1000,8734.277263
154.382755,1962,8755.712442
26.430345,86,8756.474797
111.998409,1000,8765.174902
138.572223,1000,8774.585963
-360.110004,161,8776.004352
155.862045,1000,8784.703855
-50.300115,128,8785.753861
158.239679,1000,8794.639602
241.655538,464,8798.720443
131.315467,1000,8807.963348
251.61764,238,8809.945764
161.094134,1000,8819.275287
234.349267,200,8820.845579
248.375744,817,8827.902654
67.597655,147,8829.033285
263.320688,306,8831.563972
475.351776,708,8838.911847
257.019345,403,8842.431039
258.955974,229,8844.382914
255.675288,865,8852.199744
220.639401,758,8859.147103
231.334626,360,8861.928131
251.820913,205,8863.678833
255.657957,773,8870.235917
266.250919,626,8875.771771
282.696792,382,8879.094882
294.237335,289,8881.548012
240.326175,650,8887.62073
249.836004,593,8892.838007
264.445233,225,8894.833462
285.84365,402,8898.177727
247.839199,329,8900.740523
261.856562,388,8904.130833
256.724955,419,8907.937884
260.967014,365,8910.961272
294.292288,267,8913.232897
269.67398,250,8915.0942
256.375664,313,8917.933455
290.407746,450,8921.565423
425.900146,825,8930.289097
264.202965,173,8931.769382
234.490007,440,8935.739283
121.500596,1000,8944.733264
278.019869,654,8950.651708
235.291482,279,8952.897586
291.988846,262,8955.184781
306.85578,312,8957.915533
213.742893,749,8964.800425
283.849103,476,8968.879594
234.32341,591,8973.994157
237.587665,802,8980.721302
257.139819,966,8989.455965
135.991759,1000,8998.238505
265.180019,555,9002.899946
156.616995,1000,9011.993497
6.150493,102,9012.814606
-22.068092,100,9017.334647
127.373583,1000,9026.499049
252.445494,550,9031.045754
247.685414,319,9033.845417
275.677839,468,9037.904286
302.693693,305,9040.393502
276.43503,387,9043.735785
280.358547,514,9048.41247
127.52791,1000,9056.988935
280.774352,511,9061.64423
293.900387,198,9063.295988
9.928299,90,9063.996855
221.134925,558,9069.04587
245.519904,274,9071.40257
275.817267,479,9075.408006
288.270645,194,9077.137219
232.596226,192,9078.710057
300.543066,312,9081.551243
-1124.808769,178,9083.112057
269.913297,532,9087.717635
255.099108,382,9090.795775
229.337633,279,9093.215355
171.09077,1000,9102.096156
275.73206,1196,9117.116349
297.351026,256,9119.431737
290.663201,632,9124.793988
-38.322641,165,9126.121302
252.353555,629,9131.657931
249.943445,617,9136.891441
54.811703,146,9137.945406
255.92204,591,9143.053667
288.580404,463,9147.044598
284.045703,195,9148.7254
244.859811,954,9156.810443
128.117684,1000,9166.243251
71.84138,1000,9175.149215
285.60086,355,9178.191847
255.765959,375,9181.412923
275.955323,302,9184.00664
284.948678,421,9187.625921
291.127646,213,9189.47654
286.15151,356,9192.51775
28.799221,84,9193.19168
298.902402,194,9194.792162
295.027938,404,9199.480067
55.787361,139,9200.663392
126.582678,1000,9210.095471
250.658707,605,9215.474959
19.653426,113,9216.266362
263.695055,243,9218.347139
53.388015,126,9219.516903
26.110511,97,9220.350622
288.231238,323,9222.978215
30.326112,115,9223.950681
143.72441,891,9232.371737
23.338105,120,9233.291212
261.852208,375,9236.421749
227.833372,686,9242.617428
239.410883,377,9245.959828
132.715073,1000,9255.187831
237.291086,354,9258.527598
78.032372,1000,9267.699402
224.59787,202,9269.458404
62.786864,108,9270.423677
256.246902,402,9273.961797
226.433481,592,9279.327013
226.535763,457,9283.364062
26.22184,113,9284.279677
178.800528,317,9288.422094
33.233456,107,9289.40596
289.580808,400,9292.747085
236.631504,302,9295.359694
246.554238,342,9298.296083
47.902432,134,9299.318619
47.642499,84,9299.95613
222.956824,467,9304.083848
264.594192,364,9307.104651
247.196681,758,9313.419494
36.872113,82,9314.14817
268.715672,461,9318.136714
239.526863,633,9323.770771
219.255533,672,9329.886655
78.337396,1000,9339.069448
16.595921,81,9339.694505
222.593503,359,9342.955567
98.325978,1000,9351.952501
52.159704,137,9353.12638
120.590088,1000,9362.179895
283.076372,269,9364.328004
-12.368894,1000,9373.445812
-53.203936,95,9374.207373
449.913799,704,9384.891597
113.524545,1000,9394.225022
107.099415,1000,9403.567409
185.005916,390,9407.108539
222.407306,811,9414.127647
129.435145,1000,9423.297041
219.889815,454,9427.30455
102.983767,1000,9436.132357
104.916531,1000,9445.175409
17.481821,1000,9454.580325
-4.365967,93,9455.433548
244.793512,197,9457.183978
249.377759,544,9462.321343
232.109585,390,9465.553168
227.152726,384,9468.947097
4.392548,133,9470.061706
146.476014,291,9475.658427
-23.711836,106,9476.498979
237.734675,816,9484.146379
109.652604,1000,9493.373774
192.338033,749,9500.191819
104.716662,1000,9508.798803
251.048927,678,9515.178694
98.788591,1000,9524.213372
69.872772,1000,9533.046102
134.569905,1000,9542.339874
148.889888,1000,9551.133151
283.20935,975,9560.058438
