#{"t_start": 1629395889.1219923, "env_id": "ApolloLanderSolidObstacle-v0"}
r,l,t
-141.062651,67,0.031849
-82.538436,43,0.041044
-86.587352,77,0.055161
-170.144724,132,0.082337
-442.964343,100,0.10475
-345.811837,67,0.117619
-361.985917,139,0.147022
-90.116832,81,0.162875
-140.59999,102,0.182899
-108.055776,70,0.195743
-180.707272,141,0.228079
-384.394176,106,0.249365
-123.790741,124,0.274675
-117.588499,70,0.288448
-110.196082,91,0.309643
-320.548882,87,0.326524
-130.273342,108,0.348084
-322.615378,103,0.369368
-158.538972,90,0.38662
-149.424321,48,0.395107
-125.798832,39,0.40241
-118.67586,106,0.42421
-92.961944,84,0.442281
-158.671872,71,0.455553
-249.195048,62,0.466852
-311.561601,104,0.490103
-130.624238,135,0.522213
-226.788769,76,0.589634
-187.791419,106,0.857203
-83.198578,90,1.081986
-143.129124,74,1.279814
-189.21389,114,1.564331
-95.015795,36,1.650359
-102.555134,106,1.915698
-105.22747,34,1.997752
-112.739467,92,2.236067
-89.119269,56,2.378257
-83.569453,73,2.559415
-254.241831,87,2.776649
-67.238088,66,2.941661
-281.567768,97,3.193747
-126.1716,49,3.32193
-155.49639,95,3.561104
-106.210912,27,3.624876
-117.772511,92,3.853889
-404.53843,72,4.026479
-117.420346,28,4.096092
-148.177496,42,4.202118
-60.3923,62,4.363196
-97.141003,31,4.437796
-152.456817,89,4.663039
-102.571868,116,4.96372
-326.976672,64,5.125888
-201.84908,161,5.557211
-171.67239,123,5.864403
-119.968784,78,6.069559
-164.304311,45,6.182722
0.194257,95,6.428342
-152.725199,118,6.728244
-51.54094,75,6.89657
-137.922701,83,7.085545
-325.877755,66,7.230654
-199.665036,102,7.460351
-168.602488,61,7.597653
-125.626603,72,7.769244
-90.446942,94,7.99844
-92.832493,108,8.260483
-106.388105,75,8.439014
-106.890184,103,8.689553
-117.68824,74,8.875078
-108.402831,113,9.142096
-121.003539,30,9.211981
-189.719381,97,9.444976
-84.519108,73,9.623451
-129.281792,48,9.737652
-141.816818,39,9.830003
-100.343949,36,9.914504
-110.976116,31,9.990056
-121.231863,26,10.049366
-123.43962,112,10.323431
-392.179743,94,10.549374
-104.341553,39,10.641475
-63.016875,101,10.881775
-255.040514,102,11.124465
-551.020408,91,11.344126
-101.833241,36,11.429587
-129.504345,69,11.595749
-164.774777,88,11.809395
-100.653623,83,12.01289
-96.370565,124,12.313921
-85.079258,75,12.496825
-61.94312,104,12.74938
-116.633002,85,12.954145
-45.715007,125,13.260568
-87.400286,102,13.509003
-91.980865,109,13.775354
-107.978229,36,13.861898
-97.699375,36,13.948851
-99.922056,29,14.017798
-103.607273,36,14.104075
-72.546982,121,14.404947
-171.810474,82,14.605366
-63.901294,113,14.881866
-126.772799,95,15.119808
-116.928125,34,15.20564
-123.52113,41,15.302613
-108.50055,68,15.465062
-88.52981,116,15.750848
-404.833035,68,15.911364
-79.865937,82,16.105518
-221.678066,128,16.41485
-104.09498,82,16.611485
-336.877555,83,16.806176
-518.653315,84,16.994378
-107.991106,92,17.201239
-29.970301,96,17.41807
-125.197478,95,17.629551
-60.307794,116,17.890674
-39.875443,92,18.098584
-132.818926,63,18.239377
-150.065163,104,18.471477
-103.677891,43,18.763392
-206.335256,378,19.023544
-109.698596,43,19.041494
25.758078,142,19.110004
59.627144,135,19.174915
-121.148652,51,19.292993
-109.689005,39,19.383719
-48.17314,94,19.593655
-46.534248,95,19.813848
13.861475,150,20.173333
-50.651388,119,20.472512
-73.488308,137,20.812761
-251.206375,84,21.021999
-94.387172,96,21.264432
-404.105177,92,21.502657
-107.328196,38,21.60112
-82.189263,31,21.679954
-264.28679,101,21.934854
-113.915735,50,22.062777
-63.692635,93,22.307527
-15.530462,138,22.674859
-124.485444,34,22.760189
-2.233276,111,23.048577
-137.745934,52,23.179702
-118.008593,32,23.262383
-66.664209,29,23.337723
-91.217387,37,23.436531
-114.858495,38,23.532742
-167.573826,120,23.85504
-206.111262,93,24.100737
12.338634,171,24.545696
-149.130647,161,24.975358
-114.85328,29,25.047059
-45.425327,99,25.308814
-127.335781,45,25.424844
-71.402784,105,25.703802
-0.460501,112,26.00126
-123.281629,35,26.090641
-11.80111,108,26.384623
-97.8502,30,26.468039
-65.017436,113,26.771442
-113.39613,29,26.848637
-148.908013,88,27.081342
-103.155093,74,27.271887
-63.537719,117,27.578992
-447.78002,80,27.787188
-317.017319,85,28.008803
-369.63722,83,28.222801
-517.155072,72,28.41575
-19.69824,130,28.754079
-100.524634,37,28.848337
-103.817293,40,28.957907
-96.478298,54,29.104167
-263.077361,82,29.324426
-94.477376,60,29.47982
-111.536813,49,29.61595
-89.664234,70,29.798268
-152.848696,93,30.04698
32.607677,139,30.418253
-114.621902,42,30.524814
0.08075,114,30.822597
-5.848276,125,31.153956
-144.965242,124,31.481055
-23.877862,122,31.805255
-333.319351,89,32.038245
-144.723046,77,32.238418
-3.69766,100,32.500584
-103.191587,77,32.697781
-4.596547,128,33.038084
14.326477,122,33.362219
-104.345232,611,35.258858
-446.355657,73,35.461421
-44.015488,107,35.753192
-126.998929,59,35.909678
-134.38067,64,36.081209
-527.025291,81,36.296287
-85.092626,40,36.401664
-18.010834,91,36.642129
-5.808862,98,36.901927
19.448569,103,37.183705
-443.714278,91,37.42663
-363.225468,105,37.705496
-55.687313,91,37.948279
43.062677,152,38.355731
-150.066822,157,38.78746
-287.197414,122,39.119941
16.216053,127,39.468132
-15.707029,140,39.849034
-88.869463,28,39.924629
-449.069135,82,40.139323
-355.615525,110,40.437721
-5.81829,129,40.782305
-111.346251,40,40.887109
-130.875485,47,41.010985
-404.293251,93,41.25913
-426.377434,84,41.483435
-203.560116,68,41.663888
-76.297614,38,41.765654
44.34766,193,42.291682
44.126399,274,43.145223
-361.019041,667,45.516583
-248.030862,84,46.623822
33.949094,1000,48.077939
-311.341703,96,48.127646
28.939477,1000,49.88718
-3.381709,1000,51.665156
-104.593114,38,51.768802
-42.161577,77,51.970224
-278.379939,459,53.335907
52.086253,116,53.662475
-81.806235,40,53.770872
-98.488116,42,53.88309
-351.593221,93,54.142075
-138.017684,93,54.394406
-145.550731,86,54.63874
125.527459,1000,58.346314
-252.481449,106,58.6331
294.647823,440,59.964771
230.996442,593,61.958853
225.808931,385,63.126432
-99.762482,74,63.326371
-338.208385,96,63.59579
-126.433993,48,63.725308
227.647961,427,65.02739
-325.399561,84,65.257878
158.80732,934,68.732913
-97.752688,40,68.840566
-264.271497,94,69.103758
-104.302648,56,69.25507
236.939196,406,70.453429
3.948648,1000,74.198215
65.182305,1000,77.80813
-67.853964,36,77.909389
-58.113838,317,78.869418
15.047683,1000,82.812514
-79.06542,38,82.91586
-286.86992,102,85.654361
-355.922332,103,85.706778
-256.383622,97,85.756069
-247.957971,335,85.991507
-455.496581,559,86.584101
6.481636,1000,90.35999
-2.659144,1000,94.07737
-375.871752,97,94.345628
-310.114846,104,94.627456
192.449623,824,97.798525
-75.825382,167,98.238631
-153.084555,54,98.382764
212.319055,924,101.519629
-108.53514,49,101.64944
29.150911,146,102.058429
-243.463391,173,102.527714
254.397693,476,103.92993
88.373694,1000,107.674511
-268.527033,92,107.933249
238.460947,492,109.526149
-148.663084,52,109.668213
289.075876,281,110.488313
-241.835741,98,110.771965
-72.231865,121,111.105222
-275.604104,94,111.362577
242.909747,534,113.07612
-133.307721,47,113.20331
-7.300414,151,113.614119
-257.123711,89,113.862185
-108.474312,118,114.179568
202.806649,714,116.684946
218.018896,713,119.352954
234.337307,463,120.915383
-87.66661,47,120.936726
240.625241,472,121.374209
-370.197685,110,121.427751
-94.12611,47,121.448928
-65.599819,41,121.576122
279.889387,627,123.595983
-384.934098,110,123.889514
-114.431803,161,124.340218
-139.007208,106,124.632807
-107.591352,46,124.756401
245.239593,405,125.957005
-77.711424,90,126.201232
268.945885,493,127.780031
-172.927895,104,128.060452
193.060671,580,130.098974
-81.691136,43,130.232976
219.747316,746,132.814561
224.35327,708,135.303968
231.771268,634,137.449501
265.156792,360,138.484543
-107.150061,45,138.602613
-71.371983,33,138.69222
-64.368056,40,138.798716
-136.264262,64,138.969549
-121.238051,61,139.133939
-174.853205,171,139.59505
-133.118466,302,140.445075
-297.408228,88,140.676167
-77.7188,43,140.788997
-87.156168,49,140.920485
272.055048,444,142.239865
213.895624,368,143.375663
271.97792,444,144.713772
254.002676,343,145.740159
268.42032,311,146.634325
235.618113,557,148.351676
284.430037,481,149.785503
-99.126728,46,149.904808
297.507426,299,150.771351
283.288585,319,151.723037
-95.590333,56,151.869159
-111.195319,51,152.002609
-144.759878,555,152.915202
266.629928,355,153.158548
-330.821327,94,153.201414
275.415728,442,153.500878
-76.27417,111,153.555357
294.248211,394,154.731477
-355.924971,108,155.027909
218.895817,456,156.512653
268.066138,285,157.346473
-229.149286,107,157.628801
-612.966341,89,157.858406
-121.460005,120,158.169847
-94.034884,30,158.249881
280.47707,252,158.960012
282.956178,375,160.056999
-93.165724,56,160.201919
-74.71313,36,160.297549
-25.517014,155,160.738876
275.738035,470,162.059557
-89.751531,45,162.174751
-118.550803,40,162.2783
-75.984743,34,162.372118
-83.867226,41,162.478008
-107.689423,61,162.639805
284.570727,670,164.734096
-76.34583,39,164.835489
242.511043,370,165.898279
280.294758,441,167.197452
-99.287968,60,167.356938
263.074867,344,168.314078
-87.418985,33,168.402519
-103.296285,39,168.501561
246.861975,552,170.215855
-5.992534,95,170.476426
-339.165624,90,170.718867
-83.865617,35,170.811051
293.358251,283,171.615213
250.973832,258,172.315474
-377.630925,99,172.575175
257.202052,379,173.769737
290.852539,366,174.844208
213.528282,732,177.110152
-195.453257,92,177.359845
-124.904345,49,177.487112
242.500709,476,178.918908
244.278297,665,180.938364
201.14136,567,182.708213
-216.438588,108,183.061661
-100.67409,47,183.083166
171.553438,1000,184.379365
137.045021,1000,185.559414
-217.288116,109,185.617385
-115.942817,41,185.732202
282.965726,760,188.377886
241.796811,819,191.17716
262.599855,351,192.207928
285.641972,537,193.913786
229.47817,416,195.066463
-95.530387,33,195.147069
-87.374028,67,195.317956
260.880098,536,196.941455
255.896802,449,198.24335
266.54384,375,199.300783
-62.955873,37,199.398322
289.372959,528,201.122458
287.85278,719,203.506418
289.460985,450,204.913386
-93.662322,52,205.051702
228.327058,836,207.766897
266.753984,339,208.807382
-113.65822,43,208.922176
210.531707,336,209.869225
296.846004,620,211.778692
-87.623457,31,211.859437
230.863203,350,212.865495
269.576544,359,213.954639
296.61498,588,215.803862
-72.339612,35,215.897711
271.239193,310,216.946892
-107.905155,45,216.967292
269.184327,374,217.283161
259.658052,275,217.443377
262.70473,268,217.627278
275.241772,195,218.186599
276.783054,509,219.863744
285.180585,275,220.683385
-98.298266,79,220.900989
276.135147,268,221.713946
269.550291,299,222.570006
251.695484,307,223.483542
-79.910133,43,223.604414
-183.384602,99,223.890582
-279.026452,114,224.197951
-252.640789,115,224.507133
-72.89676,56,224.65615
288.813883,255,225.392607
-101.614608,51,225.525571
-113.961599,128,225.891176
-301.189231,87,226.126908
-289.525157,94,226.391464
-372.316741,102,226.677713
266.958264,363,227.768962
-110.195312,71,227.96101
270.061927,450,229.401386
239.395478,569,231.19345
293.40822,239,231.885966
263.100303,901,234.957649
262.078348,344,235.983331
273.381833,578,237.860848
286.750422,483,239.25254
244.818517,295,240.108916
283.505649,284,240.880983
-150.060918,83,241.105069
-354.734403,121,241.444323
-185.290819,125,241.797263
305.295594,220,242.43529
250.920506,507,243.968143
-240.53088,85,244.197647
-164.28634,66,244.374369
-77.995854,45,244.500482
276.128363,370,245.59293
294.839413,275,246.415324
-164.499223,105,246.700674
286.540295,285,247.518991
-274.621331,127,247.745171
287.174806,279,247.900605
282.452869,372,248.19494
-283.569736,84,248.233611
-142.636024,91,248.274573
-304.644795,160,248.723677
-352.657005,137,249.103678
-17.579399,85,249.334697
294.810135,282,250.148056
-269.035472,130,250.519833
-138.10588,168,250.988622
288.369159,312,251.870068
268.96325,322,252.810948
251.917081,422,254.097256
-178.910599,287,254.92486
-336.731197,97,255.186721
289.697562,240,255.854919
-142.031997,386,256.994814
127.624254,719,259.457968
-157.455183,112,259.767077
287.357425,320,260.716259
282.918589,315,261.638796
-185.990033,116,261.956815
282.989014,345,263.009395
285.8199,461,264.419584
285.79071,410,265.621235
-106.57233,214,266.240038
-166.03045,195,266.775909
219.678641,480,268.28084
-175.54645,1000,271.856609
58.709589,792,274.40029
296.974255,354,275.48899
288.838918,284,276.393596
230.90896,339,277.427679
-176.294494,332,278.465945
-95.377576,130,278.872331
268.386912,311,279.225336
-492.449241,175,279.315554
-364.751526,85,279.352909
-486.610842,127,279.418304
-479.608644,178,279.504691
157.060872,1000,283.335633
-217.328815,101,283.62767
-67.73025,134,284.00748
272.926384,832,286.780584
-86.391245,103,287.065886
246.627538,358,288.142042
-238.695033,88,288.379892
-517.936729,109,288.67618
-60.160965,373,289.789669
-231.36668,122,290.121636
-148.230295,156,290.588152
-36.477424,98,290.851635
-528.535035,1000,294.189805
-369.500882,104,294.473698
273.087539,422,295.779344
232.107212,542,297.500379
-150.592653,77,297.707833
302.025135,289,298.519592
246.683822,525,300.136421
254.910642,277,300.924934
-142.177301,111,301.243522
-112.483181,189,301.774123
320.670623,298,302.642219
-191.34147,281,303.433633
-90.233018,109,303.725838
-162.638172,202,304.280884
285.498376,353,305.376272
259.223001,414,306.597714
-187.212765,88,306.840914
271.619219,230,307.501643
-193.065162,356,308.561362
258.468267,524,310.217791
-272.687891,120,310.559537
-276.619909,116,310.664485
183.082796,619,311.174973
-227.98632,121,311.235735
239.494208,422,311.534628
-302.769082,142,311.604841
-66.939387,165,312.068143
-336.078924,306,312.965905
133.093997,1000,316.668671
-244.700071,625,318.608665
239.440484,495,320.169863
285.340523,490,321.690418
268.426605,701,324.035885
275.277775,392,325.207579
-221.15125,546,327.030447
-146.774139,164,327.482383
-202.752557,149,327.903524
-367.233009,389,329.090335
-140.814726,159,329.520237
276.974046,706,331.919002
266.51337,502,333.538543
250.937526,375,334.723037
-308.728431,107,335.02818
205.113774,401,336.240674
275.109079,256,337.005026
-69.268871,782,339.697548
306.393255,384,340.864858
136.721224,589,342.744197
48.120801,126,343.091214
-351.770307,152,343.500376
262.49125,293,343.785741
-96.125986,121,343.843712
162.968014,489,344.302979
272.431117,248,344.442867
-190.552425,456,344.76397
56.565421,174,345.24109
107.868962,1000,348.6524
-134.114262,122,348.999978
294.745399,233,349.685204
251.672,603,351.658289
-291.30996,164,352.120485
250.592239,274,352.918256
241.804068,658,355.060056
-401.827541,129,355.418693
-88.497146,96,355.68706
277.687874,518,357.378546
-341.15952,85,357.616391
267.219838,288,358.466568
-98.449369,120,358.800532
270.365524,234,359.454997
249.113155,345,360.474743
288.563008,372,361.569552
-188.188922,316,362.532152
244.925437,358,363.618101
-112.916632,161,364.068197
-397.080389,83,364.298126
-92.528848,149,364.70964
263.253765,477,366.289052
263.625141,404,367.526786
-108.396047,130,367.886086
234.178544,912,370.953304
255.258129,344,372.112028
-305.850478,147,372.5408
-292.730308,89,372.802943
-415.906637,570,374.764671
-163.717552,103,376.246816
-351.242195,719,376.808606
-350.585618,656,377.374014
136.084149,1000,378.481167
-298.113881,85,378.52832
-94.957401,41,378.654907
-84.911966,49,378.796909
-333.220788,86,379.051095
-125.174147,94,379.327906
-86.63887,142,379.75367
-103.278763,167,380.259499
278.351923,472,381.741181
-114.499475,137,382.126403
-405.332959,263,382.900165
28.633335,86,383.140763
-179.645894,326,384.122331
-345.440543,109,384.433647
23.768137,123,384.79257
-216.087933,621,386.863005
236.117665,637,389.0296
-337.825943,117,389.371671
279.18952,240,390.120244
-350.883948,79,390.358972
-121.578884,204,390.96604
-217.450978,383,392.215329
-89.46255,37,392.318635
314.559799,316,393.273314
-41.570506,112,393.595168
-334.4349,535,395.397798
258.531122,409,396.741799
-144.542752,387,398.006285
302.682868,384,399.239537
314.524541,376,400.357674
-249.362713,377,401.542809
-163.429962,106,401.85149
271.237993,404,403.176864
-256.12848,150,403.61412
-273.767918,72,403.832291
-99.439652,132,404.233015
-103.685954,104,404.536189
258.935073,252,405.287136
-190.299995,373,406.455227
-119.910788,91,406.71786
243.337709,697,408.933625
-139.331678,168,409.427139
-93.533105,38,409.873665
32.319711,181,409.979305
-95.750811,84,410.019446
-363.100108,353,410.236511
-285.53344,90,410.279115
270.434406,353,411.377992
-115.359346,115,411.709015
-35.550894,136,412.125072
288.817423,301,412.969365
-97.961172,27,413.040499
233.86227,589,414.994143
23.802614,185,415.512908
-91.644887,34,415.602108
-298.424556,80,415.816695
-126.22836,206,416.386673
299.237898,306,417.322028
261.41099,238,417.995961
-535.908103,91,418.242175
216.705086,781,420.849619
267.094064,330,421.845723
55.175988,187,422.386425
285.304339,276,423.199941
243.855712,727,425.759701
281.907645,348,426.823881
-109.809493,40,426.929905
232.115248,354,427.992625
118.032961,1000,431.240829
299.42932,302,432.131904
14.747442,130,432.496624
-641.757915,79,432.720611
44.791566,217,433.336274
-147.468488,181,433.846086
-718.311201,81,434.065956
295.790917,642,436.12555
29.705602,150,436.546298
-102.885398,41,436.656107
-123.650888,39,436.766093
-594.28018,68,436.947642
40.859923,256,437.704168
146.544977,1000,441.152779
-74.881176,32,441.241908
293.038016,230,441.596431
272.51573,318,441.827524
279.431475,252,441.977741
-83.404787,27,441.991004
295.437768,298,442.181549
125.30238,1000,445.691007
-100.084515,28,445.769954
302.430923,325,446.739429
290.691991,281,447.55865
246.276382,753,449.981812
276.610678,489,451.56304
280.003984,549,453.294673
-186.401688,99,453.565204
13.839785,107,453.85605
-92.352714,39,453.95617
-117.112464,63,454.11506
259.513457,380,455.217181
-130.445654,52,455.360743
-114.951195,39,455.466158
248.922819,338,456.468555
-298.156853,66,456.644821
-390.016353,70,456.833862
-98.627586,63,457.00545
267.731621,331,457.946246
-266.805216,64,458.115887
-272.013475,72,458.309578
277.314884,709,460.558253
-380.443612,103,460.841972
-118.645773,30,460.923874
268.129059,275,461.735429
300.030915,430,463.041988
-138.25183,95,463.300898
261.54264,404,464.535981
295.551382,300,465.393877
29.769068,173,465.875718
-123.828449,59,466.031281
280.493817,446,467.417072
268.456273,499,468.940477
279.657682,392,470.144761
296.70322,404,471.425964
13.212132,142,471.826708
-100.6202,31,471.914851
-86.228844,33,472.0062
-382.327094,80,472.230167
92.616705,1000,473.831934
-102.407056,63,473.859086
236.690114,550,474.274544
-353.611676,82,474.315653
-88.432955,48,474.336383
-90.775908,66,474.518009
-93.378057,30,474.60255
304.916935,291,475.429123
-347.251481,95,475.689219
-378.680937,97,475.945557
-390.263779,89,476.182924
-258.344747,99,476.458675
287.824418,374,477.568328
-395.238068,99,477.831995
-195.221474,75,478.042649
212.55027,640,480.127641
242.946046,379,481.262162
291.741529,376,482.404901
235.19457,392,483.578623
269.772944,371,484.733957
-408.601701,66,484.913954
-99.158975,29,484.990668
257.693522,625,487.003365
-127.592275,36,487.099764
249.382911,262,487.88791
-329.952494,84,488.122058
291.156858,564,489.959297
233.445505,656,492.050176
267.25031,447,493.38571
290.806978,258,494.129371
-30.144666,176,494.613214
251.415071,453,495.979238
-79.841892,33,496.066946
-94.230479,29,496.145365
260.184951,746,498.372795
-377.335876,76,498.575241
293.730408,345,499.551928
268.194376,288,500.380925
-325.250402,117,500.688116
257.605719,431,501.984987
256.495219,563,503.886641
-97.440594,36,504.618582
242.856643,410,504.929446
-48.029761,177,505.019314
245.384564,462,505.381971
-85.19624,65,505.412457
238.672669,737,507.679129
257.080625,315,508.598414
264.009934,741,510.926148
281.071004,528,512.548152
-124.816787,48,512.677356
275.897482,444,513.926517
-111.755581,47,514.046122
-84.968097,32,514.128237
217.560003,673,516.176347
-312.725127,79,516.389158
-73.029744,32,516.475812
-338.99842,96,516.732434
-87.324631,35,516.824951
-123.268136,40,516.928703
292.32937,495,518.430618
235.100444,346,519.381468
227.346732,640,521.585148
112.290767,1000,525.071837
-118.726133,101,525.345563
-76.140276,86,525.57374
-87.107409,1000,529.236012
-147.021261,49,529.374802
131.205905,1000,532.763385
262.426678,343,533.835962
181.797248,727,536.373142
263.29636,316,537.30933
-92.046813,50,537.435101
-755.85641,105,537.482493
230.227038,441,537.949255
260.962643,441,538.300262
252.260923,425,538.638864
251.126998,386,538.900571
-101.711643,35,538.99817
-122.186281,41,539.105875
-77.414667,33,539.18988
-96.984869,46,539.308851
293.357169,316,540.203092
240.717414,561,542.194358
-108.560466,35,542.323075
83.023157,1000,545.962225
-292.881088,113,546.274991
285.419297,612,548.144379
286.975909,306,549.098428
-102.705292,59,549.260957
293.623051,306,550.172733
-322.707286,93,550.447226
280.628,498,552.050521
45.081089,243,552.757215
-98.530269,50,552.892996
-88.777705,44,553.01647
-123.913984,115,553.324567
-1.981891,134,553.690693
-82.322082,38,553.792351
219.708388,372,554.988522
-121.267811,55,555.137133
220.998745,327,556.134648
99.970554,795,558.870418
-80.462686,32,558.957228
58.305576,186,559.476777
283.832597,606,561.459458
-59.740672,1000,565.043214
-203.362118,62,565.214706
105.556971,772,567.720619
-87.229656,1000,571.225005
-78.19208,31,571.323355
-27.794066,1000,573.193411
11.137379,233,573.325898
85.877006,1000,574.546796
-169.649497,65,574.57604
-47.534707,1000,576.580616
282.197379,598,578.750888
-320.964224,86,578.991128
-102.497958,1000,582.368865
292.111829,356,583.382185
-157.255671,262,584.135254
287.097696,272,584.898406
-78.76902,33,584.98793
-172.501157,88,585.234288
275.6211,289,586.10151
27.605473,186,586.608917
-296.549352,99,586.873631
-98.050387,35,586.966678
-91.368578,74,587.162135
-88.212802,1000,591.162737
-22.606979,228,591.833768
-137.365365,46,591.955713
-117.83952,38,592.056886
269.909892,327,593.051898
223.53921,356,594.130843
-95.875717,67,594.313739
255.509411,644,596.405633
-110.97607,45,596.52205
-118.866335,36,596.61356
293.937972,508,598.224532
293.774559,284,599.031871
-86.006498,56,599.181617
-118.379404,36,599.276848
-266.625596,92,599.559777
256.281342,293,600.429049
-81.721233,31,600.526132
-108.186508,41,600.643883
-66.918497,146,601.077314
-5.793837,126,601.436557
-124.980101,98,601.721977
-344.572467,95,602.000778
191.501542,762,604.549018
221.212502,708,606.911721
-79.31289,37,607.021413
-76.368584,34,607.115268
-251.766478,94,607.379628
-100.840685,37,608.560216
287.810238,246,608.683895
201.636596,451,609.125979
57.532604,212,609.236017
-241.719035,106,609.284095
-121.50876,32,609.370419
-118.157677,49,609.499371
257.758763,422,610.734116
-173.06217,105,611.028071
275.592144,720,613.371085
101.590418,1000,617.036422
273.723534,360,618.123381
-117.891253,60,618.285748
255.27985,585,620.08916
262.449011,379,621.193153
14.210146,134,621.560001
226.85667,746,624.014256
-61.515517,93,624.261638
236.065557,300,625.137538
235.77645,415,626.496597
-99.40087,72,626.687012
-79.006623,80,626.899361
221.838626,472,628.308809
-151.651333,101,628.596039
286.13065,374,629.712997
-279.495211,84,629.945414
-106.067158,45,630.066037
-80.598736,44,630.185593
307.253669,301,631.091988
268.287161,483,632.675711
257.773789,306,633.621894
270.258811,307,634.637038
297.71311,343,635.702869
-98.357971,106,636.021411
-71.202937,82,636.261941
-94.958421,59,636.422877
281.370042,252,637.176678
-77.704959,49,637.311067
-126.517769,48,637.436523
311.148144,335,638.416757
-277.330425,96,638.677343
310.101582,336,639.609763
-77.108421,34,639.699337
-139.199027,81,640.272697
31.769501,244,640.413157
263.161676,283,640.577924
262.922702,274,640.728894
-88.477948,63,640.756665
-92.450238,43,640.883697
-83.632572,39,640.985852
-213.720242,113,641.297681
-261.325914,92,641.54694
255.350285,485,642.988194
-66.876638,37,643.08544
-171.422637,49,643.215521
271.4023,535,644.812415
220.780444,362,645.882624
-81.230735,35,645.973898
71.896329,167,646.464278
300.352812,301,647.366828
40.229743,178,647.869887
86.319232,1000,651.281785
309.892818,303,652.150191
-175.646005,76,652.356214
269.394677,280,653.168927
289.045056,269,653.934625
-61.219989,35,654.029374
-192.579876,73,654.222793
210.459525,623,656.202004
295.972636,517,657.700718
245.689746,543,659.39155
279.661342,303,660.249825
-95.075596,44,660.365593
267.744478,386,661.5455
303.708197,305,662.378199
-374.585255,111,662.666456
275.161029,231,663.305072
258.009159,406,664.511337
-401.254038,100,664.776923
246.479745,359,665.832187
-143.791263,83,666.048459
-347.307765,127,666.391625
-83.198819,74,666.585885
-253.447549,92,666.83025
-144.057912,52,666.963511
273.045326,460,668.383754
-90.911644,51,668.524812
-174.14338,72,670.598338
275.025869,309,670.783365
202.473713,469,671.123556
-334.209767,110,671.175014
307.014486,304,671.37374
242.988322,313,672.277297
319.916305,300,673.146858
43.883657,131,673.524469
252.535877,242,674.235968
-81.265859,67,674.41995
-109.98853,42,674.531773
257.146066,329,675.498255
-394.024142,103,675.775655
281.653893,285,676.600163
-295.601392,81,676.823067
-357.084628,102,677.096959
-106.754123,50,677.229697
-65.949145,77,677.447364
292.869699,357,678.50368
274.784833,453,679.868018
-253.698713,82,680.09534
259.303943,462,681.454035
287.146114,396,682.666282
-130.522807,42,682.78023
-109.513725,45,682.898867
240.13826,432,684.192297
-358.479692,114,684.502111
-98.882601,65,684.680176
-112.303771,53,684.833869
-276.900204,81,685.071403
-84.464695,37,685.177212
39.353332,163,685.630176
181.697065,228,686.286397
-77.972917,30,686.370984
-302.672718,113,686.677277
14.827956,101,686.953017
-82.929021,37,687.048864
-81.385342,38,687.149856
281.218024,434,688.474865
281.735367,671,690.686709
-129.29807,45,690.820286
-87.951893,31,690.907237
-197.277086,78,691.124936
-83.299477,68,691.307971
269.055638,361,692.378
290.493317,416,693.618373
-66.951806,33,693.70554
276.011741,217,694.318466
272.0202,370,695.40249
-100.969885,38,695.505893
-93.557091,68,695.695373
-102.583852,45,695.820946
-152.127467,98,696.105615
243.477789,279,696.918963
-98.369678,57,697.071429
-79.252468,32,697.15524
-324.336368,84,697.391809
-279.107074,127,697.735738
287.184188,286,698.538586
-392.809589,105,698.816417
-408.899773,92,699.060208
-70.748637,32,699.157167
282.576069,272,699.913333
-106.267615,37,700.010326
-91.739604,32,700.510421
-321.871446,83,700.55104
262.07803,242,700.693157
272.875165,235,700.824817
-67.864851,90,700.865745
-354.03903,97,701.133003
-111.150969,42,701.242147
-70.980332,32,701.32364
-101.626679,40,701.427627
-114.147466,37,701.528388
-95.293845,32,701.61169
-324.235205,84,701.83951
-129.660379,134,702.228764
243.136186,374,703.39395
255.083545,616,705.295906
273.64541,604,707.12843
278.663544,361,708.236188
-99.271643,34,708.327608
281.539142,231,708.977076
-191.202917,78,709.190263
278.536431,318,710.142786
-116.454643,52,710.292048
-119.469894,77,710.51506
276.269235,301,711.45323
268.016291,597,713.404208
220.106129,977,716.697158
-101.045739,38,716.799602
52.331403,183,717.298582
20.464471,282,718.085444
221.247042,295,718.965661
-123.28691,43,719.085234
-102.914735,51,719.228163
286.597889,263,719.990085
-105.560615,43,720.100498
-218.017753,118,720.403616
-85.194743,33,720.486769
-268.900266,82,720.707212
-95.062356,31,720.788801
-97.520428,39,720.891817
242.42298,545,722.560909
-121.095417,40,722.661721
-234.987577,75,722.854947
-75.845826,68,723.0422
245.397252,407,724.296225
25.321917,131,724.662393
241.425795,366,725.778062
285.499231,363,726.896345
258.668959,257,727.610494
278.034136,437,728.868987
-229.723758,86,729.103108
5.20218,186,729.622376
-335.275474,106,729.908715
40.415602,171,730.404246
277.147449,235,730.932408
-124.333095,49,730.951095
278.384631,272,731.12032
22.528046,177,731.210206
-132.724441,40,731.225356
255.132816,273,732.036753
-86.002933,30,732.117217
-62.295973,31,732.201463
279.839371,287,733.015748
274.892025,479,734.435138
-96.646109,59,734.590407
12.895117,170,735.063633
264.685131,418,736.333032
-330.943335,82,736.559964
-264.261161,99,736.83033
306.76224,289,737.681705
244.15779,564,739.5309
-142.267931,43,739.640771
288.528571,225,740.275319
-108.743245,54,740.408437
294.088773,311,741.348614
-65.452658,66,741.525625
-103.525288,44,741.630611
-294.738021,83,741.841185
-124.305519,33,741.919775
-81.470293,64,742.075357
290.778604,323,742.975432
284.260649,343,744.011462
-104.120599,29,744.086188
-105.934571,47,744.202513
-121.197987,39,744.301783
269.04797,322,745.214583
-117.749934,49,745.346786
31.889706,167,745.815461
-97.145149,37,745.913355
33.014398,177,746.407181
257.269948,298,747.273019
-177.024847,77,747.479802
277.16523,243,748.178172
145.049538,1000,751.29978
286.176571,237,751.965553
-93.945246,40,752.06787
163.37015,1000,754.974883
275.297709,249,755.670557
-612.337276,109,755.946637
56.913152,142,756.326528
-127.803494,35,756.413682
-203.225796,72,756.599072
182.573212,1000,759.583693
-361.944236,82,760.350583
-362.041964,73,760.385818
164.48464,1000,761.268493
-94.859504,59,761.297189
-103.710739,32,761.311425
-294.277092,67,761.505745
-91.163344,36,761.602494
157.827646,1000,764.822402
-119.02187,51,764.955159
-143.988228,43,765.071972
-138.099684,51,765.200714
7.048317,133,765.561036
23.83362,107,765.853407
-115.25877,47,765.97411
-98.84908,62,766.136858
-292.245637,74,766.33746
-32.626035,175,766.834162
152.540029,1000,769.970505
-144.275341,41,770.077287
-82.445768,71,770.262296
-141.46565,43,770.376713
-315.993383,102,770.650363
-2.458229,154,771.073271
-386.868737,85,771.296043
-14.568461,127,771.635431
34.30012,128,771.98734
-107.189477,53,772.126814
35.628198,152,772.535966
252.840601,308,773.433069
-89.56923,72,773.625447
52.428696,159,774.050811
268.854399,302,774.927318
-97.731388,35,775.017655
260.724131,311,775.908643
276.552303,964,778.693656
202.749796,668,780.793996
-153.802294,46,780.908051
257.099858,391,782.025552
281.841687,349,782.991919
-111.764963,41,783.095852
-106.990748,47,783.212678
285.969203,325,784.086816
90.410016,1000,787.099509
-103.837982,57,787.231266
31.859685,172,787.691716
256.978411,273,788.438798
-308.963743,85,788.659729
278.929144,323,789.589805
-71.69286,31,789.668099
16.664312,171,790.106509
10.997506,154,790.344384
285.258602,219,790.4521
246.563244,240,790.592345
-234.660303,91,790.631829
-85.801708,75,790.661392
-119.916291,79,790.875364
270.471582,333,791.835017
-114.047368,47,791.956017
291.605882,316,792.856147
46.911957,185,793.349343
-83.309908,69,793.526346
-99.405786,40,793.629819
41.918918,168,794.070593
-123.377234,49,794.201309
-112.707415,90,794.433888
20.870958,153,794.83423
-327.306156,83,795.049961
291.339061,311,795.897571
-434.906336,83,796.11693
-113.142772,51,796.247163
256.78256,429,797.518332
-99.297527,44,797.633355
271.087871,369,798.744475
252.56684,824,801.371174
-74.701669,72,801.561423
280.063298,535,803.287212
-398.681589,76,803.484618
269.043295,300,804.309266
-67.378462,33,804.391876
290.73271,627,806.290851
26.255515,171,806.753599
-97.899097,43,806.862186
-149.636494,75,807.056798
-316.688224,98,807.32104
10.683923,123,807.65274
-32.4987,233,808.297142
-231.692709,84,808.512904
41.753496,151,808.914294
281.560186,250,809.607128
-109.386327,37,809.704498
-97.986251,62,809.865058
-273.878418,84,810.089497
-306.914063,101,810.359322
29.647449,156,810.795678
295.767822,609,812.62693
279.776117,288,813.471927
276.66658,290,814.318251
284.456692,279,815.143458
266.413436,396,816.352691
-119.328473,56,816.494305
274.24547,334,817.462496
-142.537627,53,817.620858
301.617668,317,818.500597
308.365185,231,819.588281
-269.432192,80,819.625074
271.267957,258,819.773409
249.125831,263,819.92987
-183.4343,76,819.96569
255.932926,921,823.202096
271.698372,294,824.059298
277.510109,317,824.975656
297.36838,312,825.852437
-123.922055,101,826.119222
302.609334,324,827.023612
-101.452064,130,827.343435
-269.021401,105,827.596112
253.759645,634,829.40071
-51.328769,38,829.495305
-128.17643,177,829.949499
249.353887,335,830.905528
-152.16135,104,831.191483
-377.948821,109,831.488042
-267.967911,97,831.749002
-60.542179,75,831.959718
298.822579,340,832.952613
-148.581227,107,833.237353
290.931133,306,834.089133
272.69319,507,835.587576
-283.174562,110,835.883684
-120.822164,45,836.003158
15.942931,192,836.514162
-316.249859,80,836.72792
292.05506,237,837.36073
-230.248806,85,837.585698
-277.578431,116,837.88856
288.722216,249,838.568477
-128.905428,75,838.768106
312.881913,245,839.449934
38.120266,185,839.940368
-264.972252,89,840.170758
-81.576303,43,840.280288
-128.28046,122,840.595918
283.934764,267,841.346252
250.856677,214,841.918265
-355.066347,92,842.15625
20.312277,176,842.623765
10.618855,165,843.065489
-85.816549,50,843.197354
-345.935724,102,843.466989
-123.953383,71,843.653727
33.574509,178,844.134622
-259.349458,84,844.357318
-333.689088,93,844.601775
-98.51539,78,844.81163
303.180048,335,845.773912
62.71645,163,846.236
266.141408,435,847.665649
31.26861,164,848.109132
-133.33276,47,848.455494
231.883117,471,848.803297
-169.426682,50,848.827171
-176.156435,73,848.861438
-100.862121,65,848.890366
-114.615296,63,849.058875
270.92977,626,850.88215
-2.242872,185,851.370012
-158.874794,123,851.694017
-74.864447,278,852.476472
-301.874308,101,852.7502
178.832697,1000,855.928046
-481.425953,146,856.333352
254.161063,316,857.237686
-111.712196,97,857.507284
-353.103374,107,857.806834
242.474281,419,859.106241
25.322692,197,859.67305
252.12613,410,860.875655
-264.491858,64,861.063825
-182.402044,121,861.401621
11.250766,192,861.965805
-127.401717,47,862.098197
-153.467094,107,862.433798
-300.089531,91,862.699856
-113.118463,70,862.893802
268.492041,369,864.081304
260.947471,249,864.863224
-311.498489,86,865.124325
-245.008335,152,865.576743
-291.293759,123,865.918103
176.228704,1000,869.057028
-116.066122,66,869.228521
261.144874,614,871.0912
-102.016089,77,871.290424
-100.84211,94,871.534364
-185.204019,143,871.898959
268.451404,343,872.811594
255.542256,652,874.825858
234.969907,348,875.84707
268.147356,282,879.016224
234.787764,522,879.467921
-346.682494,140,879.542392
158.223467,1000,880.708741
216.617991,349,880.982799
303.09004,327,881.926923
-266.048248,103,882.200777
133.509918,1000,885.884991
31.673188,218,886.505995
-336.436808,106,886.784618
-351.002771,106,887.066297
295.376336,355,888.070523
-64.540616,116,888.369812
313.333764,315,889.237057
313.264055,534,890.736899
316.11096,492,892.079554
-370.910308,505,893.583598
-213.305027,188,894.075999
274.905255,477,895.421423
-79.091114,83,895.632299
6.662224,165,896.054658
234.839613,437,897.356476
-104.771857,95,897.595349
-97.411043,512,899.074168
281.472295,400,900.247624
-257.039006,82,900.459886
-180.351361,115,900.758138
-191.34693,164,901.192333
-62.784867,39,901.300946
292.028693,532,902.819446
-193.074742,141,903.195055
230.368711,363,904.21129
254.474849,523,905.754714
263.052938,705,907.960981
254.638259,309,908.822173
215.344271,374,909.999231
-63.407609,37,910.094195
100.868154,1000,911.135678
217.322009,306,911.385719
233.950766,286,911.596041
209.949856,285,911.79783
279.992921,671,912.381069
-102.025929,38,912.492079
-158.01478,257,913.256649
205.688782,442,914.581112
-112.793546,56,914.726979
-161.422316,67,914.90315
-109.872512,81,915.114876
-100.422125,34,915.204029
260.2091,309,916.056856
-213.783952,102,916.325161
-109.876695,101,916.586115
-300.735921,118,916.905033
-38.513824,242,917.563359
-229.682023,115,917.874168
-131.091726,48,918.015559
0.602762,105,918.308558
203.994945,780,920.884125
-204.350423,86,921.113759
198.49315,342,922.174212
243.951883,469,923.672008
231.45286,354,924.738316
-380.049844,89,924.991646
16.023311,287,925.82632
-83.028725,49,925.96604
-187.533117,110,926.270539
5.536757,282,927.082992
226.160403,426,928.415924
285.720494,227,929.15004
107.787081,1000,932.705054
243.262239,326,933.701807
254.646337,303,934.634663
-289.633612,91,934.907511
274.387047,318,935.873613
-294.334031,89,936.129045
-92.536433,53,936.281736
287.853487,282,937.133858
282.612851,369,938.295398
240.929009,320,939.255259
263.723996,702,941.602601
-103.237177,92,941.854394
-197.98934,253,942.57705
-125.73614,72,942.772305
-110.938021,54,942.915948
-65.439312,46,943.096215
87.264216,1000,943.861698
287.98377,438,944.152598
236.688807,337,944.396236
290.188319,223,944.53027
243.361062,371,945.729885
-275.123207,133,946.103658
-156.557705,114,946.41317
256.463575,658,948.641814
287.11495,473,950.137403
289.909992,479,951.726709
-101.785876,103,952.020558
205.660637,638,954.078452
250.148207,348,955.138845
292.800581,989,958.332901
-123.227817,72,958.516144
155.537965,1000,961.786843
-82.814546,37,961.875734
307.646359,342,962.845715
212.182097,761,965.411799
265.398437,342,966.4533
268.773168,465,967.911372
284.388898,469,969.450633
-270.114851,72,969.653658
250.709296,277,970.524266
-94.06389,38,970.649574
262.566056,495,972.290345
-72.503619,34,972.388532
269.10178,718,974.782209
-96.442247,35,974.879153
-282.462239,112,975.178015
196.44132,741,977.66704
299.570264,483,978.042836
158.440988,846,979.181
-114.165104,54,979.212837
13.726931,1000,980.423863
-73.08242,33,980.517541
-310.360377,72,980.707191
284.149102,803,983.285414
-111.480804,38,983.389788
-89.161149,38,983.498048
-164.157613,82,983.721386
-132.80601,53,983.860046
147.656724,1000,987.458601
-115.034939,69,987.641858
299.83041,344,988.685888
-134.672907,89,988.942127
280.331969,260,989.67608
-85.627691,32,989.757534
258.186079,560,991.505481
-100.094435,49,991.631579
259.569927,306,992.500212
-96.47476,29,992.578529
290.922449,622,994.643502
269.982839,365,995.744765
-255.084889,302,996.656375
8.452586,153,997.109271
286.599125,559,998.935657
2.886385,193,999.499899
267.31167,559,1001.32459
158.259208,1000,1004.685535
-90.436183,101,1004.954371
-105.034833,117,1005.268922
-462.574039,107,1005.557786
-116.085165,143,1005.940976
-467.534839,82,1006.160369
-139.452283,70,1006.345742
3.989764,138,1006.732999
-342.753521,77,1006.996517
258.012886,375,1008.077996
48.525699,151,1008.489909
-191.647711,98,1008.751147
-269.038208,80,1008.967571
-121.135229,105,1009.237302
-258.929487,91,1009.474766
304.671014,304,1010.322568
-530.133415,91,1010.561812
-70.620952,113,1011.36549
-141.602771,99,1011.410866
295.237373,246,1011.538085
110.720256,1000,1012.516737
-92.104773,71,1012.549057
273.589749,209,1013.155137
-101.580513,73,1013.355755
297.311429,512,1014.986786
-355.789293,89,1015.261043
264.148666,261,1016.003438
266.626045,394,1017.256974
-436.867256,113,1017.536126
277.915204,772,1019.92245
269.016759,378,1021.028602
-339.912994,86,1021.253786
-98.212464,157,1021.670567
-353.020155,97,1021.929301
242.222972,301,1022.788655
233.694984,226,1023.453425
261.829679,359,1024.603884
124.416201,1000,1027.847206
-72.802911,53,1028.005475
183.573426,1000,1031.44753
-127.104606,119,1031.774189
289.068681,606,1033.661582
-370.508819,119,1033.991396
-318.883883,102,1034.274423
245.598728,263,1035.119291
-134.882784,326,1036.097344
-97.376919,60,1036.264787
244.828983,277,1037.079854
277.761778,357,1038.164159
305.25918,471,1039.551195
284.833322,290,1040.42786
256.657024,560,1042.183745
271.004172,188,1043.479421
-327.133407,77,1043.5134
267.53352,195,1043.619529
-120.030426,84,1043.659754
-119.490342,55,1043.682316
-112.944657,43,1043.804555
-114.069942,78,1044.016655
-465.254526,85,1044.253235
240.658784,313,1045.213493
-56.086671,56,1045.366838
230.319526,720,1047.759232
-82.244028,33,1047.848109
-110.258796,97,1048.122091
-389.173511,102,1048.40441
297.970013,369,1049.542283
235.829609,253,1050.33967
280.109942,242,1051.110178
-103.901223,78,1051.347028
256.631697,768,1053.955238
287.874608,276,1054.789014
-125.937246,89,1055.052215
-325.779464,99,1055.356772
-60.191136,109,1055.673481
246.791106,560,1057.489321
-313.591681,94,1057.751035
-130.359139,82,1057.976902
254.194717,266,1058.788551
-108.005429,62,1058.961951
222.705466,363,1060.128218
-112.775868,39,1060.23367
-92.815456,61,1060.396914
-123.405734,61,1060.560758
49.137466,159,1060.995383
268.963619,321,1062.016036
234.471668,301,1063.050267
268.501156,483,1064.681861
60.12346,148,1065.113675
-4.689096,177,1065.632292
295.689608,362,1066.726601
0.202583,106,1067.029248
260.369168,249,1067.762861
-109.427023,60,1067.919819
-99.426961,147,1068.31933
-103.090217,85,1068.547896
-267.168836,89,1068.792776
274.739751,248,1069.539872
-51.153233,84,1069.777385
-153.540271,83,1070.035134
-367.920763,81,1070.276781
-91.023973,44,1070.402414
-278.525441,81,1070.632353
271.676815,467,1072.051322
235.630703,603,1073.831096
1.282922,161,1074.312558
212.318916,353,1074.738651
130.252398,1000,1075.778032
120.686106,1000,1076.761249
-249.950388,85,1076.801794
-85.543911,98,1076.843545
279.284089,509,1078.519994
13.579856,146,1078.928669
-133.340555,47,1079.058247
285.399531,340,1080.056976
-118.375565,110,1080.364376
287.757793,238,1081.041838
2.156011,171,1081.488695
278.093836,302,1082.374995
-102.132362,44,1082.502441
242.85315,984,1085.732044
291.043786,360,1086.828975
-39.899642,303,1087.727729
251.446434,373,1088.827813
260.184371,397,1090.057135
278.174435,399,1091.392519
-119.272338,45,1091.534208
-20.681326,134,1091.940287
-66.357373,36,1092.043687
-281.900226,74,1092.257189
280.193237,436,1093.72856
290.243106,478,1095.29851
214.824699,339,1096.430665
253.464682,360,1097.544282
-164.51119,93,1097.804152
245.538993,334,1098.76697
228.010134,642,1100.899864
274.965596,370,1102.043307
-293.811615,116,1102.385404
-79.473746,47,1102.522623
268.320752,275,1103.384624
302.757801,422,1104.808664
239.102234,292,1105.697296
47.158389,165,1106.172646
-145.438648,47,1106.303066
249.445647,406,1107.624468
-99.439004,78,1108.144835
12.065141,297,1108.340968
231.943302,296,1108.523969
10.014895,382,1108.795393
250.641361,266,1108.97717
249.260775,442,1110.337794
252.344758,424,1111.609784
-376.933608,89,1111.870779
264.597036,483,1113.344157
291.633475,627,1115.315573
-124.325601,57,1115.471012
-146.496395,241,1116.166544
-338.082202,76,1116.409574
-105.434129,45,1116.556378
273.739346,341,1117.639355
-86.872069,74,1117.897763
13.380552,193,1118.52636
-108.277456,52,1118.682101
-344.876742,90,1118.954573
289.855385,336,1119.967437
-23.882643,189,1120.544711
-79.6469,36,1120.66079
241.680998,794,1123.429965
234.899229,301,1124.350163
-116.017042,55,1124.508118
-242.844975,94,1124.783169
258.881954,851,1127.582511
20.140579,203,1128.182968
-165.549351,47,1128.315519
-12.726763,170,1128.812072
283.53728,396,1130.136369
299.551735,291,1131.065785
270.354359,487,1132.801364
189.238389,1000,1136.284451
179.601672,442,1137.718385
-354.110195,82,1137.945565
255.96788,585,1139.884024
226.617109,452,1141.408442
152.699958,766,1142.068365
-100.107265,237,1142.214544
146.017611,1000,1143.491535
-109.339045,53,1143.517403
-347.885702,89,1143.762678
248.482321,622,1145.72297
-177.378004,138,1146.101585
-342.216496,92,1146.357292
-276.752445,115,1146.67853
-134.03253,52,1146.816783
252.044751,302,1147.69027
-80.165404,77,1147.910584
288.177406,366,1149.059018
291.277796,338,1150.109874
288.808606,797,1152.678773
251.302503,582,1154.532302
-111.756958,48,1154.676981
12.252982,136,1155.086867
45.110306,233,1155.782737
94.018173,1000,1159.350187
233.519111,459,1160.880908
-110.026518,72,1161.116501
-192.035712,75,1161.347766
243.974087,830,1164.358089
300.791045,275,1165.204982
-52.26271,33,1165.295481
277.161688,502,1166.790199
-271.821462,112,1167.093467
-8.212398,204,1167.671634
-104.624749,56,1167.821168
-81.053156,40,1167.938375
-275.870308,420,1169.336817
-88.955624,35,1169.437397
-115.341354,62,1169.618458
242.134296,245,1170.324474
222.505488,336,1171.316202
238.898596,500,1172.954821
-103.582702,32,1173.041481
279.509306,255,1173.79905
-101.164751,39,1173.907199
219.484726,328,1174.881071
-142.364571,93,1175.210544
-192.64628,190,1175.311642
-92.474208,40,1175.329978
276.064205,281,1175.500367
-91.237813,115,1175.554596
-333.819012,108,1175.876185
287.226506,789,1178.431216
-139.250213,56,1178.581925
248.112438,501,1180.043346
228.392765,317,1180.927715
-704.637335,82,1181.139778
-236.401539,97,1181.412442
290.749312,356,1182.421606
-0.930604,230,1183.082754
-78.038056,31,1183.166465
-106.227726,56,1183.318743
51.143587,160,1183.759853
6.839503,113,1184.078012
-2.193734,143,1184.487171
-140.574277,48,1184.619493
-313.946544,88,1184.881428
295.004534,395,1186.152029
259.03956,283,1187.131638
-124.618272,59,1187.304396
288.174499,255,1188.119646
-93.256036,35,1188.227103
260.901296,796,1190.911563
199.246619,634,1193.135059
-98.223283,64,1193.309496
257.194122,431,1194.665787
238.576012,311,1195.567095
-496.524914,68,1195.743592
-119.075279,32,1195.830705
271.655675,244,1196.519352
-374.481482,102,1196.777835
-143.515393,39,1196.868657
-83.9228,70,1197.035336
297.09418,492,1198.543558
-123.359605,54,1198.689499
292.09517,416,1199.955066
-109.827444,42,1200.070084
281.170142,445,1201.460791
-125.003293,40,1201.567827
1.596094,188,1202.099115
228.505248,345,1203.135784
-136.460446,48,1203.267674
265.436627,573,1205.161787
-111.239411,28,1205.237295
289.920574,302,1206.163172
191.192532,663,1206.817892
286.315021,237,1206.959129
39.210219,201,1207.058927
-81.330679,96,1207.10327
277.682494,306,1207.330228
-86.806552,29,1207.411879
274.536193,248,1208.108215
-10.267247,186,1208.606394
-115.998142,49,1208.744111
297.000113,324,1209.644017
228.240934,223,1210.268313
278.957821,250,1211.004361
256.240117,337,1211.988845
-322.277366,94,1212.239438
292.899667,233,1212.89229
-102.796958,40,1212.99718
46.956079,199,1213.551795
272.19511,387,1214.700249
-127.909554,43,1214.814251
-67.551769,85,1215.046987
303.249503,236,1215.729554
258.549868,293,1216.597077
206.260778,588,1218.425506
-140.177181,46,1218.547547
277.904076,364,1219.665936
-253.999229,89,1219.925872
294.191287,276,1220.70785
-14.648479,149,1221.115056
-112.642267,59,1221.273302
-371.461029,93,1221.531984
58.40442,158,1221.971914
-353.407496,104,1222.257616
278.116083,272,1223.05351
-152.580619,86,1223.291508
28.222667,182,1223.794407
243.825209,450,1225.119682
-109.475302,89,1225.355052
282.374387,245,1226.046798
-116.310719,51,1226.184783
-354.024628,94,1226.443399
13.806369,180,1226.956558
7.592598,159,1227.410408
268.752994,302,1228.283736
19.978637,186,1228.803321
-129.343914,53,1228.947785
-125.746613,48,1229.074844
-110.824706,44,1229.190082
34.751866,194,1229.737952
-104.011096,30,1229.821862
-95.54673,27,1229.894766
-129.79128,37,1229.992492
21.46175,179,1230.499395
281.830023,358,1231.598761
-472.061909,107,1231.883145
-113.064462,38,1231.984128
-102.206384,67,1232.160811
263.619334,325,1233.197536
288.147103,338,1234.237374
272.543335,394,1235.463411
-259.827508,86,1235.707931
285.099335,269,1236.42721
245.655611,579,1236.959516
-516.54723,80,1236.994205
316.770796,252,1237.13542
-342.365559,79,1237.172592
-114.940047,61,1237.338601
41.226152,166,1237.795474
-279.104005,87,1238.031035
300.428413,267,1238.773823
-63.363854,115,1239.079523
-125.677024,39,1239.185159
-105.706496,35,1239.277626
-105.738207,35,1239.37195
273.110823,388,1240.51551
282.850555,260,1241.243855
283.975156,364,1242.293558
-109.409214,43,1242.408364
-31.932835,146,1242.799768
283.049352,299,1243.652175
-100.538454,52,1243.787479
311.307131,276,1244.56299
-117.184744,62,1244.724043
280.565981,285,1245.543363
26.25312,183,1246.044819
51.220143,159,1246.483964
305.240482,474,1247.841305
-113.099701,35,1247.932876
53.222373,201,1248.493622
300.732447,426,1249.705509
23.286264,181,1250.194353
-329.91325,90,1250.434453
38.900074,209,1251.006094
20.347445,193,1251.535599
294.693378,248,1252.226801
159.732765,662,1254.25356
305.604012,367,1255.296949
-83.113516,38,1255.395499
53.973802,168,1255.852534
278.453455,370,1256.889095
-124.459867,40,1256.993319
-138.656567,43,1257.104602
117.35686,1000,1260.040579
-125.95644,61,1260.199577
-125.288692,82,1260.415753
-100.158851,31,1260.495535
-319.315309,87,1260.730491
285.832885,435,1262.105666
-103.035063,35,1262.197106
-6.256796,166,1262.653473
265.991074,307,1263.548081
262.187521,427,1264.752356
-102.298089,43,1264.867978
-96.422957,33,1264.957244
53.024704,145,1265.364834
-83.943909,34,1265.467441
-61.92567,80,1265.630458
-117.200773,45,1265.651006
242.030682,324,1265.840432
272.722929,264,1265.98753
303.246979,288,1266.16954
-263.690159,75,1266.380583
-45.077658,139,1266.755668
-102.831242,31,1266.837857
-109.250565,45,1266.953334
-10.899548,163,1267.397588
290.317676,299,1268.266439
24.886642,195,1268.814734
248.611641,478,1270.25733
-163.760226,145,1270.654449
264.598323,493,1272.163225
-19.747976,119,1272.482794
-327.678095,85,1272.723842
-56.555192,85,1272.960039
269.190496,486,1274.529938
267.327835,568,1276.276884
286.774819,636,1278.202779
-118.741071,46,1278.327369
290.305051,237,1279.012218
-79.992838,62,1279.176696
262.476183,374,1280.308655
274.309812,262,1281.064608
245.312773,873,1284.000198
-114.538647,52,1284.143027
-46.155074,42,1284.260808
-215.266217,96,1284.528517
282.366639,514,1286.094894
288.465175,348,1287.136234
-117.374376,55,1287.283482
-77.041539,33,1287.374152
288.834624,762,1289.71859
278.234191,511,1291.315466
278.407522,282,1292.160603
271.980662,471,1293.69262
-470.486723,116,1294.012018
-113.121442,38,1294.111609
-82.341783,70,1294.301995
-104.441957,54,1294.440089
175.426405,1000,1297.345888
-540.452426,108,1297.396099
5.487424,1000,1298.647539
-79.429295,49,1298.670148
-126.772171,63,1298.697732
171.382105,1000,1301.84956
237.294594,401,1303.054204
-398.027137,106,1303.344332
21.859662,163,1303.799282
235.499385,387,1304.958387
297.57375,239,1305.642761
292.995692,268,1306.396431
-666.427313,108,1306.68703
187.076262,657,1308.93961
264.046379,524,1310.557322
-630.955724,77,1310.764996
-641.303095,107,1311.059081
-154.131373,57,1311.218199
-154.655581,86,1311.459197
252.006736,396,1312.658724
-132.516459,51,1312.798919
-122.295178,39,1312.903341
234.205612,479,1314.391095
-103.712681,46,1314.517559
244.53276,305,1315.433793
-42.525152,112,1315.750134
9.966452,87,1315.983097
304.892148,371,1317.108099
-66.608866,45,1317.234512
284.137823,236,1317.908863
-111.277861,57,1318.057316
-129.142014,51,1318.18534
225.992754,371,1319.270227
171.1971,585,1321.078897
-123.317358,45,1321.19704
263.555657,438,1322.543576
265.616976,719,1324.806173
230.102095,826,1327.656063
259.794532,283,1328.481991
275.819653,271,1329.446631
-256.972913,74,1329.479532
283.70362,280,1329.640867
302.724784,231,1329.770644
235.579253,395,1330.028824
-19.093814,139,1330.408653
-104.603462,60,1330.56953
273.064782,474,1332.05085
151.591394,1000,1335.35005
-66.811225,33,1335.437512
-22.036092,128,1335.768291
18.083612,103,1336.034868
-271.109144,129,1336.368527
280.014468,705,1338.511455
-125.220725,69,1338.692359
34.446249,177,1339.170902
37.074,186,1339.68933
-345.02946,118,1340.000582
-48.269015,139,1340.364432
13.170117,102,1340.630415
-96.081677,75,1340.833822
292.367388,445,1342.187872
-77.383744,104,1342.479699
11.13177,166,1342.952037
-87.571867,69,1343.142656
-87.092315,49,1343.27713
-270.156248,80,1343.496238
266.888931,281,1344.332401
-58.963068,146,1344.732213
-122.012392,44,1344.851834
259.21088,842,1347.583858
-87.240164,51,1347.720757
219.856322,192,1348.249925
298.094475,754,1350.668034
301.425951,286,1351.516295
-132.129188,72,1351.702939
-62.658169,35,1351.796222
-106.908195,46,1351.915345
-80.684537,36,1352.011155
-119.956806,36,1352.103339
-84.698754,38,1352.203685
-455.042115,69,1352.388969
-100.341437,47,1352.512012
-10.293178,140,1352.896696
280.303495,295,1353.751899
31.839823,141,1354.148229
-85.938184,79,1354.378609
-120.437955,63,1354.549477
-82.138231,61,1354.714247
58.388213,217,1355.336073
257.413803,343,1356.349204
237.131998,608,1358.269804
-57.481715,31,1358.35174
-11.075992,106,1358.632453
-398.475446,122,1358.964511
169.014219,1000,1360.739897
-145.992006,181,1360.829024
-79.254296,53,1360.853468
-10.706132,189,1360.944486
265.056317,330,1361.159406
-127.51593,57,1361.31864
-147.793814,60,1361.479377
210.863854,335,1362.446359
286.17143,249,1363.124355
285.797511,418,1364.419084
255.805218,465,1365.818029
23.508794,175,1366.308897
-90.930039,44,1366.429532
245.912194,386,1367.595106
-271.326246,94,1367.85617
-112.97943,67,1368.041224
252.745666,189,1368.560846
-11.201212,231,1369.208749
-1.545641,184,1369.72686
287.986672,495,1371.162413
-381.790915,107,1371.453098
-80.866626,84,1371.676168
215.614898,595,1373.439665
-172.764001,139,1373.826911
-82.190481,118,1374.15473
15.95379,195,1374.718846
-300.315507,103,1374.993892
286.220339,292,1375.819536
-134.266129,84,1376.043913
-0.442267,177,1376.541736
298.351976,351,1377.60093
254.239447,373,1378.721258
268.447334,351,1379.735226
-321.209059,111,1380.039102
-107.083496,71,1380.228907
310.41348,592,1382.10032
21.809393,153,1382.522615
-247.490767,117,1382.842271
209.658886,651,1384.982445
-115.012091,147,1385.387929
-324.394165,161,1385.838906
278.558736,357,1386.910004
-87.801948,73,1387.109419
-376.234626,104,1387.391491
-388.670565,114,1387.707149
234.696697,625,1389.59666
-87.959206,86,1390.509864
277.406842,269,1390.666746
278.673696,266,1390.824124
-232.722811,111,1390.87732
-28.423735,95,1390.921395
-19.538341,81,1391.140319
2.226108,205,1391.689171
236.26798,677,1393.842793
33.623984,164,1394.273186
-17.645622,242,1394.931906
10.330432,167,1395.384105
-177.577065,139,1395.758852
1.356688,139,1396.130354
-386.687635,140,1396.506325
-8.443497,139,1396.88133
292.537036,363,1397.97447
-265.810363,146,1398.372478
294.742878,525,1400.021241
251.123323,314,1400.899168
-124.117812,135,1401.265408
-149.996707,148,1401.676252
-201.61485,155,1402.104094
-130.946037,142,1402.498968
305.801452,342,1403.482366
219.193854,336,1404.4301
-173.471606,91,1404.672204
239.136911,358,1405.717847
-206.481736,149,1406.148798
15.235135,87,1406.396481
56.706804,98,1406.660488
-222.980161,156,1407.096953
264.568281,289,1407.917664
-92.769608,50,1408.049063
-3.22345,141,1408.45283
-23.986698,209,1409.040846
-362.057306,168,1409.507474
-67.139662,327,1410.44221
222.400807,238,1411.143928
-90.593228,46,1411.273574
260.081183,281,1412.073138
-44.949797,97,1412.336178
-40.854157,103,1412.615422
-39.01513,104,1412.895237
261.834658,338,1413.908522
-120.66459,110,1414.208802
-279.849985,186,1414.735639
36.976242,142,1415.124573
247.207814,886,1418.198178
244.9327,391,1419.358923
-340.452989,66,1419.536814
282.981064,257,1420.202832
259.457452,277,1420.357268
256.204387,641,1421.078784
-111.426283,537,1421.553331
-172.752955,130,1421.62569
-24.41777,62,1421.797239
-248.897366,94,1422.048244
290.329947,473,1423.498749
-59.150611,163,1423.945161
207.451423,466,1425.369656
-434.686705,365,1426.418129
-168.487276,349,1427.54038
-244.627799,180,1428.073049
276.454081,261,1428.839123
296.570837,593,1430.723426
245.542685,488,1432.234857
3.283883,158,1432.705059
237.870652,321,1433.690732
-288.22952,224,1434.328867
252.147248,286,1435.150297
-287.894836,90,1435.389647
289.949545,405,1436.652688
6.508848,80,1436.868965
22.361142,140,1437.264193
-120.2962,139,1437.661978
281.731539,248,1438.404539
262.745087,555,1440.115518
252.721639,411,1441.320625
-141.467985,81,1441.549584
284.796832,331,1442.53715
301.890581,252,1443.305213
238.257721,367,1444.379945
287.021672,337,1445.459164
10.924391,126,1445.799327
-132.737261,236,1446.473451
45.089474,98,1446.749555
-156.065714,307,1447.65417
-207.703597,113,1447.954213
256.462556,334,1448.896546
-85.295591,161,1449.343757
-196.168751,149,1449.750685
288.623039,318,1450.680197
5.884928,133,1451.031917
120.994267,1000,1452.130709
274.815423,478,1452.538993
268.125882,394,1452.832726
41.086505,1000,1454.256342
246.007767,438,1454.68715
15.039376,99,1454.97818
264.544265,388,1456.09521
204.888739,452,1457.602695
-15.962948,130,1457.979075
-86.736973,32,1458.06529
-21.972168,281,1458.893202
236.186749,404,1460.062374
49.965312,259,1460.781419
-255.404355,86,1461.003741
-19.406608,109,1461.290064
262.799288,225,1461.891666
13.446984,140,1462.250634
-4.465817,232,1462.854855
257.465308,235,1463.479697
-400.131121,131,1463.818013
-68.376911,126,1464.135496
-12.929385,122,1464.448951
260.834997,363,1465.489045
300.185619,579,1467.171595
-93.458912,71,1467.355377
280.378989,306,1468.223967
271.244003,320,1469.202666
211.783296,526,1470.868833
-320.330898,114,1471.17893
-377.355491,75,1471.379869
242.370928,494,1473.002341
280.158871,449,1474.304023
221.490559,433,1475.595695
-76.201112,38,1475.697969
283.594549,690,1477.937345
-138.624327,76,1478.135834
-2.605568,213,1478.70674
-96.853257,49,1478.834269
-118.516004,53,1478.971694
237.59875,239,1479.641307
-292.426102,140,1480.026107
-209.932071,176,1480.510031
-101.762667,69,1480.697846
-176.435931,69,1480.877068
-151.728964,130,1481.254153
260.578238,318,1482.166915
-145.176901,113,1482.476107
-98.364785,56,1482.626571
292.387251,213,1483.91416
-74.972594,92,1483.958184
14.649124,156,1484.037642
287.674198,217,1484.163421
300.24711,217,1484.285863
244.429628,477,1485.784799
214.262731,518,1487.436482
223.821757,556,1489.227383
-103.575848,138,1489.579931
-313.945757,193,1490.119268
-122.985665,86,1490.3514
265.090157,718,1492.781897
248.68073,362,1493.876782
241.741976,308,1494.77194
-263.746507,69,1494.975376
173.237046,444,1496.383208
31.173791,129,1496.727448
-45.316179,107,1497.009216
251.828436,389,1498.187026
-172.069133,93,1498.440729
-108.630226,70,1498.627014
-28.50653,112,1498.931562
42.986794,102,1499.209778
200.494311,486,1500.781293
259.213445,832,1503.850229
251.112106,377,1504.963371
-265.687696,188,1505.51423
-145.196576,71,1505.709929
90.578512,641,1507.865501
195.565959,712,1510.258109
218.061669,630,1512.337776
-383.471702,111,1512.630904
-87.68564,62,1512.793392
-271.914004,110,1513.096934
252.543535,387,1516.374578
-212.64528,96,1516.418516
-305.278036,86,1516.458174
208.729943,401,1516.743304
-285.55477,170,1516.826223
-300.641619,78,1517.046529
300.655187,406,1518.218961
291.18391,252,1518.941507
-339.26421,99,1519.209198
17.400478,152,1519.610106
31.399377,150,1520.009363
276.127206,404,1521.140278
258.807528,361,1522.206407
290.359937,331,1523.132553
-339.291533,68,1523.31504
-396.890152,110,1523.609097
-94.700395,155,1524.029415
293.314526,270,1524.7817
-231.552847,105,1525.063611
50.146522,140,1525.447191
268.039511,345,1526.447182
277.338438,296,1527.302474
305.785903,325,1528.242996
273.452499,475,1529.693886
-103.634305,46,1529.810367
50.391281,155,1530.22871
260.424173,470,1531.606494
-101.261145,64,1531.778157
-311.333622,130,1532.129042
270.576814,258,1532.848884
-363.899471,126,1533.190898
-127.588139,54,1533.342041
31.552745,177,1533.833517
257.619321,405,1534.984667
-32.612773,157,1535.409142
308.151934,318,1536.30905
-120.769955,49,1536.437201
-115.461634,59,1536.590483
-218.505127,86,1536.817184
-278.636719,68,1536.992468
-391.657832,115,1537.302001
277.745384,339,1538.229915
-271.989018,99,1538.489717
-9.925325,167,1538.939139
-95.587848,40,1539.042834
299.326221,540,1540.580061
-135.69683,49,1540.706414
-420.599361,90,1540.938396
291.491967,250,1541.616656
-221.594286,68,1541.792649
23.60542,175,1542.256313
-64.47564,231,1542.882205
-102.87406,37,1544.855361
176.663442,1000,1545.635182
-115.350726,50,1545.658439
-94.04569,36,1545.674853
112.829391,661,1546.164151
-88.054518,31,1546.244184
310.738107,506,1547.745196
-309.493573,105,1548.030026
-119.372801,51,1548.166339
-114.411651,40,1548.270469
284.235659,943,1551.212997
-120.031895,50,1551.341649
-114.633753,43,1551.453899
147.969739,1000,1554.67006
271.294618,455,1555.99323
-102.501259,40,1556.096966
-220.988304,133,1556.45382
268.319885,405,1557.608992
-107.478404,55,1557.751022
-88.730564,48,1557.880434
249.459793,552,1559.518454
-320.841067,100,1559.781991
296.052416,390,1560.871735
255.386897,241,1561.576329
-33.463167,181,1562.073832
274.738434,387,1563.204555
7.8454,209,1563.776487
-78.798883,33,1563.861665
-79.208879,47,1563.985795
-135.152557,99,1564.253921
15.307576,165,1564.700279
-19.173362,248,1565.375923
-70.648651,96,1565.626052
-82.243791,374,1566.694825
254.553205,808,1569.233248
280.96766,258,1569.954212
281.799425,208,1570.527154
8.529269,203,1571.088462
264.839789,355,1572.111724
242.609096,269,1572.873458
-104.968992,53,1573.012126
272.624034,273,1573.778201
298.734635,255,1574.48538
275.389139,316,1575.483881
255.676398,226,1575.607554
164.340702,1000,1576.482522
268.808555,813,1577.018408
274.176842,216,1577.140394
