#{"t_start": 1629318451.5704951, "env_id": "ApolloLander-v0"}
r,l,t
-141.062651,67,0.026748
-67.782128,87,0.046022
-197.924394,67,0.06135
-279.513276,105,0.08462
-123.633501,99,0.106163
-334.260422,124,0.134079
-96.12964,68,0.148237
-115.800032,128,0.182725
-122.168452,64,0.195575
-136.090989,102,0.216325
-101.234691,128,0.243367
-116.577897,109,0.266999
-80.139599,70,0.280455
-100.782603,60,0.291681
-111.614655,75,0.305735
-130.79032,79,0.320112
-103.296811,76,0.334804
-296.90333,86,0.350678
66.593887,92,0.369174
-119.317955,89,0.386907
-303.838081,100,0.409807
-47.480419,60,0.421594
-328.251215,93,0.442196
-115.874228,67,0.456161
-124.013335,98,0.477108
-162.400896,114,0.502282
-287.866378,94,0.520903
-148.574264,129,0.611642
-144.017761,99,0.847445
25.186468,112,1.110409
-78.985052,63,1.254958
-117.097589,132,1.558919
-65.46054,61,1.70593
-96.075867,77,1.887645
-117.507136,121,2.173182
-132.653849,104,2.418261
-77.227148,105,2.665736
-82.334714,65,2.81739
-53.853266,57,2.95438
-121.359585,62,3.098023
-77.636582,109,3.355779
-105.524528,122,3.647934
-107.190379,107,3.902047
-102.793044,86,4.108465
-73.346186,79,4.292587
-75.229484,73,4.464157
-83.87785,91,4.675157
-104.135258,78,4.857147
-100.816275,104,5.106089
-119.373026,90,5.321227
-3.776941,66,5.478572
-131.817714,100,5.71766
-137.793849,98,5.949788
-89.000639,78,6.133186
-148.860391,108,6.386533
-112.042832,107,6.641895
-146.088418,64,6.798423
-136.087175,72,6.96841
-104.531458,63,7.11181
-75.304676,104,7.347693
-266.868763,68,7.504779
-83.111676,109,7.761564
-110.963711,115,8.031832
-110.325327,80,8.228538
-81.514764,65,8.381598
-266.897743,120,8.667856
-71.171234,66,8.825578
-97.515372,105,9.07618
-153.279449,90,9.287328
-101.242047,103,9.534775
-108.660846,75,9.713139
-151.433041,71,9.881369
-104.282656,67,10.04122
-210.299627,74,10.213455
-122.532574,94,10.422299
-102.845528,60,10.556039
-44.937487,120,10.824617
-99.378704,79,11.007171
-75.033184,65,11.154386
-33.551751,66,11.304247
-88.501667,107,11.546398
-124.475704,83,11.73445
-61.934299,93,11.955398
-57.123252,70,12.117636
-97.844174,88,12.320778
-88.074758,89,12.525736
-122.454671,92,12.740471
-84.745123,105,12.984906
-76.065421,60,13.121053
-64.600565,76,13.295919
-79.840163,61,13.440054
-55.755683,118,13.711958
-328.461985,99,13.946113
-106.59559,87,14.146567
0.531082,128,14.447491
-161.966726,113,14.715865
-117.755066,74,14.883809
-97.412938,100,15.118533
-58.488568,59,15.256592
-95.988893,86,15.461411
-80.804077,61,15.602892
-90.038729,118,15.875599
-75.608642,68,16.033411
-45.905099,67,16.185141
-98.19723,83,16.372448
-71.474865,91,16.580871
-4.419117,145,16.918645
-56.519157,79,17.101133
-79.171995,84,17.29484
-170.208775,79,17.473789
-123.306891,90,17.679609
-46.282138,137,17.997628
-31.695186,100,18.113503
-38.931168,108,18.162026
22.951866,242,18.304646
-323.941209,582,18.746113
234.140558,298,18.94239
-114.46346,64,19.120152
-56.552094,105,19.421455
-61.551207,104,19.675157
-95.368447,87,19.887626
-95.248199,74,20.078495
-116.704362,94,20.321133
-150.13991,117,20.603169
-93.877654,76,20.783629
-101.45018,74,20.961988
-109.028545,109,21.218714
-78.103178,81,21.411889
-146.974858,103,21.670239
-321.685351,105,21.928528
-34.879744,70,22.090274
-103.966662,91,22.315501
-80.894177,114,22.592152
-75.321557,76,22.773696
-93.441664,99,23.031852
-96.89925,68,23.215579
-77.871269,59,23.355961
-90.759767,65,23.508304
-62.983915,69,23.667295
-88.56705,98,23.896477
-187.836399,109,24.157407
-192.675972,97,24.381445
-73.706445,81,24.569281
-82.937269,129,24.873835
-93.7098,91,25.085035
-33.610209,67,25.239458
-89.56516,95,25.469004
-61.022334,80,25.658388
-58.320594,88,25.866136
-50.308989,99,26.097951
-63.275489,76,26.2745
-111.600315,116,26.55078
-74.808159,125,26.848217
-106.066576,98,27.077228
-61.809809,86,27.280595
-113.963812,78,27.464752
-88.768537,71,27.628942
-65.844508,88,27.839723
-60.772339,89,28.051585
-34.815577,68,28.219961
-63.413473,98,28.450265
-79.387236,111,28.7303
-88.038998,66,28.89061
-50.773276,128,29.206855
-52.736945,91,29.439262
-107.824377,81,29.639069
-125.742348,103,29.886646
-98.252339,96,30.120687
-80.130289,129,30.433809
-94.388882,97,30.667914
-49.277531,58,30.804896
-24.019426,71,30.980016
-98.958077,79,31.184213
-147.255187,108,31.450942
-65.675231,103,31.712217
-82.244651,95,31.943394
-113.902302,81,32.142938
-48.944719,70,32.332703
55.623179,117,32.626424
-71.705416,53,32.754961
-63.374736,67,32.918333
-42.81633,121,33.221864
-97.738167,99,33.468986
-96.108688,106,33.734549
-70.643304,92,33.965198
19.410392,125,34.269864
-104.565562,89,34.479693
-227.926744,128,34.798159
-71.725442,103,35.06901
-95.981136,130,35.4
-129.263108,96,35.628519
-260.54009,139,35.967929
-91.290881,75,36.157132
-55.854475,65,36.32586
-40.649149,87,36.559763
-49.76534,82,36.796014
-68.059774,108,37.062518
-50.410702,74,37.247036
-56.073488,68,37.410788
-50.410079,79,37.60149
-50.713505,86,37.843399
-204.984211,105,38.121059
-70.838442,96,38.369908
-70.192114,78,38.573791
-71.990011,112,38.869797
28.441955,100,39.129153
-68.238292,63,39.283979
-109.03025,93,39.511332
-92.846449,110,39.789597
-57.725737,77,39.986004
-98.523796,86,40.205961
50.872175,99,40.455567
-85.892043,98,40.701336
-36.78223,118,41.024262
-100.771103,89,41.275122
-25.247532,77,41.46761
-67.933042,88,41.689323
-101.649811,63,41.846801
-71.031595,85,42.06095
-53.565382,116,42.359876
-79.958597,119,42.659019
-58.619578,87,42.87418
-99.149726,90,43.100986
-38.834664,119,43.400134
-11.073217,87,43.621009
-318.427079,300,43.93809
-327.000625,830,45.089186
-174.766687,298,45.281894
-62.959798,411,45.605399
-321.348766,209,45.711926
-93.666434,108,46.005539
-81.451392,89,46.239519
-135.840881,115,46.526266
-37.836316,78,46.718025
-39.288088,105,46.990776
-51.802704,123,47.315467
-22.532006,162,47.721187
-32.425182,76,47.908796
-38.674481,83,48.114358
-105.777132,64,48.280941
-40.710216,114,48.567999
-44.575789,140,48.908953
-36.720973,85,49.118917
-73.962174,117,49.400011
-94.258539,96,49.641021
-5.104533,99,49.879598
-57.143086,67,50.038446
-74.82444,95,50.278029
-79.784027,84,50.479389
-26.027553,96,50.712992
-56.633405,124,51.059659
-34.666802,95,51.304404
-58.96455,62,51.45654
-92.145704,52,51.582355
-8.481342,92,51.808462
-75.969902,68,51.97791
-165.840132,80,52.185338
-203.780965,119,52.484331
-3.906948,82,52.688639
-75.842395,83,52.889331
-11.30301,97,53.125267
-159.211058,117,53.41814
-36.195642,111,53.689436
-45.302654,101,53.946044
-75.270226,106,54.219162
-122.347023,101,54.473268
-7.53188,78,54.667784
29.355184,99,54.913222
-11.665443,85,55.122653
-58.779267,108,55.395999
-47.039496,96,55.635832
-164.292635,84,55.8459
-39.832151,69,56.015171
-92.336059,98,56.257153
-35.111543,88,56.473726
-41.587389,63,56.631987
-62.147116,87,56.849189
-146.787899,117,57.150061
-51.74042,71,57.340397
-55.937013,88,57.573376
23.215647,86,57.80056
-65.157742,96,58.056741
-76.69514,86,58.269356
-36.008696,66,58.431679
0.425487,128,58.748475
-36.32255,129,59.097717
-60.359909,65,59.26158
-174.056761,134,59.598845
-24.443289,96,59.836972
-87.208048,74,60.028612
-57.57725,78,60.227478
-31.057924,80,60.436371
-23.189088,119,60.750831
-38.334551,117,61.085253
75.58262,177,61.576936
-119.569052,110,61.850556
-129.100634,74,62.041724
-50.699561,117,62.332934
-14.734527,99,62.579922
-37.698316,95,62.812073
-26.433627,84,63.020078
-75.07285,98,63.263496
-69.5599,118,63.55643
-109.291652,99,63.801551
-28.722061,109,64.075894
-30.776631,115,64.377991
-51.980595,69,64.54551
-68.30286,114,64.831158
-25.218124,111,65.110219
-52.89646,71,65.293653
-68.313366,111,65.572616
2.795117,115,65.859358
-35.664293,70,66.035007
-70.255416,74,66.217989
-103.709413,89,66.462191
-33.708601,89,66.70469
-65.440818,69,66.895398
-29.594072,80,67.097922
-48.445035,97,67.347272
-27.735723,124,67.653158
-64.937863,87,67.865819
-92.339523,74,68.046754
-41.240034,79,68.240693
-63.263457,90,68.461172
-82.568086,107,68.731579
-26.787248,80,68.93189
-17.077787,77,69.126924
-41.646345,109,69.397608
-40.313475,94,69.630824
-29.461948,77,69.819486
-11.100885,192,70.318308
-150.391959,78,70.5117
-4.223575,141,70.875719
-47.76663,279,71.215463
-27.005987,305,71.400146
256.489832,217,71.523983
237.552644,306,71.709939
-9.872735,180,71.805899
-18.415231,127,72.127256
-4.43796,87,72.345187
-45.528034,90,72.566958
37.681289,1000,75.831814
19.836766,98,76.08046
-38.951207,98,76.325851
-17.970113,154,76.723931
-4.24707,92,76.955421
-52.277681,98,77.198663
-43.998356,100,77.4482
-164.433332,969,81.012908
-22.689248,97,81.264811
-45.341844,91,81.498426
14.202421,140,81.864048
-51.792969,122,82.169243
-65.688302,78,82.363956
12.687946,107,82.638198
27.456494,87,82.857507
-19.682086,117,83.155243
3.813947,108,83.427935
-89.660348,90,83.651013
-6.590088,69,83.818662
-22.977182,107,84.084806
-83.239234,96,84.331182
-53.135587,75,84.529925
-63.469832,92,84.766542
-6.114344,95,85.014915
13.556517,106,85.293374
-224.655775,139,85.659511
-4.855082,131,86.001381
-19.060976,87,86.227007
17.990068,108,86.518621
-206.496956,218,87.112511
5.110098,111,87.411753
-45.032942,96,87.670078
0.927627,108,87.948133
-146.187419,219,88.545428
25.957811,122,88.861557
-9.726248,1000,92.491363
-193.436438,327,93.38124
-30.196306,76,93.577053
17.366047,138,93.916899
7.45368,78,94.109936
-5.125566,86,94.319936
-191.202294,348,95.273187
0.670326,112,95.546963
-49.445827,94,95.783672
-299.552587,779,98.209349
18.199138,85,98.431489
-60.405861,92,98.666196
13.253583,116,98.967444
-59.784365,113,99.260854
-1.732283,111,99.543014
-18.852239,1000,102.940433
-33.282925,1000,104.350554
-170.902377,1000,106.151501
-23.571272,1000,107.866798
-36.93906,1000,109.276903
-52.819309,1000,113.044311
5.054103,71,113.227179
-66.131297,1000,116.933957
4.275472,108,117.219517
-6.714234,1000,120.885645
-60.639305,1000,124.736696
-93.258224,125,125.063645
-37.622583,1000,128.659796
16.390784,1000,132.357932
-12.318087,1000,136.807051
-11.351961,1000,139.893119
-9.157218,1000,143.373018
-52.14223,1000,146.888887
15.949501,1000,148.484668
-24.984774,1000,149.816106
-1.291461,1000,150.881437
-18.440208,1000,152.268861
5.319767,1000,156.179963
-14.051502,89,156.428422
15.036209,1000,159.870751
-16.63495,1000,164.08646
-22.764013,1000,167.80208
-10.485552,1000,172.030336
6.150707,1000,175.624864
39.47701,1000,179.113745
-21.395169,1000,183.429931
12.416368,1000,186.78732
12.211474,1000,191.739094
27.29395,1000,193.254076
21.538951,1000,195.369231
-10.995619,1000,197.294855
0.869183,1000,199.041717
13.879389,1000,202.541142
7.488232,1000,206.184369
1.214585,1000,210.145074
-30.328398,1000,214.846451
20.99983,1000,218.391576
16.622009,1000,222.166139
197.279632,945,225.306998
208.694488,964,228.695502
195.32409,646,230.892856
-154.103107,376,232.046979
-11.241129,172,232.539911
201.897138,760,235.459903
234.711945,564,236.446802
171.907791,827,237.652828
24.307933,1000,238.852363
200.429329,698,239.812511
295.824518,349,240.045211
-6.450106,1000,243.7275
-49.752475,1000,247.820659
56.245081,1000,251.423861
175.62103,656,253.782129
-16.56713,1000,257.119
86.271518,1000,260.972805
6.480121,101,261.255424
238.316905,500,262.847941
267.962603,908,265.963149
236.083344,669,268.361503
270.745823,822,271.029434
188.096626,884,274.503268
247.735087,364,276.211084
283.096737,349,276.45204
205.35504,613,277.226636
232.883771,781,278.131739
251.468986,391,278.403829
280.16984,663,280.279882
97.947853,1000,283.954237
256.78399,478,285.459105
-69.229232,247,286.190668
246.949868,731,288.708903
138.782833,1000,292.052577
228.173359,458,293.417785
287.066715,244,294.126112
3.002729,113,294.448145
63.23665,1000,298.227156
203.909154,351,299.29048
258.89861,616,301.334812
249.872579,980,304.707169
234.617324,235,305.3809
-20.068384,194,305.937747
252.599729,491,307.564905
-37.174438,1000,311.356919
161.764143,724,312.598957
-48.402506,1000,314.067287
243.155212,424,314.375704
231.086243,563,314.811032
158.655828,1000,315.950196
249.068184,976,319.511516
189.876526,723,322.41041
-1.324933,391,323.652797
28.307878,341,324.651879
178.438245,990,328.292813
79.573214,1000,331.901053
258.009148,692,334.154029
243.794363,374,335.306249
200.701369,622,337.465948
49.495925,1000,341.153152
225.686397,935,344.585186
208.890995,571,346.668382
213.169358,736,349.422645
224.851096,575,351.335118
187.284893,640,352.420855
-33.729247,1000,354.356887
-12.426553,1000,356.592139
204.181297,664,357.307937
209.451054,608,357.904183
246.482191,349,358.985665
268.552898,357,360.085865
-67.489311,1000,363.516426
230.923016,653,365.617663
-6.465957,1000,369.29297
-51.800015,1000,372.92008
-64.970631,117,373.233192
-21.953916,71,373.423625
235.876543,580,375.370901
19.426683,136,375.747275
211.767758,635,377.953469
237.085112,663,380.297267
-3.173221,106,380.58416
16.356282,143,380.980241
220.401623,918,383.949404
259.055116,460,385.382722
250.944088,391,386.510667
233.532832,540,388.266551
-48.236995,1000,392.217087
109.020479,1000,393.414834
99.044394,1000,394.960757
203.609183,473,395.420516
105.546293,1000,397.040032
269.303076,588,398.885257
7.532752,467,400.414212
294.85788,542,402.069961
268.495168,219,402.688554
258.894055,518,404.25183
291.432064,394,405.469053
210.770395,821,408.67639
-66.041074,147,409.08417
247.477919,314,409.996444
276.064361,331,410.909823
58.986438,206,411.494287
52.450092,153,411.932611
303.201369,326,412.931324
239.866858,815,415.747303
307.981909,376,416.860369
268.862322,382,417.988289
213.979336,391,419.21586
216.555816,936,422.555894
275.83376,522,424.287976
280.076293,725,426.576947
164.924161,608,430.635554
266.008514,336,430.858337
142.757899,1000,431.666774
286.358165,288,431.838256
195.752256,561,432.399507
220.614571,565,434.262316
185.731704,614,436.23971
278.972591,841,439.19835
-175.072968,110,439.510494
182.116175,1000,442.632235
303.654303,218,443.243049
279.792386,210,443.836359
262.136823,223,444.460391
246.213803,441,445.81441
219.500373,899,448.995002
281.645784,368,450.142161
-7.866198,114,450.467245
203.149778,314,451.40012
218.732502,447,452.799188
245.87205,360,453.91828
243.630884,982,457.359618
250.173192,756,459.753053
51.760807,142,460.160928
268.180492,964,463.233385
10.04453,137,463.617018
214.498095,332,464.739594
285.563439,332,464.948716
-30.22917,263,465.094033
225.970243,299,465.269613
283.285443,281,465.419897
307.566691,353,466.45284
237.949087,360,467.551288
120.384974,1000,470.870439
311.881094,262,471.648199
229.556034,244,472.343495
279.603103,248,473.049129
226.603547,728,475.375823
259.979672,759,477.63152
295.343222,249,478.359869
234.746238,465,479.658295
278.184618,881,482.349901
263.858284,247,483.046544
250.176172,531,484.614367
242.234273,430,485.852437
262.897648,198,486.40251
253.877565,265,487.183442
46.86225,186,487.700615
273.446951,234,488.358206
159.400961,1000,491.523262
260.794447,418,492.766411
-215.867808,148,493.178732
244.396456,290,495.918826
272.251585,372,496.194231
142.07961,1000,497.363648
129.4975,1000,498.474777
168.416764,1000,499.312221
154.14184,1000,502.767608
281.075569,329,503.727887
253.736349,394,504.908792
277.886746,373,506.036557
-175.194761,226,506.678131
252.30221,271,507.458231
153.35924,1000,510.819048
-225.471127,155,511.25328
148.879879,1000,514.586971
265.444226,500,516.111718
294.053194,741,518.469657
254.020166,438,519.982291
253.15878,655,522.14513
32.369427,132,522.513905
227.603055,681,524.56895
273.29833,774,527.054309
256.593429,630,528.98709
276.583391,439,530.308914
239.411468,239,531.211853
277.447615,269,531.365264
249.420309,224,531.491705
286.604316,267,531.652525
296.383038,410,531.933388
285.629857,326,532.878172
284.349721,582,534.679777
131.253817,1000,537.842879
-174.095827,244,538.525828
-220.285741,410,539.758636
234.947746,678,541.892309
304.256065,291,542.834965
276.809847,199,543.424276
263.935307,597,545.355991
-325.72409,420,546.613854
286.801272,294,547.460307
272.061575,545,549.185118
269.180587,242,549.866211
261.521517,430,551.148347
240.726374,691,553.437056
231.722565,651,555.461765
250.592834,330,556.443727
163.90102,1000,559.758184
244.053692,856,562.426972
34.30148,85,562.652168
223.80904,253,563.157155
137.726329,1000,564.008091
154.671584,1000,565.138633
-177.201695,485,565.445727
273.624841,234,565.571125
129.188799,1000,568.982939
268.896177,229,569.66191
280.634018,256,570.396874
297.196125,300,571.277659
277.869251,263,572.010409
300.011141,268,572.785449
272.539482,308,573.703252
278.342046,561,575.58685
283.173155,377,576.722668
155.082157,1000,580.031722
286.295668,423,581.303694
247.029534,344,582.323763
243.081523,274,583.099775
-353.386549,114,583.407576
-176.920298,299,584.307621
269.98791,251,585.029603
288.828901,257,585.733801
43.565341,128,586.081153
259.086393,551,587.660848
221.707073,425,588.941433
271.004367,201,589.502687
272.962978,716,591.68809
279.88781,254,592.427908
305.284341,277,593.23214
8.195799,144,593.656157
50.698847,90,593.915255
17.833137,96,594.196906
-98.970659,125,594.564392
279.582718,211,595.191288
23.719247,146,595.600053
267.331448,289,596.107192
57.939012,91,596.148019
161.57616,1000,597.349229
299.886113,216,597.466045
185.512223,1000,598.295304
191.364863,1000,601.414812
298.909688,261,602.202814
46.498369,147,602.62286
42.746056,124,602.967682
18.640869,142,603.366871
251.925149,330,604.328138
263.940727,198,604.87414
275.148265,436,606.144733
12.794164,111,606.487527
247.914348,340,607.515914
282.495218,266,608.298787
274.558197,305,609.18566
284.402797,282,610.0216
17.622224,146,610.418852
8.151563,117,610.741694
255.532528,526,612.377628
-12.38091,96,612.666707
225.099761,223,613.355759
41.597535,216,614.006579
300.965308,313,614.923933
4.921808,128,615.274784
278.38544,213,615.876573
47.305558,148,616.308681
281.475124,391,617.519305
255.09148,602,619.404931
-19.291107,117,619.724617
222.040133,212,620.324836
266.332058,350,621.302027
274.891316,516,622.853432
258.191805,635,624.842819
292.081768,192,625.370425
301.620591,190,625.902588
25.080047,113,626.213626
-1.440087,89,626.456369
67.498119,84,626.685688
145.087745,1000,629.076189
166.140254,1000,630.311498
290.331246,254,630.463418
162.552003,1000,631.525275
276.197636,316,631.714251
310.808145,305,632.618495
271.507992,290,633.467847
275.407314,459,634.820806
37.996802,133,635.18482
265.701094,237,635.835016
279.710125,221,636.439691
242.200889,845,639.15085
6.865724,97,639.416223
48.758866,110,639.718326
327.076979,542,641.364397
34.7357,134,641.748985
192.362265,1000,645.113769
171.410867,1000,648.565179
16.033341,138,648.950577
148.5762,1000,652.124956
-29.338785,150,652.561264
-5.055044,172,653.067097
309.576707,344,654.129851
279.889447,358,655.191261
77.650197,136,655.570327
13.692042,109,655.862632
20.222979,101,656.133022
302.621923,564,657.826598
29.513042,138,658.234443
6.317274,95,658.499084
5.636834,92,658.762813
15.627923,115,659.101404
21.525633,105,659.378191
16.151371,108,659.654082
46.865252,105,659.946902
252.118975,438,661.312566
217.864491,277,662.073963
-33.430234,114,662.340378
45.024155,120,662.396449
250.054487,208,662.505453
17.830895,140,662.575589
22.979543,132,662.635223
33.499472,161,663.070682
62.950113,120,663.417769
16.197374,130,663.764665
158.562374,1000,667.264442
266.530778,758,669.610311
17.705508,111,669.894089
282.218673,458,671.260704
255.709753,239,671.947126
36.867331,101,672.212317
23.430379,105,672.48426
279.671922,252,673.199982
56.636498,155,673.635292
190.861582,604,675.463171
32.047725,133,675.827414
-24.067884,86,676.057426
272.568851,520,677.59216
38.99706,103,677.881168
285.935019,343,678.932419
0.042751,99,679.207155
176.808817,693,681.403299
259.106776,165,681.81967
256.655796,184,682.302246
23.053968,99,682.551805
256.664262,627,684.521712
278.57975,587,686.349272
292.265968,696,688.47898
27.218423,83,688.689279
253.321616,424,689.926982
53.146282,86,690.15885
11.252172,117,690.470751
-36.837635,85,690.695241
44.955098,84,690.922608
29.049139,105,691.195713
-16.125,88,691.425892
21.738611,81,691.645377
-11.196171,69,691.827837
4.198911,112,692.123982
7.603985,81,692.343323
-16.281265,69,692.523179
135.79372,1000,693.292215
290.11059,204,693.384031
25.570209,135,693.446406
42.056346,122,693.498547
-13.011558,104,693.777106
22.641795,82,693.994206
241.365712,512,695.481036
5.574802,95,695.735049
-8.176962,90,695.972339
-38.345658,100,696.243829
24.034349,102,696.515755
267.464043,293,697.35486
-153.76221,116,697.672469
22.102458,74,697.870651
69.703139,158,698.293684
60.340103,78,698.503594
-7.854536,113,698.800203
64.592333,94,699.050262
256.417919,741,701.242018
297.356762,337,702.178432
54.930766,96,702.432614
32.906983,118,702.741927
7.196134,84,702.961359
231.181856,352,703.967998
31.004458,100,704.224164
275.632261,193,704.735067
69.714943,166,705.176204
289.235662,287,705.942986
302.681201,338,706.882311
287.765596,223,707.479037
34.438796,105,707.755839
49.813844,76,707.952375
12.748758,77,708.151683
310.720032,279,708.909368
-241.057561,861,711.612056
31.488472,80,711.823093
39.786317,123,712.149469
275.225584,948,715.166407
-644.426523,242,715.846597
158.571217,1000,719.343499
258.430538,365,720.402553
288.192271,308,721.248863
21.548472,110,721.54117
252.486571,283,722.320794
68.475913,166,722.65867
243.5145,168,722.739322
262.723566,172,722.82036
32.549939,119,722.877722
169.373377,1000,723.867216
267.452665,203,724.420335
254.466129,193,724.964628
43.764961,120,725.285393
288.776918,358,726.324655
278.99346,376,727.426617
290.120977,667,729.336447
302.514614,767,731.590798
-64.832057,88,731.825272
55.022949,105,732.107424
299.641923,271,732.853011
265.693254,430,734.064509
7.60571,87,734.295967
36.689828,105,734.567684
-292.927488,82,734.77908
31.397833,76,734.979502
38.711571,127,735.303087
58.121389,217,735.876411
57.242327,86,736.109648
48.388551,127,736.45608
17.857347,87,736.686794
16.146778,103,736.963085
47.516193,78,737.172837
-26.848591,82,737.383887
48.269786,84,737.600192
20.198122,101,737.863582
42.442133,129,738.203214
270.228252,278,738.961297
13.345973,98,739.229832
13.763902,113,739.535156
48.403962,168,739.996637
32.918556,101,740.273063
-12.314674,117,740.58462
251.096509,672,742.41791
257.957021,305,743.268275
265.194639,318,744.14744
160.773887,1000,747.250125
254.839158,379,748.317936
42.849263,149,748.699248
268.670349,309,749.593813
22.334769,91,749.834597
290.08878,525,751.334751
283.567082,193,751.845585
34.833995,260,752.080092
275.958228,491,752.420853
-1.058583,273,752.578986
227.563678,386,752.884925
243.0758,333,753.130061
299.977355,250,753.823212
313.395072,245,754.499741
275.19734,234,755.111911
287.908379,306,755.967278
-15.925906,99,756.227448
243.558805,363,757.278884
-57.779551,90,757.506055
228.275768,443,758.809266
290.459069,630,760.703415
315.771961,266,761.440867
191.340517,627,763.312587
269.810214,541,764.98674
284.174452,232,765.645071
182.72303,913,768.561359
282.905445,546,770.22401
315.102124,237,770.855721
70.830998,99,771.111593
226.748687,371,772.123739
270.401171,810,774.473704
-6.931858,110,774.762512
-32.893631,68,774.93841
25.331962,79,775.151513
-10.227792,88,775.381735
-34.559454,165,775.819821
41.185646,147,776.211228
15.887836,82,776.429577
-5.443826,143,776.802384
265.517542,170,777.249983
294.842745,411,778.388409
258.842322,312,779.27078
265.885923,290,780.086573
264.497008,590,781.726998
238.298374,876,782.651147
281.612719,174,782.739079
286.665869,254,782.88343
138.225145,1000,784.193323
141.628787,1000,785.365112
277.216319,204,785.914726
252.917008,726,788.102934
36.40042,118,788.394404
-7.78252,78,788.591104
270.899414,286,789.35533
-583.218408,88,789.577337
304.118943,374,790.59262
-16.258903,94,790.829757
167.430434,1000,794.036739
291.923892,183,794.540857
251.077019,416,795.718978
28.849886,108,795.996572
283.33563,509,797.453051
275.936524,467,798.771902
300.682542,548,800.385861
-30.173958,83,800.594005
8.723877,95,800.824664
-329.813577,64,800.973909
246.907911,328,801.840415
-5.518006,147,802.2228
45.025431,89,802.447275
26.817675,117,802.745727
300.817751,275,803.478873
-23.193053,83,803.693276
289.610818,492,805.084801
281.720794,283,805.84706
-156.04902,68,806.022936
-46.615412,66,806.190449
-34.897816,80,806.401834
291.709585,461,807.719822
309.024508,458,809.036172
294.208551,418,810.26556
276.665964,880,812.963902
145.174567,1000,814.856158
147.203398,1000,815.7709
239.306918,843,816.642863
240.346945,975,817.603338
221.373904,716,818.242619
189.140149,1000,821.368779
144.283279,1000,824.729789
308.436082,323,825.65653
292.514755,399,826.808556
70.893851,130,827.155779
300.73592,278,827.918251
305.725772,497,829.362313
-91.014279,89,829.594346
259.398222,484,831.021529
284.873698,309,831.921525
289.804831,454,833.238871
291.974684,618,835.063232
308.816867,509,836.589213
257.741583,365,837.669072
286.324105,294,838.530391
39.051256,111,838.830482
67.936407,142,839.266275
284.889883,350,840.328951
258.433772,491,841.842701
274.540053,294,842.662117
250.181246,697,844.954618
238.094,302,845.786542
273.861826,276,846.557347
258.421194,199,848.554041
263.277428,280,848.722641
275.153021,166,848.805659
277.83952,198,848.913872
268.839347,194,849.016345
249.037955,526,850.680097
251.842203,278,851.479606
244.146819,614,853.324793
248.453423,286,854.142334
267.608433,203,854.692429
262.557345,231,855.319229
293.62443,223,855.935483
286.190913,403,857.083574
159.053751,1000,860.084116
48.563826,90,860.33214
233.355853,483,861.760099
296.712936,369,862.846295
54.153501,77,863.054562
142.231217,1000,866.16332
260.099038,573,867.914567
29.026288,110,868.198452
302.830899,190,868.693349
251.594031,455,870.020502
289.566985,860,872.699095
272.992026,534,874.288625
271.511234,301,875.153927
297.915252,318,876.144944
242.177931,517,877.71446
150.249723,1000,879.648918
247.777563,297,879.833477
273.070401,302,880.012131
290.077406,219,880.118679
256.871305,190,880.2124
289.654241,383,881.354205
297.017593,214,881.945708
27.191036,86,882.171909
258.05067,557,883.837151
266.686017,751,886.334017
237.643946,449,887.679802
240.228618,339,888.661518
242.369737,446,890.053232
40.143533,89,890.297084
35.844242,164,890.755297
-7.386363,87,890.996994
249.973256,298,891.894047
256.83641,219,892.510668
33.337757,105,892.802098
34.734354,103,893.096812
267.803906,530,894.755023
280.040725,233,895.411288
257.838061,207,895.991103
278.817943,221,896.620168
24.245322,81,896.837228
277.02228,208,897.407411
-166.700632,188,897.929497
264.371126,494,899.443353
270.360279,206,900.012749
14.663432,125,900.343052
281.610309,457,901.716851
1.066006,115,902.028207
-6.88981,135,902.391439
279.590543,498,903.921006
276.357736,568,905.654782
241.305677,931,908.884856
276.792071,503,910.338328
274.000701,210,910.485089
245.468817,237,910.624934
281.733612,277,910.767969
241.505471,225,910.880897
281.392873,207,910.992031
281.559282,419,912.217149
3.165618,109,912.497824
281.485849,414,913.705416
241.751673,712,915.873582
278.86092,967,918.971629
285.569355,224,919.580788
267.597351,257,920.253878
44.684498,135,920.611005
284.502853,609,922.533789
238.269587,231,923.189622
293.785325,228,923.794208
14.14074,116,924.092133
269.115897,447,925.368427
-54.762643,125,925.685422
276.79411,238,926.315555
160.672215,1000,929.58635
140.880169,1000,932.747291
249.432871,611,934.626977
264.337896,242,935.275535
268.304424,831,937.889597
32.916139,112,938.175891
256.451074,212,938.738591
282.526065,662,940.639116
236.845401,791,941.832407
232.880265,370,942.12243
227.43438,828,942.874802
160.895473,1000,944.2168
286.043765,185,944.313434
261.903569,404,945.519095
125.539974,1000,948.610649
45.188326,108,948.892712
250.812381,413,950.106752
271.574722,284,950.887682
272.457765,302,951.688086
261.32682,425,952.862734
268.54747,845,955.392527
-65.066418,539,956.954843
276.582453,801,959.459015
277.733513,350,960.49973
36.222486,110,960.797664
-1.648926,116,961.107254
245.207736,343,962.099139
247.90206,559,963.805213
254.665868,453,965.085288
35.521217,97,965.341332
4.916745,85,965.571162
277.401924,376,966.67995
293.030077,382,967.779359
268.636731,334,968.736006
266.713005,278,969.500485
0.967603,82,969.721348
271.344474,414,970.925828
281.686103,410,972.181915
272.182469,181,972.681819
42.982783,164,973.119882
31.828735,78,973.33058
129.219075,1000,974.499668
273.044803,187,974.600541
243.120242,244,974.751247
47.151256,274,974.925043
299.342754,174,975.024332
274.644439,356,976.07751
242.223219,387,977.25887
274.98931,539,978.899958
39.595965,133,979.275572
171.832099,1000,982.536018
274.252467,425,983.855364
290.252583,674,986.089411
64.830678,92,986.35063
267.643017,401,987.584811
258.985478,335,988.614263
279.883267,528,990.451089
237.591375,339,991.553023
158.727968,1000,995.033054
1.959422,83,995.266939
246.827689,573,997.004555
25.460373,126,997.32672
1.364349,134,997.676961
3.526656,150,998.082499
273.662467,195,998.645717
275.768578,219,999.275937
271.291464,400,1000.542974
264.8984,886,1003.537463
286.649477,181,1004.053937
287.647883,589,1007.31799
270.019807,273,1007.486967
261.539603,272,1007.691325
153.614436,1000,1008.658538
159.856007,1000,1009.812621
297.793922,391,1010.962099
257.291079,835,1013.593718
134.910897,1000,1016.737422
266.121608,196,1017.265569
270.137379,249,1017.923552
52.666785,115,1018.222449
289.905938,186,1018.715978
275.678347,243,1019.392304
257.48769,794,1021.850659
5.455416,115,1022.158236
216.911611,357,1023.265462
28.782314,117,1023.596285
280.284563,260,1024.356113
269.676599,206,1024.92186
-452.175277,92,1025.188336
44.539913,158,1025.623568
237.643096,448,1026.921183
288.613659,465,1028.370536
242.668226,349,1029.424625
282.724405,202,1029.980252
249.725381,829,1032.579348
294.375402,404,1033.782293
267.816582,766,1036.021748
288.587841,235,1036.712625
260.370228,386,1037.848652
37.563359,145,1039.825787
258.828137,186,1039.922073
274.897338,191,1040.025511
305.858401,239,1040.155903
283.84076,183,1040.240764
244.318035,206,1040.811096
210.732408,263,1041.52818
242.688118,241,1042.134247
17.267631,106,1042.3976
285.676946,421,1043.602797
271.367912,331,1044.51846
56.698208,157,1044.912801
55.094643,141,1045.275048
308.912511,274,1046.000249
295.493915,651,1047.853591
58.52406,148,1048.232677
31.876752,128,1048.563014
5.211435,133,1048.912669
266.634491,545,1050.480979
265.314745,495,1051.863061
51.782876,263,1052.596499
279.205659,347,1053.555332
273.772049,397,1054.717542
260.808349,290,1055.504828
42.415589,148,1055.88173
294.367105,384,1056.975557
252.897885,679,1058.945033
14.982449,96,1059.201555
24.539062,97,1059.468163
300.231776,369,1060.530647
266.912196,322,1061.42061
240.263764,321,1062.335218
259.334256,459,1063.718353
294.990328,242,1064.374287
270.676281,563,1066.10272
281.728523,183,1068.577166
258.132638,247,1068.723834
246.886584,219,1068.845721
271.202373,232,1068.97993
239.388381,606,1069.490719
153.958727,1000,1072.649985
294.953332,525,1074.208978
196.884084,1000,1077.377492
-517.699577,303,1078.213858
230.944096,619,1080.1814
239.757917,297,1081.047087
267.183289,630,1082.988855
154.528007,1000,1086.337518
279.055548,570,1088.022455
42.883867,89,1088.261235
192.610089,996,1091.515031
293.314625,296,1092.348462
180.529612,1000,1095.376306
259.555026,903,1098.166817
258.582123,203,1098.719502
142.039217,613,1100.968621
281.847125,273,1101.146366
265.935287,198,1101.243888
254.009994,349,1101.474647
178.573524,1000,1102.405525
264.221079,272,1103.159137
49.194265,178,1103.637218
-260.411299,83,1103.850986
256.307345,477,1105.318313
270.784722,870,1108.017586
213.05486,616,1109.889892
161.114768,1000,1113.114326
247.616844,582,1114.821066
145.811465,1000,1118.025352
260.228477,804,1120.374416
261.721276,685,1122.523142
275.748976,314,1123.412015
234.770934,503,1124.856761
290.401205,247,1125.546962
295.14963,531,1127.107508
267.369085,439,1128.388323
268.754017,213,1128.967077
294.643502,960,1131.897251
289.341144,236,1132.650508
27.537803,173,1132.734163
213.168043,968,1133.644031
286.017653,240,1133.766417
253.154392,203,1133.877076
56.559236,180,1134.359247
261.446172,255,1135.051189
148.341162,1000,1137.961358
261.375217,236,1138.598429
46.568828,119,1138.913401
260.034088,479,1140.290111
309.399364,352,1141.249486
247.078459,404,1142.415458
272.31371,597,1144.221825
288.192014,356,1145.233231
287.009525,831,1147.64814
176.536876,1000,1150.816775
281.05182,558,1152.383487
247.215333,449,1153.705896
257.670075,263,1154.415869
13.418658,105,1154.6832
256.498358,163,1155.101382
302.724355,246,1155.761398
172.488967,1000,1158.867471
296.072722,565,1160.635248
148.767634,1000,1164.263827
168.515508,1000,1165.322972
320.047651,230,1165.463048
281.350486,519,1165.848814
177.597742,1000,1166.804512
40.020858,125,1167.131235
11.51953,193,1167.647729
38.193515,121,1167.960742
253.197329,601,1169.692954
256.203237,213,1170.247141
260.183002,289,1171.024945
31.363146,143,1171.396404
284.915347,300,1172.240479
280.919106,376,1173.326529
9.337162,125,1173.648074
17.909074,132,1173.989601
7.877611,118,1174.295843
290.119748,199,1174.831638
40.250415,133,1175.178316
18.015397,124,1175.501664
253.303777,203,1176.046567
224.57271,330,1177.005174
14.515263,124,1177.327433
216.197294,355,1178.35597
252.110718,204,1178.914389
-10.978519,119,1179.223293
243.062439,278,1180.000093
-21.915384,123,1180.321171
254.575542,224,1180.923996
83.235481,1000,1184.037796
-0.768897,164,1184.472501
20.981156,129,1184.80651
266.080088,267,1185.537136
35.543891,111,1185.822007
-154.067293,355,1186.803227
309.653971,347,1187.734149
29.420695,86,1187.952951
-19.835007,118,1188.25529
256.587738,215,1188.851554
302.870954,205,1189.402798
-1.290876,122,1189.721329
25.293812,98,1189.969661
259.988331,822,1192.653603
64.76461,83,1192.878368
-234.335916,98,1193.133191
143.210195,1000,1195.873683
23.677296,87,1195.914152
153.143365,1000,1196.648728
23.430753,130,1196.709601
59.186662,76,1196.744431
48.667831,80,1196.963663
177.821108,1000,1200.065048
13.826751,102,1200.333075
24.842177,133,1200.691176
252.96154,628,1202.489355
-15.757199,154,1202.870359
33.616079,135,1203.201073
267.39527,803,1205.701979
-37.573805,90,1205.938008
-50.630269,92,1206.167812
-14.500183,78,1206.367352
19.327449,87,1206.599655
-29.065645,110,1206.879912
25.647425,114,1207.170794
6.46085,105,1207.444317
47.614339,83,1207.660927
-18.531728,93,1207.904159
-6.505054,92,1208.147647
283.112681,324,1209.034616
-50.387261,75,1209.223395
40.777277,117,1209.512884
295.489675,509,1210.966909
270.469691,663,1212.845764
18.358208,93,1213.091428
0.673236,107,1213.378908
-1.738268,77,1213.58345
32.47812,122,1213.928033
292.785517,224,1214.568093
40.78643,132,1214.929963
36.084293,139,1215.303778
-4.435231,117,1215.610402
55.787555,93,1215.853293
177.627677,1000,1218.926966
-42.626892,108,1219.20482
154.871824,1000,1222.322912
22.124028,106,1222.603895
168.05832,1000,1225.797579
305.068532,246,1225.972743
180.12115,1000,1226.829448
285.631939,427,1227.130636
52.041675,102,1227.180389
53.683127,100,1227.228285
39.394238,170,1227.701024
20.268888,114,1228.010455
41.352464,76,1228.214812
23.612903,109,1228.50439
24.894294,112,1228.801933
54.797443,79,1229.01168
14.0562,96,1229.27465
149.203654,1000,1232.393713
19.761746,104,1232.672325
3.407249,101,1232.940016
32.425961,120,1233.272745
49.019292,119,1233.604882
-23.66221,78,1233.816681
34.251068,92,1234.068237
2.843648,90,1234.314241
25.3035,91,1234.559051
8.314869,96,1234.818961
-10.231362,93,1235.081592
172.577377,1000,1238.347767
11.413576,111,1238.64938
-13.217054,116,1238.956929
46.931544,82,1239.170387
269.686448,238,1239.819412
120.874232,1000,1243.003515
-13.908953,90,1243.239074
32.933401,109,1243.525561
18.519591,82,1243.742866
280.59127,245,1244.407067
14.813519,109,1244.695304
45.979594,78,1244.90504
53.163705,109,1245.181486
53.352617,89,1245.412944
255.091117,260,1246.10436
-7.252119,78,1246.299803
-0.819766,96,1246.548048
290.778261,383,1247.601642
-12.013799,87,1247.829344
27.937904,117,1248.14154
28.213211,102,1248.408267
28.692929,91,1248.649031
7.891282,104,1248.923274
33.502911,86,1249.142093
190.79375,1000,1252.288381
285.999118,302,1253.108065
41.43879,122,1253.412932
295.76685,395,1254.492062
-52.863259,75,1254.678551
13.480532,99,1254.926304
299.011088,676,1256.660428
-377.317213,281,1256.834295
274.575044,242,1256.968969
304.824927,308,1257.156741
15.447652,101,1257.203993
30.714314,95,1257.454122
120.198515,1000,1260.782655
21.017661,87,1261.022374
46.080285,118,1261.354063
272.724328,658,1263.341479
-81.172756,79,1263.551486
146.780876,1000,1266.724826
15.503736,78,1266.924088
252.945641,946,1269.96402
303.878861,310,1270.8312
36.406245,81,1271.037169
-14.477727,72,1271.217711
25.444954,89,1271.451754
-74.381415,76,1271.647154
33.330907,115,1271.940509
168.410939,1000,1275.069486
302.91736,349,1276.049473
9.43153,77,1276.249264
270.168262,263,1276.965345
242.760236,366,1277.958705
248.97988,655,1279.95459
-20.46222,91,1280.197395
173.724029,1000,1283.33557
34.220473,78,1283.541723
257.259623,451,1284.849002
9.671707,120,1285.169
312.660621,369,1286.21423
274.382112,185,1286.712018
15.226228,76,1286.906521
28.811828,111,1287.204008
32.452057,122,1287.277679
173.6584,1000,1288.310388
45.613012,81,1288.351098
262.699049,171,1288.43644
262.541332,216,1288.567357
263.893719,207,1289.166877
18.279466,133,1289.527064
9.394763,111,1289.829011
208.807418,573,1291.50955
19.213364,103,1291.789428
154.81233,1000,1294.928437
281.173659,176,1295.391811
262.880363,330,1296.316112
299.836183,463,1297.731519
296.728287,457,1299.065363
280.011686,294,1299.895088
234.40353,609,1301.761028
40.125215,81,1301.977353
-42.25404,104,1302.271958
128.819883,1000,1305.660791
265.108292,281,1306.477523
252.699489,759,1308.944729
284.819151,304,1309.809412
289.113699,402,1310.977434
46.486124,118,1311.276784
250.049264,182,1311.790856
55.034316,143,1312.151657
136.332065,812,1314.733677
24.321845,86,1314.982147
45.034157,96,1315.247237
34.253365,130,1315.601368
20.749671,98,1315.867408
38.365717,97,1316.123729
265.070008,351,1317.132314
258.759424,303,1318.772373
120.911433,1000,1319.981071
242.34584,749,1320.597656
270.941463,212,1320.706824
165.0155,1000,1321.585232
-39.308654,135,1321.968467
279.179682,262,1322.747278
280.720077,539,1324.447297
34.849343,89,1324.68394
19.773721,94,1324.932381
226.734747,737,1327.12011
276.65419,226,1327.745863
31.663136,105,1328.053432
261.486198,451,1329.595841
274.633247,210,1330.196023
32.570955,90,1330.427345
294.211143,229,1331.108235
-1.500669,93,1331.392768
291.407299,275,1332.150859
306.280192,421,1333.425227
280.211271,260,1334.144975
299.889998,453,1335.523183
263.153173,216,1336.115673
244.745266,590,1337.844703
235.725167,494,1339.403216
240.613794,232,1340.045856
278.005593,200,1340.572813
39.335379,120,1340.906342
256.954476,337,1341.919378
-7.974601,100,1342.214444
-61.677946,75,1342.42832
237.094761,840,1344.888684
5.781593,140,1345.258958
265.311613,423,1346.540999
32.378054,139,1346.937922
303.435392,241,1347.647667
274.155882,515,1349.275032
-5.859085,116,1349.601365
24.509884,108,1349.895289
284.443535,292,1350.727609
51.545316,91,1351.217983
51.812211,86,1351.261533
268.893093,198,1351.374193
262.125795,179,1351.467029
297.083016,234,1351.605552
-4.378666,108,1351.929039
31.99421,83,1352.147767
255.052646,719,1354.449703
43.60732,81,1354.66994
248.361906,541,1356.269966
246.043058,258,1357.008704
262.604585,250,1357.715448
262.407358,239,1358.372462
193.265146,444,1359.767081
265.360689,618,1361.677877
-34.300618,86,1361.904842
35.575081,82,1362.122595
71.265378,176,1362.601675
301.664372,327,1363.540521
55.17725,173,1364.016992
280.379563,266,1364.77244
4.04533,83,1365.00134
29.454483,113,1365.302245
-389.65602,193,1365.84892
260.769556,183,1366.349337
216.420354,630,1368.284318
21.380198,111,1368.583776
245.312079,371,1369.661458
246.378085,170,1370.1379
261.823162,294,1371.014922
278.481606,418,1372.241967
281.718027,194,1372.783383
271.211731,210,1373.361109
232.043924,157,1373.788539
16.747234,87,1374.024752
289.429542,944,1377.057962
267.616312,765,1379.468324
28.161869,100,1379.739508
283.647817,294,1381.502123
209.583507,252,1381.655364
213.867964,857,1382.289459
8.479003,155,1382.377992
272.155618,176,1382.473055
255.195337,371,1383.578714
283.953285,364,1384.656271
47.140718,144,1385.053479
40.708239,119,1385.370057
42.607898,140,1385.745101
212.571482,947,1388.904682
287.408426,270,1389.653452
-40.902118,120,1389.983356
262.707581,405,1391.147557
273.406197,811,1393.552544
283.565752,391,1394.68557
307.397424,484,1396.136644
152.147447,1000,1399.394782
-316.829754,215,1400.019161
242.135197,432,1401.354001
31.598986,146,1401.757392
-133.553967,936,1405.104437
236.181159,210,1405.696922
43.494798,122,1406.016628
55.945328,150,1406.431158
173.827101,1000,1409.736085
277.327756,455,1411.119316
257.280118,307,1411.999387
107.721841,1000,1414.71193
268.275211,261,1414.884274
231.923589,894,1415.714329
230.990315,454,1416.002799
283.838741,176,1416.093338
176.556601,1000,1419.297193
-1.688691,110,1419.60017
46.535205,119,1419.929189
268.80237,651,1421.890821
303.103707,299,1422.719845
44.84364,106,1423.000673
-10.974187,127,1423.358447
251.667288,583,1425.055763
273.691119,234,1425.730883
45.411354,124,1426.07377
255.363626,811,1428.69569
274.980577,629,1430.677361
267.449265,706,1432.934361
304.710867,375,1434.0327
44.629722,133,1434.393283
283.416718,195,1434.935648
48.70447,140,1435.315855
274.861026,272,1436.088742
281.938562,611,1437.841986
252.28187,664,1439.930054
50.402825,90,1440.173295
206.53642,539,1441.832076
215.562734,569,1443.592517
299.173823,217,1444.195774
40.830585,113,1444.511613
32.203582,104,1444.790469
275.445673,190,1445.315954
70.032114,163,1445.767851
251.475517,459,1446.445792
226.961955,277,1446.63531
161.55275,1000,1447.520681
266.276029,240,1447.669862
262.933375,137,1447.738602
56.935208,149,1448.147024
6.963595,82,1448.37165
303.842478,412,1449.593796
278.495139,469,1450.994446
46.091552,142,1451.40187
313.956866,343,1452.457631
282.986367,795,1454.84828
269.769279,238,1455.511055
281.491972,162,1455.947063
263.66556,291,1456.769819
278.721817,358,1457.789789
67.997018,149,1458.193868
19.148245,113,1458.49814
25.946298,110,1458.783527
275.632065,321,1459.67919
290.160851,287,1460.47265
262.057906,215,1461.054188
262.730884,190,1461.559056
254.256847,519,1463.199345
37.480757,95,1463.464107
252.057465,231,1464.141796
307.645981,460,1465.514585
281.311896,210,1466.082175
303.033846,301,1466.935129
274.444271,990,1470.053229
245.577936,305,1470.956445
273.921688,314,1471.871185
250.911047,156,1472.292568
262.647326,451,1473.62708
106.354832,1000,1476.872752
28.802242,93,1477.122839
174.423271,1000,1478.452701
241.949089,164,1478.539814
154.890423,1000,1479.554632
281.432895,198,1479.656181
251.382808,214,1479.77734
312.775429,222,1480.403759
17.51151,103,1480.694529
279.112769,427,1481.890289
278.746309,303,1482.757173
23.557741,165,1483.206485
14.226755,91,1483.453565
8.812716,97,1483.716057
254.41499,696,1485.773469
273.525468,216,1486.389452
47.305175,141,1486.775852
-224.93732,257,1487.535678
240.967585,401,1488.722751
255.7161,186,1489.238443
11.664356,107,1489.526265
71.375596,102,1489.809156
299.369614,239,1490.477431
20.426834,155,1490.907394
219.896757,398,1492.125988
20.057509,105,1492.41892
260.697732,567,1494.165857
37.606885,146,1494.571852
48.654345,160,1495.017044
-0.416052,104,1495.30405
-7.905434,145,1495.704725
-48.352684,156,1496.136096
40.024772,177,1496.622094
292.120414,430,1497.895847
256.051609,256,1498.607358
20.340004,109,1498.905314
39.535888,89,1499.150688
37.758994,146,1499.554659
247.274084,220,1500.15375
21.430477,80,1500.36548
21.628943,111,1500.653939
262.092197,480,1502.000688
38.474522,166,1502.435316
268.081992,352,1503.435118
58.101579,168,1503.883862
294.186342,510,1505.443301
266.362379,241,1506.118836
226.327024,747,1508.394914
241.338015,146,1508.530413
248.164428,201,1508.630515
170.724881,1000,1509.37692
12.615973,144,1509.447822
268.945331,234,1509.580903
-32.587178,69,1509.774855
148.304191,1000,1513.093901
51.32811,190,1513.610772
275.568069,268,1514.362122
248.662635,247,1515.065026
260.290753,335,1516.031502
46.690375,94,1516.289
-23.042302,211,1516.897204
58.789394,155,1517.321797
58.904865,164,1517.776014
236.624057,618,1519.704535
253.860011,469,1521.127149
269.997101,614,1522.952508
258.708182,186,1523.468461
231.626654,437,1524.762285
67.741148,150,1525.154268
-739.110804,94,1525.400693
249.111611,865,1527.879796
293.086386,232,1528.526909
-39.951284,135,1528.896057
219.992779,318,1529.840117
-67.818878,80,1530.051252
62.389654,150,1530.467328
-25.512477,85,1530.699705
281.649728,495,1532.198404
288.28792,234,1532.833609
5.44286,136,1533.20153
31.266282,111,1533.496163
266.849609,900,1536.451019
280.101982,382,1537.529929
272.443808,277,1538.285926
278.864845,260,1539.276939
239.498062,250,1539.431884
274.867675,456,1539.735977
294.848633,286,1539.917463
283.888868,292,1540.11687
245.788478,525,1541.660039
291.827945,346,1542.631668
213.994746,425,1543.819068
54.967539,155,1544.238351
164.538517,1000,1547.444317
1.857503,129,1547.821307
253.768682,268,1548.575311
296.353463,508,1550.151817
304.792866,264,1550.879635
37.269276,117,1551.193268
41.618845,93,1551.439943
247.569832,458,1552.831677
-3.717066,129,1553.199523
50.39192,137,1553.573678
289.889485,405,1554.785135
267.49971,231,1555.407752
169.046735,1000,1558.445237
265.499172,367,1559.468147
300.14718,247,1560.141721
260.161498,208,1560.713127
29.256162,141,1561.094794
266.703052,300,1561.911459
263.4309,166,1562.401895
64.24914,128,1562.784781
255.787002,290,1563.661417
48.914103,161,1564.112187
21.87497,124,1564.45269
16.518382,117,1564.772014
4.364486,89,1565.011883
271.23306,140,1565.395587
260.137859,227,1566.028023
272.825482,545,1567.75453
261.246307,402,1568.994187
10.36027,140,1569.502235
298.57762,243,1569.653854
38.175451,132,1569.722268
257.005322,198,1569.827487
277.741622,221,1569.959631
283.437771,246,1570.665066
165.929483,1000,1573.748454
-12.837543,124,1574.089771
15.023281,92,1574.33593
189.160052,342,1575.407673
260.257967,479,1576.868222
278.627171,196,1577.422858
264.94439,217,1578.054799
245.712916,737,1580.345544
15.481608,138,1580.722575
295.231809,437,1582.033342
274.773685,512,1583.56883
310.453414,296,1584.406691
285.278804,195,1584.950725
28.328709,119,1585.275197
283.399565,466,1586.655555
279.051573,273,1587.425435
0.795698,109,1587.714365
291.702247,417,1588.890038
292.038105,196,1589.416574
244.489301,190,1589.911754
284.647827,207,1590.456543
279.160291,209,1591.033639
23.166374,111,1591.323402
9.094792,109,1591.615505
44.921648,141,1591.985793
240.244738,212,1592.564008
34.191085,135,1592.927135
280.117252,186,1593.427457
276.86817,484,1594.768013
277.218044,260,1595.47345
33.387774,109,1595.757979
25.157311,143,1596.130001
13.999454,123,1596.448953
7.343274,121,1596.765269
12.644307,123,1597.090986
-38.6695,98,1598.718103
-4.517113,99,1598.764001
33.936455,171,1598.854183
23.883816,120,1598.90906
26.05394,139,1598.977247
16.247254,103,1599.253867
42.862616,98,1599.509654
234.801473,423,1600.716543
272.049625,304,1601.590079
271.613121,219,1602.188114
37.569675,146,1602.583452
39.13275,143,1602.967002
54.354744,149,1603.382401
35.385133,132,1603.743846
-172.479385,117,1604.06647
-9.704503,100,1604.339993
13.571916,103,1604.624375
12.708514,108,1604.910837
304.65156,361,1606.018
42.471186,86,1606.254141
272.206372,310,1607.172171
234.208429,417,1608.487779
4.400011,127,1608.827878
233.34569,393,1609.988125
240.638892,655,1612.035448
16.913822,101,1612.313717
55.495411,146,1612.713161
278.695199,205,1613.274919
39.454299,96,1613.534144
21.091086,101,1613.821794
42.359719,91,1614.071517
41.002752,145,1614.468345
0.994256,114,1614.783485
288.396222,560,1616.488386
28.479516,144,1616.878359
28.233982,80,1617.093953
252.258702,394,1618.296869
254.761307,738,1620.683893
27.919145,88,1620.923958
25.047594,123,1621.250192
272.552484,532,1622.858243
49.483231,90,1623.101491
251.163737,407,1624.307951
24.284229,114,1624.62708
250.613711,316,1625.528947
182.626271,616,1627.501872
22.736083,107,1627.783602
29.720759,119,1628.096828
266.741253,223,1628.437047
248.284822,237,1628.584486
2.067378,116,1628.641646
-7.113168,121,1628.70347
15.432104,110,1628.759712
47.668395,85,1629.004594
37.495539,120,1629.333332
45.355954,126,1629.679379
274.366616,411,1630.904896
11.187145,138,1631.298756
278.012221,207,1631.888657
35.274248,134,1632.275527
25.898436,99,1632.539026
255.458662,232,1633.182276
28.182375,125,1633.527732
267.684301,204,1634.109992
12.80178,93,1634.354966
28.03947,72,1634.553927
243.103088,757,1636.917035
43.633101,75,1637.116249
266.118043,202,1637.688463
-22.765452,75,1637.893126
-2.50063,120,1638.221545
15.04151,131,1638.575704
21.490169,95,1638.834743
21.776724,157,1639.263847
45.90544,112,1639.56019
13.205536,113,1639.871314
43.214442,104,1640.155396
254.515532,199,1640.700305
284.550533,275,1641.482669
154.348185,1000,1644.737701
33.41844,151,1645.151984
258.867688,241,1645.835613
45.241654,136,1646.201345
28.940586,84,1646.428006
281.838393,426,1647.695263
0.144293,109,1647.992247
-20.453802,84,1648.210335
-13.204624,126,1648.55023
27.866298,98,1648.82656
20.443047,134,1649.179292
25.224535,106,1649.465236
10.886482,141,1649.844932
247.801133,449,1651.139848
222.162728,504,1652.656163
258.252301,257,1653.397962
312.392719,364,1654.515237
-56.420349,97,1654.771099
43.274909,83,1654.995615
235.223054,379,1656.139493
261.634543,209,1656.72909
306.727942,328,1657.685151
196.994061,662,1658.434572
270.436209,196,1658.543753
15.954324,147,1658.616635
200.341055,382,1658.886954
250.893301,182,1658.988003
23.48216,97,1659.272269
-37.056133,96,1659.537216
25.812528,80,1659.755322
295.244859,301,1660.6257
2.249706,135,1660.990901
310.924778,339,1661.969254
272.704533,311,1662.931
44.360176,82,1663.154153
121.206991,872,1666.170857
59.38415,153,1666.594939
265.975253,238,1667.290393
35.759334,110,1667.596692
258.287878,369,1668.714299
30.892953,75,1668.917308
268.404195,154,1669.337118
-47.939427,98,1669.60403
-2.250104,107,1669.891877
38.020844,127,1670.235913
18.786207,127,1670.581363
5.984107,131,1670.945422
267.633204,462,1672.434026
45.984817,105,1672.719336
244.073269,576,1674.499195
299.984985,417,1675.706036
5.33304,114,1676.011356
240.613488,768,1678.438674
27.402128,113,1678.750765
243.242775,802,1681.336049
271.31634,223,1681.977325
38.871871,111,1682.277443
51.941028,129,1682.628005
273.633474,416,1683.829378
6.903317,109,1684.125257
101.299035,1000,1687.533763
273.077359,473,1689.964856
285.784094,648,1690.482718
282.26072,336,1690.716051
275.468131,542,1691.130572
150.791138,1000,1692.004053
263.574961,495,1693.574899
-26.234672,84,1693.795884
275.33935,209,1694.368927
297.179634,251,1695.083481
273.547828,314,1695.984369
17.337105,133,1696.347956
-3.181071,76,1696.554662
19.490004,145,1696.956333
287.234297,214,1697.559862
-35.575751,93,1697.809966
268.933532,334,1698.763011
25.432551,117,1699.085445
276.486649,259,1699.865978
306.629314,322,1700.828558
11.526608,162,1701.296093
-6.759859,99,1701.566139
265.864424,247,1702.245838
267.797274,352,1703.275385
-2.98727,149,1703.670874
240.284165,212,1704.248637
278.5094,513,1705.758472
293.76054,251,1706.441698
28.032175,117,1706.747851
25.868816,90,1706.98833
-23.414987,135,1707.350095
284.265783,225,1707.999568
-50.216222,166,1708.441689
281.33244,244,1709.094078
19.631616,104,1709.356947
302.836039,540,1710.904725
-21.817102,134,1711.256017
297.689877,226,1711.87064
226.369941,838,1714.451799
257.68684,828,1716.980303
279.109095,232,1717.59585
17.203142,93,1717.842296
38.419127,123,1718.159932
49.158548,141,1718.536149
306.926071,363,1719.52475
263.163771,460,1720.992104
261.152814,472,1721.384601
96.345711,1000,1722.612766
244.566683,386,1722.872037
250.452807,485,1723.370011
270.132142,600,1725.204707
249.238016,405,1726.362302
233.140434,265,1727.100386
7.018492,180,1727.596417
32.047744,118,1727.920013
276.9239,218,1728.509326
52.205644,92,1728.751275
248.145612,182,1729.245791
290.196874,365,1730.269056
259.062467,412,1731.51626
234.129537,647,1733.599825
259.650505,280,1734.361874
9.372558,1000,1738.151908
-290.435365,73,1738.353568
312.550111,285,1739.141024
-7.847816,1000,1742.797164
253.759382,448,1744.08328
243.938636,335,1745.010889
289.204123,406,1746.142167
239.138755,534,1747.707277
289.490135,389,1748.788838
302.961052,283,1749.549202
248.135746,365,1750.580588
255.753255,244,1751.227889
268.537939,431,1752.504335
255.549731,423,1754.137409
231.283641,430,1754.510941
268.581474,347,1754.738028
253.385662,347,1755.018986
252.956087,332,1755.242867
289.662459,296,1756.089795
252.105648,373,1757.180075
30.603261,182,1757.678077
260.280313,250,1758.401326
266.554002,226,1759.020084
232.431331,385,1760.199195
245.004466,299,1761.057362
258.749541,382,1762.210799
272.501113,455,1763.583033
243.49789,591,1765.554101
245.920596,918,1768.684341
309.759825,456,1770.004884
211.269092,726,1772.285621
289.977212,262,1773.031332
246.789755,609,1774.92453
53.520766,112,1775.227098
24.980544,152,1775.638464
263.016156,274,1776.417644
-20.995615,80,1776.631869
217.854506,468,1778.016159
239.363815,316,1778.901738
207.10065,648,1780.813349
280.399685,253,1781.492667
286.658526,195,1781.999434
277.228018,518,1783.506483
235.789163,308,1784.369462
21.874424,86,1784.597686
304.759965,268,1785.228273
279.272411,300,1785.43021
209.523364,597,1785.995144
285.621934,387,1786.300275
157.413949,678,1787.073458
256.053527,500,1788.662135
287.520416,267,1789.390342
282.723071,352,1790.422596
266.611487,271,1791.178001
245.685866,257,1791.912259
254.957966,361,1792.967204
263.561214,295,1793.786772
284.396897,357,1794.804432
301.12692,435,1796.085829
237.958929,516,1797.62139
303.638902,209,1798.202745
310.090706,226,1798.809082
291.872362,334,1799.713329
211.846012,607,1801.733742
225.056117,656,1803.920616
219.407648,454,1805.313422
267.985481,360,1806.373623
262.639392,320,1807.26017
289.473685,266,1807.98519
232.745555,709,1810.1057
273.056,329,1811.071617
248.756118,418,1812.278169
270.020973,289,1813.076677
295.684742,236,1813.724437
255.813655,462,1815.064189
304.777466,331,1815.960935
-48.930315,1000,1817.647149
28.483218,1000,1818.529111
0.924873,1000,1819.962149
-184.165624,1000,1820.92837
166.546158,844,1821.820301
297.640684,250,1822.51283
277.961569,404,1823.69702
225.93688,444,1825.022974
230.223885,247,1825.692024
267.174806,313,1826.551685
252.920925,233,1827.180261
291.344779,331,1828.116453
281.715965,408,1829.267652
222.160308,406,1830.495893
317.646318,244,1831.152604
307.453806,260,1831.831288
294.291194,225,1832.440714
266.104101,200,1832.986391
-151.194195,83,1833.20523
253.438319,226,1833.824474
70.242654,154,1834.239243
254.603827,550,1835.937927
31.146693,93,1836.184429
30.063502,107,1836.47164
61.938739,126,1836.802352
202.055405,865,1840.020344
271.059132,239,1840.675841
207.205943,862,1843.488622
223.393195,521,1845.122478
248.652081,337,1846.100774
37.563413,168,1846.555249
256.614762,326,1847.50257
293.394659,275,1848.260967
254.613081,189,1848.774053
302.943604,221,1849.37566
284.146514,357,1850.388526
73.89947,137,1851.455711
294.487676,226,1851.5746
30.16524,1000,1853.176328
223.915462,286,1853.361304
300.039119,240,1853.494569
266.798384,361,1854.537368
291.833049,375,1855.644311
238.948332,546,1857.384326
232.848238,386,1858.561602
39.712289,89,1858.804373
232.321207,437,1860.192888
258.753439,260,1860.928515
6.246121,83,1861.151254
71.263458,140,1861.527538
285.965402,218,1862.129828
55.333863,159,1862.556493
249.631964,405,1863.745271
53.681773,141,1864.121648
276.315269,311,1864.983483
279.631706,497,1866.466967
50.705431,163,1866.903656
282.913852,237,1867.519093
252.620899,441,1868.787824
297.2813,347,1869.78895
17.855265,125,1870.119514
270.992015,277,1870.88274
-39.222067,99,1871.140367
26.618577,164,1871.572471
287.006584,321,1872.47638
281.68602,289,1873.275083
301.475273,504,1874.765634
258.148653,341,1875.756185
-235.184974,542,1877.370527
294.809444,382,1878.461049
59.328152,122,1878.784059
49.97219,149,1879.18429
15.925889,105,1879.454152
286.787459,355,1880.413427
25.04626,144,1880.780075
238.061564,283,1881.531591
-1.211309,112,1881.812886
19.195225,158,1882.107737
259.136243,243,1882.234906
-45.731282,1000,1883.261812
256.582573,415,1883.580796
-58.452823,1000,1884.68012
13.399637,109,1884.969388
219.583838,357,1885.960514
41.1368,137,1886.309753
246.33041,491,1887.746631
274.273809,201,1888.273986
267.631827,413,1889.482136
312.122883,277,1890.250874
-14.084975,89,1890.482763
42.399559,165,1890.925305
243.826824,236,1891.561872
242.823329,349,1892.553263
47.37601,92,1892.791027
252.539044,312,1893.692671
240.848507,230,1894.32737
262.199565,236,1894.96912
242.798669,784,1897.161329
60.86481,97,1897.420542
65.832889,165,1897.873572
30.564565,136,1898.230402
219.205178,337,1899.194212
268.452789,176,1899.657041
48.875883,110,1899.942787
266.107656,322,1900.836273
263.985638,259,1901.5461
251.242185,466,1902.921105
39.526969,140,1903.304358
259.210248,240,1903.971161
297.695705,594,1905.769078
280.234858,195,1906.285749
151.980171,1000,1909.28513
5.112766,96,1909.52774
32.03396,96,1909.784056
302.777107,250,1910.474028
187.949545,398,1911.593137
259.598021,364,1912.596458
-3.423769,76,1912.833807
47.608093,117,1912.881539
263.487902,214,1912.991475
1.643591,60,1913.018104
10.336036,132,1913.075557
237.09402,224,1913.664527
53.207091,183,1914.150812
187.681673,386,1915.231593
295.483984,249,1915.910821
228.381002,299,1916.726026
300.112632,262,1917.447857
-2.807752,136,1917.799896
13.490988,95,1918.040174
48.270646,175,1918.493524
232.446234,292,1919.315742
293.69732,276,1920.07063
57.451642,157,1920.489763
253.958266,218,1921.08577
189.90953,454,1922.43913
253.598411,243,1923.105461
43.109833,146,1923.516505
208.53546,288,1924.328301
57.327696,92,1924.570296
53.254864,144,1924.945914
231.302997,380,1926.043714
7.049535,88,1926.278737
260.459054,308,1927.145258
121.502728,1000,1930.268527
6.049848,134,1930.624622
36.017034,136,1930.980616
259.722989,270,1931.745488
35.57852,144,1932.119429
292.243474,304,1932.97245
10.621197,121,1933.289086
267.408505,389,1934.355993
278.252239,249,1935.026176
270.937863,382,1936.085839
257.684262,294,1936.894561
249.476152,530,1938.448178
56.248715,161,1938.890414
260.987014,317,1939.800006
228.286745,535,1941.56572
187.994341,608,1942.149812
229.594738,278,1942.333524
228.097657,323,1942.567104
263.287332,252,1942.724829
39.755174,116,1943.036918
4.568147,98,1943.296152
53.52561,139,1943.662487
281.866844,152,1944.073733
246.182198,395,1945.187622
305.674273,555,1946.72542
260.189701,400,1947.859604
285.228076,370,1948.928817
283.209194,389,1950.021911
270.06075,529,1951.562805
30.91164,141,1951.924953
264.910509,308,1952.792973
235.975388,357,1953.743987
273.39376,489,1955.146971
-2.43168,141,1955.506028
279.309251,450,1956.788885
254.948667,269,1957.512497
-7.346922,81,1957.719889
291.815282,424,1958.979925
9.440533,128,1959.324223
45.030499,94,1959.572939
236.929836,744,1961.862754
185.289869,755,1964.179029
2.909327,109,1964.463635
29.463831,100,1964.729537
40.185657,108,1965.01026
297.519257,348,1966.000623
249.16584,212,1966.573715
289.04106,595,1968.336894
277.826091,307,1969.212476
292.373197,379,1970.309981
226.908171,402,1971.488848
305.758468,239,1971.623312
253.475143,283,1971.806521
275.859198,236,1971.93328
289.183308,257,1972.078387
321.332514,338,1972.97022
288.899168,257,1973.654561
21.910834,108,1973.930847
256.597737,471,1975.300472
19.180613,110,1975.58322
249.183051,360,1976.612204
239.241932,573,1978.407849
40.10588,134,1978.749208
239.913527,683,1980.92475
229.833692,479,1982.394631
199.726148,301,1983.266438
-1.868452,93,1983.50746
-4.829071,109,1983.790853
238.950757,652,1985.818342
-7.601645,130,1986.160156
311.191498,308,1987.034297
283.975592,192,1987.541386
282.240022,239,1988.190467
277.922472,243,1988.866037
307.840633,193,1989.384279
265.399131,275,1990.149026
293.058978,523,1991.718204
264.065702,291,1992.539458
247.510748,346,1993.548544
287.811081,306,1994.418829
268.50276,277,1995.192918
269.065871,262,1995.928067
277.306511,206,1996.485821
288.576723,339,1997.501321
283.339752,237,1998.139393
-146.540955,126,1998.472241
259.294211,359,1999.51211
269.383927,428,2000.764944
295.222167,242,2001.023914
152.270267,1000,2002.32002
276.376536,180,2002.414751
260.630758,159,2002.496304
231.174498,297,2002.68609
263.036344,189,2003.191674
288.399991,206,2003.754822
258.087423,171,2004.211125
292.333967,245,2004.895851
280.967061,375,2005.947282
301.541502,279,2006.716835
269.520102,186,2007.200873
245.073079,180,2007.670213
270.458388,337,2008.632945
297.155285,281,2009.415617
289.459657,364,2010.472919
284.444981,221,2011.084855
20.797634,115,2011.394518
299.805758,413,2012.5623
289.675716,316,2013.462976
262.518886,236,2014.100692
288.967192,196,2014.631204
247.091737,367,2015.690051
305.249009,196,2016.227678
273.084615,318,2017.20704
274.840702,217,2017.78926
27.000465,97,2018.041728
274.416724,257,2018.771822
245.924354,386,2019.875459
28.313283,95,2020.135513
7.437637,111,2020.441981
275.574998,185,2020.956378
49.02943,82,2021.172255
36.850395,117,2021.482842
270.677642,233,2022.128059
257.868728,389,2023.186729
276.721905,336,2024.094406
254.518726,202,2024.639822
54.934166,207,2025.207671
77.96959,140,2025.572846
-65.779635,87,2025.802931
251.62879,349,2026.763901
48.128248,84,2026.984953
273.170753,584,2028.698188
11.850275,110,2028.991718
61.680791,80,2029.208529
258.424776,270,2029.959726
34.314808,141,2030.332901
123.265082,1000,2031.482092
36.565693,137,2031.548517
19.518859,124,2031.608067
269.18897,232,2031.741421
303.317847,195,2031.846456
5.818448,113,2032.151293
-8.494872,107,2032.427302
26.143517,143,2032.804384
276.538163,205,2033.369153
-14.1496,107,2033.651842
32.383633,93,2033.89864
285.165634,253,2034.606014
276.978811,225,2035.223696
263.802447,191,2035.733757
250.828669,228,2036.344549
222.232641,663,2038.323086
-60.734153,75,2038.523499
17.913326,127,2038.861918
65.666011,105,2039.144799
46.11701,136,2039.508086
256.462335,284,2040.315126
299.110211,322,2041.251833
19.5197,116,2041.564375
303.284216,487,2043.038518
317.782822,237,2043.67004
306.2387,167,2044.115623
249.818914,226,2044.705204
21.671929,106,2044.954521
40.612444,129,2045.296004
61.699825,144,2045.663607
314.979492,184,2046.15188
299.792392,465,2047.470374
257.77758,171,2047.927126
234.05718,259,2048.631009
309.373359,267,2049.362065
14.609784,108,2049.647517
38.234195,100,2049.899736
308.177425,207,2050.440587
276.449403,193,2050.955361
279.045438,218,2051.5153
315.834971,303,2052.341765
251.87686,166,2052.778666
165.589033,1000,2055.68351
215.456156,341,2056.651042
242.854726,481,2058.04943
52.744434,129,2058.382757
257.127905,216,2058.95392
235.784451,245,2059.637154
22.465203,133,2059.700033
272.821541,185,2059.783931
254.00457,251,2059.923208
7.88872,145,2059.98928
301.893594,462,2061.307071
297.141866,343,2062.238036
246.472402,143,2062.607085
283.205949,227,2063.213235
272.836768,237,2063.839211
21.493237,150,2064.246815
257.683334,246,2064.933908
264.189481,240,2065.582248
44.489893,89,2065.814372
263.753459,577,2067.518144
40.425501,142,2067.890441
288.575646,280,2068.621934
29.766914,113,2068.920871
59.736739,132,2069.263758
10.29707,93,2069.50799
260.993791,360,2070.516863
2.939668,168,2070.958404
295.793405,279,2071.725386
27.804917,97,2071.975912
42.754549,131,2072.30328
258.165215,251,2072.964489
63.219586,130,2073.292418
1.875431,97,2073.535995
64.428833,92,2073.767831
248.592537,287,2074.530414
301.032877,346,2075.462655
40.067743,176,2075.926078
269.029805,363,2076.958179
289.087632,257,2077.666299
263.756424,345,2078.634389
262.473956,634,2080.550815
274.223432,283,2081.313595
294.809041,503,2082.743101
64.342827,143,2083.123875
264.053061,252,2083.803967
299.642126,415,2085.005643
239.018929,205,2085.531952
279.352951,276,2086.269083
274.584939,161,2086.687551
309.263694,179,2087.521781
229.955112,225,2087.652743
250.189258,260,2087.804613
62.900189,149,2087.880519
263.891904,241,2088.011072
255.991166,185,2088.495584
292.225517,240,2089.1429
34.324709,109,2089.427859
288.326063,225,2090.034383
62.799627,148,2090.43083
301.735157,299,2091.25628
277.394946,281,2092.039713
280.887669,207,2092.599042
20.613007,96,2092.849205
296.223136,322,2093.73441
250.785814,249,2094.397875
42.348997,124,2094.71351
282.161598,175,2095.170934
296.490571,215,2095.734947
14.790025,100,2095.991147
39.536185,134,2096.327943
263.47773,216,2096.92979
274.534777,229,2097.575976
278.801214,528,2099.102667
261.858946,581,2100.791899
53.760314,102,2101.067076
258.08297,768,2103.319093
273.199596,549,2104.894644
18.706495,90,2105.126776
284.643455,368,2106.179339
-365.499827,164,2106.62897
46.729224,104,2106.920442
307.080327,347,2107.896456
27.256743,119,2108.215201
61.516467,154,2108.634598
303.168639,269,2109.410346
-6.992766,83,2109.637557
41.414231,89,2109.883774
57.753454,111,2110.185067
22.321573,86,2110.421709
229.159962,789,2112.934478
12.059584,65,2113.103131
34.322859,119,2113.411279
280.432347,505,2114.839113
19.630821,132,2115.191531
20.702363,71,2115.378011
67.16972,132,2115.737374
-10.050856,85,2115.962017
288.404645,287,2116.237239
34.238259,89,2116.279214
257.783423,164,2116.363355
269.856782,242,2116.528706
49.547394,106,2116.582077
268.521746,303,2117.465436
291.396224,434,2118.723989
49.77213,94,2118.987717
35.800729,106,2119.268983
15.483351,100,2119.534702
37.262242,109,2119.833061
53.840845,116,2120.138741
264.816828,680,2122.209228
28.913506,133,2122.563979
287.171209,256,2123.277176
260.819379,512,2124.856196
250.581667,194,2125.390035
296.089353,289,2126.21631
25.818416,110,2126.506489
252.606054,533,2128.07245
312.966252,261,2128.808405
36.898988,107,2129.103168
-78.487615,84,2129.331495
6.23122,128,2129.675704
39.953698,94,2129.924733
300.662603,419,2131.162313
47.625575,113,2131.477225
64.455716,157,2131.899739
19.014622,122,2132.229376
36.587281,145,2132.606616
13.389005,115,2132.901205
284.267743,226,2133.498248
41.414911,109,2133.785876
27.63864,111,2134.076509
281.245453,474,2135.485185
266.439379,201,2136.043062
258.49054,174,2136.509411
303.190523,321,2137.40979
263.315032,448,2138.64719
5.171849,123,2138.970392
287.776303,225,2139.565508
260.644225,221,2140.151232
-55.162803,100,2140.417453
16.126583,89,2140.652298
33.593602,95,2140.901063
8.220157,106,2141.174891
259.188595,206,2141.739529
224.78603,246,2142.429801
253.561703,338,2143.40701
257.769717,346,2144.424148
291.670122,177,2144.867179
17.879696,149,2144.939403
253.229995,200,2145.045951
308.628276,216,2145.165658
249.94637,200,2145.268829
22.500657,110,2145.567054
-11.081008,91,2145.818889
302.071422,253,2146.507974
284.288321,508,2148.005796
272.337241,273,2148.783751
258.815381,262,2149.523899
27.485694,127,2149.867372
269.395229,452,2151.229682
280.718514,736,2153.560533
286.986376,444,2154.853521
236.996838,341,2155.794236
249.300009,372,2156.885728
267.90249,484,2158.349703
156.072962,1000,2161.34738
267.480137,631,2163.286006
280.932214,746,2165.581748
283.67453,190,2166.074331
12.251052,130,2166.402459
34.993143,131,2166.730703
7.246349,116,2167.025269
264.908902,230,2167.622225
296.385223,336,2168.533922
65.358112,125,2168.861632
31.201277,91,2169.107849
42.369127,81,2169.321198
1.286935,95,2169.568808
313.349128,191,2170.090554
238.920051,465,2171.470418
7.351509,137,2171.839861
269.296344,323,2172.776775
54.452427,113,2174.331755
245.084876,546,2174.727141
246.868403,393,2174.971414
266.59231,338,2175.182384
48.360698,111,2175.238198
24.388604,85,2175.465235
-75.097878,124,2175.789794
10.865236,131,2176.142401
262.635359,899,2178.951479
234.794625,754,2181.386316
42.948102,129,2181.736755
180.011483,1000,2184.788904
270.348286,218,2185.373774
258.978385,827,2187.879362
293.886901,270,2188.629796
277.153879,512,2190.079481
299.639783,552,2191.684237
274.952012,372,2192.777136
289.514499,690,2194.80216
179.738641,1000,2197.725799
42.953986,77,2197.931098
-23.485566,108,2198.23491
262.869309,178,2198.75765
186.667442,311,2199.672561
39.525369,86,2199.906997
148.232164,1000,2203.075869
313.967636,207,2205.164537
296.030476,195,2205.263673
273.40738,193,2205.368509
240.6094,242,2205.512869
277.21564,196,2205.614834
9.950933,83,2205.845851
304.730419,550,2207.467909
166.433913,1000,2210.617251
285.828915,862,2213.256004
40.952554,82,2213.470977
48.290101,82,2213.686377
13.707232,83,2213.902136
314.235052,393,2215.010495
282.310273,197,2215.538034
307.332618,299,2216.373502
-63.838588,95,2216.625128
260.712798,163,2217.033959
-1.180326,102,2217.286255
27.453625,113,2217.589279
-68.418143,132,2217.9455
13.028783,101,2218.206014
286.824334,781,2220.552682
265.266787,488,2222.021759
165.358812,1000,2225.213015
-10.366575,127,2225.552778
95.918927,1000,2228.813883
148.80424,1000,2232.091508
312.994564,384,2233.197375
263.162635,735,2235.352011
-3.807338,145,2235.757136
275.954137,224,2235.88198
260.890142,155,2235.962391
262.57694,203,2236.069826
241.779882,337,2236.325051
277.816396,148,2236.398328
254.218799,364,2237.454186
11.759898,100,2237.713989
279.957285,246,2238.387413
-0.327157,83,2238.617106
21.998375,93,2238.857181
7.637709,102,2239.129927
19.587065,90,2239.378177
24.798303,111,2239.673077
12.159577,127,2240.012346
264.342919,645,2241.85366
35.647933,96,2242.109967
297.908529,623,2243.982718
-9.313015,84,2244.199467
267.927685,172,2244.653112
288.072113,309,2245.50697
269.140131,273,2246.261388
-31.866415,86,2246.485327
275.139774,332,2247.412316
293.546871,838,2249.928324
34.59091,111,2250.216056
30.955715,84,2250.441637
50.886521,118,2250.75826
10.67396,90,2250.993545
260.233873,214,2251.587881
293.846827,197,2252.12857
253.665946,213,2252.705102
253.511689,330,2253.6935
39.549566,80,2253.906307
9.103994,91,2254.145728
3.245423,89,2254.383334
323.71731,238,2255.035176
280.599271,392,2256.099124
272.71403,275,2256.850197
17.294449,100,2257.109595
301.272351,316,2257.978338
50.258565,101,2258.245289
21.616362,94,2258.494933
288.721256,321,2259.419581
78.307347,150,2259.827303
241.977457,312,2260.742511
268.585261,239,2261.432487
-78.006001,97,2261.699401
254.049938,718,2263.9051
40.667083,82,2264.126435
-10.278105,79,2264.338047
15.368302,92,2264.584413
287.890549,292,2264.788919
267.817023,234,2264.91205
268.834033,246,2265.060213
293.756653,190,2265.155416
316.283101,215,2265.274227
13.973226,100,2265.549115
48.18189,102,2265.823576
32.560801,84,2266.046225
21.870406,90,2266.292439
262.909013,178,2266.765582
265.911339,284,2267.511378
13.427845,120,2267.830246
160.106699,1000,2270.981967
68.035945,86,2271.217455
273.274703,429,2272.442506
10.774439,140,2272.808792
281.736385,231,2273.452233
27.359478,95,2273.709297
156.734615,1000,2276.927392
312.773929,257,2277.64509
317.845747,496,2279.091279
-14.969315,102,2279.365399
185.814775,1000,2282.638973
223.686298,242,2283.324174
286.762255,341,2284.365049
39.916153,87,2284.59529
291.002488,150,2285.002494
32.116983,88,2285.239445
5.334029,104,2285.519067
257.349122,724,2287.806073
-287.896696,137,2288.182
271.904444,832,2290.808104
265.108452,216,2291.490731
256.628162,330,2292.461215
306.33637,467,2293.791065
18.265251,101,2294.067851
11.283495,81,2294.298206
269.448746,274,2295.072615
284.408256,190,2295.248071
305.97479,174,2295.342668
274.847665,176,2295.442501
274.614449,333,2295.661665
287.524887,163,2295.743026
32.241838,129,2296.123669
26.656604,101,2296.425502
26.968041,143,2296.819652
-5.074432,90,2297.066258
247.440536,305,2297.925647
288.27538,674,2300.024062
289.619027,215,2300.653705
-2.376153,130,2301.017062
285.525274,350,2302.047267
290.622033,341,2303.028123
279.128446,208,2303.600536
-33.628443,89,2303.835428
249.115065,469,2305.15065
-27.156856,70,2305.334879
-16.982289,88,2305.562018
265.510286,180,2306.038829
246.373434,246,2306.704298
302.91107,349,2307.69012
24.438706,111,2307.978669
245.319685,226,2308.619175
38.898455,97,2308.89682
233.004734,500,2310.50018
263.361879,298,2311.366967
288.743276,386,2312.519372
241.61055,314,2313.468196
-8.068447,110,2313.780516
270.503725,235,2314.447131
280.472395,380,2315.584553
59.118943,87,2315.835096
238.255667,625,2317.903732
302.990211,621,2319.882852
281.188067,488,2321.460245
271.821787,485,2322.965223
271.388711,453,2324.366302
280.430697,280,2325.190028
250.448645,673,2326.237541
312.016573,261,2326.393713
280.395756,204,2326.501412
147.948345,1000,2327.592376
268.865414,215,2327.709888
264.312479,287,2328.552839
219.637305,566,2330.419188
286.145165,532,2332.039273
2.727148,131,2332.390215
274.31508,287,2333.220697
247.247357,307,2334.184751
20.682937,99,2334.465816
282.772893,529,2336.124785
52.80811,79,2336.349425
294.502568,208,2336.964385
258.263383,197,2337.57163
274.725472,413,2338.86563
-0.181826,109,2339.180766
302.67231,335,2340.259316
249.35045,496,2341.976628
275.485817,494,2343.527186
30.326198,172,2344.042157
279.977872,864,2346.934736
45.295545,91,2347.192018
258.151382,301,2348.10183
256.233564,863,2350.895321
264.038186,512,2352.423097
-17.445338,159,2352.867485
292.837794,339,2353.855953
23.515789,134,2354.214386
253.185837,172,2354.699389
298.303615,169,2355.187685
298.332607,261,2355.931989
221.053071,356,2357.023695
49.027518,131,2357.384206
266.519629,338,2358.411729
242.622161,190,2358.713391
159.560834,1000,2359.771764
246.171966,159,2359.855806
209.35354,154,2359.939261
245.329059,196,2360.047656
250.649388,356,2361.108181
293.856199,288,2361.968666
312.37147,445,2363.43029
18.720671,102,2363.733143
268.102163,207,2364.349553
259.093737,311,2365.291324
264.124761,353,2366.372169
289.911947,304,2367.248376
279.580004,376,2368.328965
247.297112,216,2368.960324
16.850733,104,2369.242464
284.742545,633,2371.251346
204.640335,724,2373.837461
288.235395,358,2374.922959
25.354905,117,2375.250176
261.695764,732,2377.673119
255.899725,145,2378.087547
42.74751,89,2378.337249
29.939244,98,2378.611303
262.338883,212,2379.221992
273.561589,630,2381.336543
-15.76543,113,2381.665756
275.752771,303,2382.551146
276.757735,280,2383.375417
-172.70863,114,2383.706314
311.809952,444,2385.10369
274.363139,337,2386.131452
66.824043,127,2386.496882
288.497606,339,2387.526113
55.334733,93,2387.794709
310.382798,293,2388.665719
4.786158,101,2388.954354
272.17577,571,2390.722446
38.422988,103,2391.009755
243.187782,294,2391.179825
57.503611,135,2391.248323
265.800097,146,2391.320398
286.855282,135,2391.386737
48.974353,74,2391.597332
-2.938754,121,2391.93349
31.566781,92,2392.194682
47.168793,103,2392.483501
33.5502,103,2392.776438
24.412041,94,2393.054147
29.640001,99,2393.338278
41.82252,150,2393.774227
10.610946,103,2394.071996
268.340811,216,2394.700696
26.245954,129,2395.070629
17.100964,101,2395.36569
293.784915,234,2396.069655
44.495928,124,2396.425737
-46.908234,74,2396.6454
31.312598,84,2396.885193
36.925102,84,2397.124435
15.536419,107,2397.427991
8.58332,104,2397.725083
304.352317,343,2398.7682
14.803928,104,2399.088955
254.853046,794,2401.998698
267.660229,393,2403.239096
292.94835,491,2404.780533
28.296585,129,2405.145764
0.702566,127,2405.496398
58.935468,143,2405.901298
25.68211,146,2406.298426
276.715589,610,2408.252655
275.5466,190,2408.802503
283.379615,209,2409.397141
244.010589,406,2410.688438
289.265141,267,2411.494457
35.379359,86,2411.737116
32.50822,123,2412.089884
282.388318,236,2412.741308
27.212046,75,2412.952367
295.975278,383,2414.120634
34.70788,180,2414.679771
260.605652,216,2415.296574
38.148614,83,2415.549026
-7.247268,97,2415.846435
259.507454,709,2418.34489
39.318486,112,2418.636882
267.799408,166,2419.101246
4.045665,121,2419.431884
58.563321,141,2419.820925
271.441353,305,2422.505731
246.362532,246,2422.653686
237.833352,492,2423.099918
170.03893,1000,2424.254198
253.993372,182,2424.35195
256.15791,179,2424.894467
239.109675,755,2427.269696
255.354555,310,2428.216982
42.174499,111,2428.519243
240.562277,227,2429.178105
247.737287,492,2430.777026
27.639515,98,2431.070233
266.596835,275,2431.910263
283.800249,231,2432.613189
248.91223,198,2433.198693
296.178238,232,2433.861221
263.531254,211,2434.467281
50.829727,168,2434.951634
55.988707,143,2435.352777
53.863658,124,2435.688441
260.761147,264,2436.460209
52.30139,80,2436.69071
291.003267,220,2437.349202
290.279199,329,2438.393638
5.556158,79,2438.619993
32.992886,106,2438.922642
264.726235,400,2440.182072
288.519915,423,2441.542137
276.53725,312,2442.553354
251.732138,187,2443.105401
262.089009,674,2445.282381
265.449714,395,2446.477342
84.612022,150,2446.920458
67.483819,168,2447.395763
56.241332,132,2447.756993
59.236899,87,2448.007483
28.887453,94,2448.281346
53.776871,98,2448.576299
100.439522,185,2449.096252
309.731763,206,2449.698683
301.280562,207,2450.316437
235.708829,313,2451.324327
15.808382,91,2451.598817
327.688609,233,2452.2771
298.520755,320,2453.240342
-195.730136,201,2453.846494
283.808037,204,2454.439628
293.367584,257,2454.845162
287.521705,230,2454.980726
162.63315,1000,2455.71334
279.63722,218,2455.830002
243.064405,206,2455.931233
303.752181,484,2457.406734
16.462952,76,2457.629915
268.112384,328,2458.683923
51.968607,81,2458.920416
41.989608,93,2459.196907
52.083449,149,2459.640346
258.694798,277,2460.50874
237.037031,473,2461.983216
258.435607,585,2463.980621
51.408544,126,2464.364461
286.637261,324,2465.311578
31.950775,130,2465.690886
69.815503,158,2466.126733
242.512506,519,2467.68452
308.941496,274,2468.500094
291.32935,354,2469.513412
52.911016,134,2469.883077
261.420192,223,2470.514181
12.723395,103,2470.789348
17.04907,102,2471.062802
38.44412,146,2471.461896
292.296167,342,2472.443961
15.414787,112,2472.804776
271.953647,158,2473.315056
50.075894,110,2473.68391
29.933597,121,2474.072509
17.784786,122,2474.421999
295.165759,254,2475.155037
247.530591,178,2475.714705
25.967017,108,2476.057872
8.361323,104,2476.344208
29.636592,126,2476.690104
251.961069,373,2477.926622
23.459745,83,2478.181534
38.518928,85,2478.453122
244.055557,786,2481.123951
275.973552,394,2482.364174
43.73336,86,2482.623731
269.070683,217,2483.29996
247.82226,251,2484.084817
271.164462,221,2484.759109
300.252041,573,2486.641878
288.500529,263,2486.945466
21.317292,80,2486.986433
15.034984,106,2487.038689
264.804386,237,2487.182244
280.425489,210,2487.288273
59.058756,82,2487.524975
52.261333,98,2487.798296
33.617584,114,2488.109775
174.352761,1000,2491.311948
-13.867307,126,2491.666312
11.153975,144,2492.102595
244.648189,444,2493.561461
256.529843,267,2494.455061
8.805482,90,2494.717598
7.695443,108,2495.024244
264.692642,648,2497.007404
282.541477,641,2498.977312
50.326692,133,2499.3572
49.996031,88,2499.613942
58.71036,85,2499.860403
23.162991,98,2500.143489
277.395778,542,2501.880478
288.985222,399,2503.1005
289.106637,419,2504.418279
33.36505,119,2504.789607
256.283621,210,2505.39174
291.484765,408,2506.597736
27.181088,100,2506.876619
289.133997,232,2507.55696
300.108008,319,2508.571204
12.531965,134,2509.021376
261.137321,496,2510.802337
17.853578,137,2511.21489
-123.828139,114,2511.558449
252.614202,396,2512.790637
62.863632,98,2513.082585
262.110127,543,2514.787687
281.401293,277,2515.66739
50.546632,140,2516.081902
310.418744,214,2516.703136
33.558873,104,2518.47994
312.816942,196,2518.586608
260.816041,253,2518.734302
149.931127,1000,2519.933139
278.007518,232,2520.063792
7.333255,126,2520.4202
295.403998,260,2521.185942
69.296919,92,2521.440535
276.733998,373,2522.549748
262.030544,449,2523.949279
44.411359,111,2524.276874
298.546358,324,2525.257579
16.274339,114,2525.576001
282.435405,246,2526.291034
275.027933,183,2526.79025
287.015813,256,2527.608752
47.485709,76,2527.856124
244.444168,152,2528.307444
260.816159,384,2529.605935
300.294752,264,2530.430683
290.530794,308,2531.396305
18.545297,112,2531.711298
317.443474,240,2532.407574
33.01348,110,2532.713219
40.513815,116,2533.067492
292.475835,364,2534.232297
-6.301357,121,2534.568213
284.402823,389,2535.729677
291.352975,286,2536.627368
18.041369,131,2537.007361
276.928942,554,2538.732432
289.467231,161,2539.181636
258.936528,196,2539.740623
271.653628,306,2540.696978
51.044413,102,2540.993811
277.607577,357,2542.092396
25.046948,95,2542.361189
2.227054,110,2542.662797
287.873032,253,2543.398071
243.186302,188,2543.925213
262.375668,230,2544.579103
302.565858,893,2547.43807
256.044977,411,2548.646373
7.642573,122,2548.990611
1.183431,111,2549.295765
-17.278159,74,2549.504856
306.441353,201,2550.323833
280.113708,227,2550.453983
244.807761,219,2550.576365
293.833014,192,2550.678788
275.104053,191,2550.776691
-31.681381,101,2551.048409
281.187137,371,2552.108054
4.688308,94,2552.366835
18.011287,100,2552.630019
251.370062,368,2553.685508
268.649224,301,2554.554946
47.636199,91,2554.791209
253.714512,331,2555.719646
258.554825,332,2556.722525
-114.243434,176,2557.202196
266.610754,212,2557.818499
48.718568,124,2558.159021
274.850021,179,2558.648185
48.649781,162,2559.090596
257.247915,546,2560.704164
305.948871,228,2561.36694
255.185344,245,2562.064656
32.189037,186,2562.584386
259.074873,162,2563.031315
145.715469,1000,2566.00743
231.159177,566,2567.704741
30.086376,111,2568.014489
262.377918,304,2568.885464
302.69474,352,2569.872535
278.171623,243,2570.532767
19.213422,102,2570.803337
284.870675,277,2571.545899
22.453604,105,2571.815671
293.050278,176,2572.283892
268.669719,280,2573.055846
24.911674,113,2573.3527
-1.81003,116,2573.660001
5.852744,91,2573.899131
69.510427,89,2574.130732
12.75644,149,2574.533992
250.985688,330,2575.469017
267.93186,233,2576.08787
279.91717,210,2576.645254
300.041579,231,2577.265619
316.710261,257,2577.948427
27.224591,159,2578.998333
254.183475,173,2579.080302
275.481515,157,2579.159924
295.417267,223,2579.284051
246.981876,515,2579.661084
261.369458,535,2581.220415
47.959259,96,2581.47766
279.451691,229,2582.093886
227.223278,887,2585.24424
12.465371,85,2585.487829
-0.782619,107,2585.775841
-7.145544,109,2586.071612
270.28754,250,2586.816166
247.894862,876,2589.675118
256.556345,590,2591.479765
272.522698,258,2592.236117
236.33254,247,2592.971067
-28.583053,103,2593.252439
273.240744,232,2593.89152
264.818038,252,2594.624794
10.662343,99,2594.892152
10.870725,132,2595.254655
259.347433,227,2595.895918
272.469781,465,2597.308202
226.611787,301,2598.172167
283.183668,158,2598.594455
283.683902,385,2599.678389
251.231226,255,2600.372495
61.849112,174,2600.849508
272.11535,238,2601.522971
52.695001,97,2601.783099
282.740215,440,2603.057737
22.483551,98,2603.313937
291.622198,256,2604.017807
276.891211,685,2606.1158
45.494828,197,2606.663092
256.170766,841,2609.436221
161.678727,923,2610.751437
260.048215,380,2610.989533
208.031109,223,2611.127379
129.224219,1000,2612.181385
246.590161,196,2612.297793
293.102507,372,2613.397987
250.604833,659,2615.438844
215.472608,302,2616.310457
202.717924,573,2618.203446
161.452287,1000,2621.635827
253.143741,779,2623.993011
272.045657,215,2624.565308
12.679875,107,2624.842196
253.073465,198,2625.37581
273.648816,229,2626.010638
292.525681,334,2626.972236
10.245026,91,2627.193606
28.935571,79,2627.390055
323.04359,223,2627.982839
243.427921,981,2631.122933
252.849887,184,2631.596248
255.31644,358,2632.590041
11.263437,85,2632.830298
64.014524,88,2633.063833
282.064036,447,2634.363076
62.217007,96,2634.62041
280.047301,197,2635.171341
124.447198,1000,2638.325562
13.954879,125,2638.670648
30.285897,97,2638.949287
60.35612,83,2639.175459
316.361522,246,2639.886319
259.868162,391,2641.066626
21.054464,117,2641.370579
290.707912,294,2642.238471
146.065687,1000,2643.273496
156.638475,1000,2644.408093
125.70088,1000,2645.378781
60.981174,88,2645.421393
231.551253,451,2645.78411
268.492367,706,2647.968854
306.211431,346,2649.00861
144.737355,1000,2652.402883
255.501792,429,2653.670275
306.385827,381,2654.800354
4.566461,99,2655.072113
264.464374,206,2655.651958
8.209641,96,2655.909978
23.264783,103,2656.184111
25.768129,89,2656.42273
36.725582,121,2656.749624
285.120983,304,2657.640055
258.996175,253,2658.331726
305.387696,447,2659.670201
285.513959,367,2660.746825
287.637024,271,2661.519349
58.961325,143,2661.903329
15.470467,92,2662.15994
270.390539,524,2663.799457
264.423702,253,2664.536004
35.655734,93,2664.795978
257.40296,371,2665.926933
-8.003252,173,2666.411112
117.799384,1000,2669.967332
281.893738,226,2670.61877
65.15532,113,2670.930015
196.16982,469,2672.384244
281.149244,292,2673.207146
49.619546,91,2673.447418
289.535807,361,2674.517329
2.465369,125,2674.862903
277.494298,236,2676.432067
227.339897,169,2676.518413
248.55986,170,2676.605315
115.572929,1000,2677.314017
244.300959,227,2677.442494
125.868918,1000,2680.558966
2.506747,91,2680.799398
289.736756,335,2681.764026
234.807077,323,2682.724362
279.998527,487,2684.151464
271.013242,173,2684.61364
257.264429,449,2685.907841
281.080155,473,2687.354537
273.803904,201,2687.918553
250.803538,251,2688.596912
301.922374,204,2689.154739
288.630845,336,2690.167767
266.645205,257,2690.945819
264.850497,208,2691.539685
267.982045,433,2692.792972
270.246547,358,2693.789306
20.111329,142,2694.1614
53.514901,151,2694.570281
50.871151,113,2694.864565
30.609611,93,2695.107753
26.420494,86,2695.338124
270.645004,277,2696.088193
55.608439,90,2696.325165
-202.605924,345,2697.310701
35.476384,114,2697.606556
13.017055,108,2697.890764
255.773214,373,2699.003029
28.802851,109,2699.307552
296.188439,360,2700.398218
24.193246,98,2700.670953
293.833624,215,2701.296509
292.042572,411,2702.59334
314.588716,289,2703.472812
2.045794,123,2703.818779
47.538283,140,2706.938316
253.61094,153,2707.011724
260.469336,246,2707.152547
293.077988,148,2707.227512
258.090589,172,2707.311296
10.148646,137,2707.70844
51.486106,135,2708.089424
28.512132,99,2708.363112
10.71665,123,2708.706985
29.802302,109,2709.00513
-153.761076,90,2709.255951
65.788258,175,2709.778774
-14.915539,138,2710.183401
25.470548,135,2710.561286
14.352981,119,2710.94463
12.048789,93,2711.211559
49.476271,122,2711.540678
33.422384,119,2711.860191
295.497489,275,2712.759423
299.210931,383,2713.90527
255.169696,170,2714.392515
30.20057,99,2714.683087
248.445085,221,2715.2943
200.313055,283,2716.154937
22.547584,106,2716.458124
14.091688,73,2716.655586
16.474494,144,2717.052051
58.723212,86,2717.288407
284.245262,896,2720.035294
239.789107,509,2721.603478
268.49218,315,2722.572802
7.572326,107,2722.89745
-0.467976,106,2723.209796
278.996249,364,2724.278784
267.986846,358,2725.315239
-185.01857,591,2727.207753
258.311621,453,2728.574403
283.451999,558,2730.349496
36.386191,113,2730.658355
27.587063,81,2730.871225
55.193762,127,2731.205519
57.344768,123,2731.53639
242.638366,172,2732.008593
260.158038,215,2732.601306
32.707224,153,2733.033005
48.703156,153,2733.452296
272.538839,263,2734.215649
287.974364,550,2735.996937
267.643114,251,2736.713768
297.049173,278,2737.162646
272.905261,196,2737.269495
295.554118,228,2737.398139
55.50743,117,2737.455959
184.680618,1000,2738.155185
250.254905,262,2738.905366
16.873962,129,2739.258412
292.249228,355,2740.346066
265.774474,465,2741.776273
267.742867,188,2742.299505
274.630625,246,2742.998802
55.17183,133,2743.353223
267.597289,306,2744.209692
18.921422,122,2744.533887
36.707038,156,2744.958117
13.037445,152,2745.360123
262.506831,288,2746.179328
270.30812,400,2747.339746
149.694914,1000,2750.436885
30.742222,97,2750.705983
252.46336,464,2752.088325
246.702626,268,2752.854918
247.083035,505,2754.435545
41.940995,101,2754.699688
275.818051,491,2756.145174
69.3883,147,2756.541245
193.514851,621,2758.579153
259.607494,831,2761.246635
295.808754,312,2762.144823
256.518094,263,2762.903687
241.669726,282,2763.735844
246.343226,409,2764.984556
265.648188,355,2766.052641
263.987128,200,2766.617786
-3.841932,106,2766.903986
58.008371,165,2767.356465
11.119067,106,2767.9079
278.369672,282,2768.082437
262.840569,180,2768.175267
-27.158329,88,2768.216105
24.706354,112,2768.266219
49.996567,127,2768.624882
266.710962,624,2770.636355
288.311335,401,2771.880128
261.749925,339,2772.856024
47.537678,154,2773.280874
272.921505,284,2774.067394
316.532722,278,2774.873229
70.086145,137,2775.246891
34.486928,120,2775.563722
15.226019,94,2775.815756
254.803578,438,2777.126367
16.826719,110,2777.421114
19.918621,138,2777.784849
305.909614,386,2778.877829
5.786625,122,2779.216661
-46.583974,101,2779.478825
45.162683,124,2779.793002
59.344019,148,2780.159876
1.517004,118,2780.456041
27.73679,101,2780.723081
39.775733,122,2781.050039
261.114079,437,2782.305839
279.764944,317,2783.172029
20.5168,124,2783.495537
288.091209,272,2784.268879
297.307241,970,2787.181604
-3.660803,91,2787.42316
-54.556,98,2787.684455
308.688164,266,2788.418698
55.699941,109,2788.706451
-2.412597,140,2789.086442
7.876411,79,2789.293756
270.888854,351,2790.287522
42.648981,92,2790.52983
-156.187993,156,2790.951276
12.958075,94,2791.207899
22.115889,121,2791.525853
262.453536,259,2792.236235
56.319663,139,2792.603992
7.065442,106,2792.882485
6.865034,89,2793.117847
234.086591,819,2795.470334
26.36827,113,2795.775891
13.92069,113,2796.069209
265.541199,320,2796.752785
154.675377,1000,2797.705868
245.194964,677,2798.305083
252.522688,315,2798.491788
26.908026,139,2798.559676
275.503366,430,2799.804646
-24.582753,124,2800.146198
-3.565758,114,2800.457773
298.925088,736,2802.690292
-12.376416,70,2802.883214
1.703117,125,2803.228106
12.661958,107,2803.518352
261.654595,714,2805.672
297.370449,189,2806.194871
296.863852,219,2806.793757
140.135356,1000,2809.991902
294.721941,626,2811.892419
278.823398,223,2812.489937
35.93789,130,2812.83004
-20.166847,283,2813.625977
289.944426,798,2815.936259
47.888507,124,2816.277372
46.342001,125,2816.615866
46.964079,102,2816.892373
-22.369312,115,2817.200631
0.725077,79,2817.413776
-13.066421,109,2817.738962
4.896174,75,2817.933938
12.595565,99,2818.213895
30.198778,124,2818.556787
9.25183,103,2818.831611
-7.28672,78,2819.044608
10.692678,104,2819.333584
27.618667,126,2819.674052
291.026678,206,2820.250528
302.002367,182,2820.762969
241.135149,585,2822.687813
137.294132,1000,2826.186614
271.786762,378,2827.363784
253.40921,360,2828.861168
291.586643,190,2828.955725
314.636023,273,2829.1205
298.579045,200,2829.220873
238.297816,382,2829.477613
60.877952,132,2829.843333
263.177886,310,2830.757407
302.809932,268,2831.587542
282.095674,197,2832.152849
28.635702,120,2832.480197
25.173012,120,2832.815432
280.887843,191,2833.354658
264.87899,328,2834.291397
272.270453,573,2836.037635
4.561851,90,2836.27644
57.03505,133,2836.633661
279.175911,161,2837.075076
51.512893,102,2837.352034
276.83225,304,2838.209991
22.35644,108,2838.492848
33.982975,114,2838.793463
281.248093,596,2840.647949
35.028847,85,2840.876492
288.031034,232,2841.523384
264.096301,554,2843.344514
58.456379,124,2843.675303
252.274319,202,2844.227254
222.889135,222,2844.850227
266.052614,675,2846.905982
-271.691867,207,2847.475184
271.759843,680,2849.484619
281.792231,349,2850.510854
8.459933,97,2850.775232
11.089184,78,2850.98463
150.854296,1000,2854.244048
145.532983,1000,2857.434788
62.144507,127,2857.776203
274.141927,342,2858.783854
56.301958,136,2859.154816
301.744217,197,2859.3742
325.844793,212,2859.487654
300.665706,328,2859.703991
298.507051,190,2859.800569
318.044155,204,2859.907973
