#{"t_start": 1629400253.5074558, "env_id": "ApolloLanderSolidObstacle-v0"}
r,l,t
-141.062651,67,0.020622
-82.538436,43,0.027884
-86.587352,77,0.03992
-170.144724,132,0.063037
-442.964343,100,0.080244
-345.811837,67,0.09072
-361.985917,139,0.115354
-90.116832,81,0.128489
-140.59999,102,0.145468
-108.055776,70,0.156663
-180.707272,141,0.182681
-384.394176,106,0.200853
-123.790741,124,0.222127
-117.588499,70,0.233305
-110.196082,91,0.248995
-320.548882,87,0.262819
-130.273342,108,0.28139
-322.615378,103,0.299335
-158.538972,90,0.313601
-149.424321,48,0.32099
-125.798832,39,0.326719
-118.67586,106,0.345384
-92.961944,84,0.361351
-158.671872,71,0.37443
-249.195048,62,0.385239
-311.561601,104,0.405869
-130.624238,135,0.432784
-226.788769,76,0.496075
-97.758304,119,0.780553
-139.79461,75,0.952565
-117.623537,83,1.177609
-115.286677,32,1.257905
-329.037639,111,1.543345
-101.376376,108,1.842996
-112.984848,30,1.946835
-303.563947,96,2.271367
-138.221967,77,2.510761
-112.558551,41,2.62669
-95.081427,29,2.698175
-83.923164,92,2.955807
-122.820474,113,3.267807
-64.986101,81,3.473898
-135.346289,76,3.674308
-105.364868,41,3.769313
-88.379731,75,3.983201
-75.392222,87,4.219433
-113.750088,28,4.287899
-137.081019,42,4.409549
-60.3923,62,4.604687
-97.141003,31,4.681846
-292.245401,120,5.0793
-87.544161,77,5.293648
-130.116371,51,5.426579
-80.066923,80,5.673748
-185.331349,102,5.960524
-244.515883,125,6.33967
-182.299476,118,6.660135
-93.883805,75,6.868209
-146.013581,60,7.016275
-112.572371,37,7.137317
-104.925804,43,7.345827
-125.729019,39,7.445901
-124.363194,47,7.59567
-237.341585,95,7.929581
-167.89551,55,8.078994
-11.771992,132,8.454144
-11.236146,117,8.79312
-188.122166,68,8.9806
-107.752079,103,9.315188
-94.00303,31,9.393486
-178.574876,97,9.655942
-93.183401,102,9.954598
-105.120538,87,10.22262
-510.468329,83,10.45839
-375.691595,103,10.724784
-105.218614,103,10.994597
-93.608922,34,11.068113
-125.52154,112,11.401842
-91.539396,75,11.595431
-133.836182,73,11.775873
-143.033399,41,11.859444
-72.249206,109,12.076165
-127.063212,62,12.193787
-80.22288,86,12.359101
-126.874036,61,12.50156
-86.864742,35,12.574769
-84.00954,87,12.786448
-503.301344,76,12.970794
-112.542598,75,13.152539
-158.146587,51,13.276211
-56.431565,96,13.513266
-115.692831,51,13.67276
-94.12035,40,13.773163
-130.764287,109,14.087144
-58.675532,68,14.302295
-55.477269,116,14.631608
-95.686296,102,14.935899
-80.226693,102,15.210846
-106.31328,74,15.396647
-138.364979,30,15.468051
-111.11079,38,15.563798
-83.094911,101,15.82812
-326.077054,74,16.053535
-105.24864,98,16.291088
-123.096874,45,16.407477
-107.990348,97,16.677904
-91.553498,96,17.004611
-485.748825,109,17.355931
-68.937715,115,17.653537
1.190191,100,17.938515
-41.565024,69,18.138999
-81.971792,99,18.44781
-51.567207,106,18.760666
-97.290632,27,18.843162
-39.786291,108,19.122384
-120.310037,43,19.264388
-51.587729,91,19.533967
-67.140744,89,19.71281
-146.464882,82,19.87534
-56.243151,96,20.096656
-68.54974,91,20.373965
-59.516172,116,20.70151
-114.37319,83,20.933803
49.66674,174,21.192499
-44.196711,224,21.299717
-4.47394,215,21.406934
35.051836,222,21.510946
-95.764066,40,21.526286
-113.344504,76,21.752265
-138.702406,35,21.841474
-96.585475,34,21.922577
-169.874809,141,22.259686
-26.947437,106,22.547038
-33.225404,112,22.829854
-431.231474,93,23.106439
-99.643465,33,23.187154
-79.0987,41,23.287784
-132.397557,57,23.423628
-26.251168,114,23.712963
-11.721069,84,23.975898
-118.402702,33,24.083003
-112.214107,38,24.208872
-108.096101,98,24.492091
-92.397781,68,24.695992
-446.202179,81,24.962096
-58.551632,92,25.240575
-92.729346,32,25.330925
-66.013463,111,25.650637
-122.603683,81,25.928387
-94.416414,77,26.170089
-98.22321,70,26.418692
-13.537265,126,26.77133
-92.98319,73,27.000221
-36.057234,111,27.38726
-129.23091,38,27.482207
-54.269899,74,27.670946
-510.875154,114,27.976933
-134.538123,57,28.170131
-106.71596,49,28.300171
-291.988016,94,28.545878
-74.602355,121,28.856748
-43.274443,104,29.157637
-116.825397,67,29.32413
-52.16017,123,29.708925
-118.414281,31,29.789257
-134.049781,62,30.007616
-92.600517,89,30.258593
-442.329397,73,30.448949
-156.120773,98,30.77013
-22.25947,82,31.022654
1.144132,133,31.422939
-166.916759,110,31.763891
-132.796557,81,31.973679
8.83533,77,32.220855
-34.360704,120,32.545398
-72.784165,103,32.80401
-99.405236,97,33.044075
-31.285738,114,33.332508
-132.844984,46,33.446382
-400.672149,76,33.654336
-28.337091,111,33.944885
-34.232997,117,34.263696
2.313419,182,34.760438
-48.91092,103,35.037769
-64.226371,81,35.253796
-0.272348,141,35.643072
-45.232412,153,36.050304
-116.539676,36,36.142173
-113.987565,36,36.275393
-54.636916,97,36.58475
7.592917,103,36.857483
-113.302721,28,36.923405
-12.097153,106,37.229863
-24.08453,77,37.450103
-138.356656,56,37.59628
-117.331646,29,37.672189
-78.600038,73,37.887051
-115.029451,63,38.072004
3.153868,132,38.427021
-33.846268,136,38.859907
-160.501422,74,39.10863
-360.048406,69,39.280395
-89.760125,31,39.37887
-119.136087,34,39.458725
-315.683892,79,39.720005
12.233054,200,40.310999
-15.358229,99,40.636189
-64.726687,115,40.986263
-129.888304,55,41.152061
-104.365595,65,41.337105
-105.767895,31,41.417365
17.327854,124,41.78163
-35.779728,127,42.165992
-72.809889,92,42.40298
-153.483621,220,43.053937
-112.292087,34,43.144821
-11.067057,139,43.525837
-131.332659,36,43.618626
-16.912504,116,43.915153
-270.892827,97,44.210425
13.770327,134,44.652824
-134.9129,198,45.304842
-7.694838,102,45.602549
31.057911,115,45.966938
0.709957,128,46.323354
-36.933442,105,46.611451
-149.79506,44,46.718773
-75.80718,90,46.994173
-119.338547,51,47.1224
-1.511216,108,47.422886
-7.736493,112,47.726121
-111.875231,32,47.806088
-28.966184,87,48.026098
-89.678054,33,48.106539
-72.278866,83,48.329245
-63.784421,74,48.518798
-105.107199,86,48.761113
-111.231323,33,48.866676
18.565235,115,49.231982
-116.524028,34,49.331997
-118.226553,41,49.450396
-18.918933,95,49.699979
-105.884708,38,49.798444
-109.571051,60,49.969187
-96.793853,33,50.124504
-113.652347,35,50.136931
-126.353515,37,50.149778
-19.429691,83,50.18511
-114.499744,35,50.197674
-8.506361,110,50.448258
101.774631,1000,54.541258
-106.481358,32,54.636923
-87.455323,59,54.828528
-6.826651,114,55.134539
154.784514,1000,58.392816
-313.439982,85,58.64775
-22.153207,123,58.996607
-16.382766,338,60.08778
-10.900395,96,60.38632
-41.866187,100,60.657723
-88.172151,37,60.755241
271.131135,432,62.266086
-106.893466,50,62.442308
-102.439306,37,62.546357
-194.538164,75,62.800563
-246.597153,63,63.018894
-347.752108,114,63.287364
-101.087266,33,63.366295
-36.76132,90,63.63354
215.925346,804,66.367676
256.409562,439,67.943298
258.56143,312,68.965607
-94.328328,62,69.126841
-107.205575,37,69.222707
-107.773578,56,69.364268
2.30929,110,69.651094
262.394646,220,70.260046
7.112394,133,70.608922
-377.89271,77,70.849446
-102.478464,39,70.949858
-137.089984,45,71.06425
19.691656,100,71.322997
280.070053,262,72.147112
-111.357067,37,72.270921
283.196643,410,73.639152
214.49563,561,75.666653
-122.146286,65,75.900485
-98.717405,35,76.040713
-114.270497,43,76.223888
13.019719,99,76.530928
281.855803,276,77.330771
262.367828,263,78.11466
-66.785836,32,78.201825
-101.543572,32,78.309523
-322.267666,86,78.563469
45.223464,144,78.956142
-109.656567,33,79.079328
-121.685401,50,79.263827
-119.930734,48,79.412158
-97.532064,35,79.521824
-113.353661,48,79.678231
279.220512,734,82.275423
22.91606,105,82.612979
-72.798883,31,82.697962
-343.083665,80,83.196851
265.221591,347,83.419646
-346.516038,94,83.45801
242.947142,336,83.688311
-284.094964,113,83.735016
-196.71332,89,84.003761
-84.198663,93,84.275078
37.390923,101,84.535409
-70.132313,33,84.621629
285.250347,479,86.187897
278.186716,622,88.425873
219.970848,555,90.422715
283.845469,501,92.16063
-96.311463,50,92.309501
-345.427049,99,92.664124
-73.847538,77,92.863469
-64.740219,75,93.09833
280.852062,465,94.710463
257.181978,732,97.232997
269.905162,564,98.83855
-93.030294,37,98.931718
263.279003,426,100.421235
-86.801663,37,100.567291
-84.166597,35,100.663208
222.960851,651,103.158609
-83.160187,72,103.352476
10.507244,133,103.772136
39.299385,95,104.04594
285.888631,438,105.621655
-81.570756,72,105.884047
305.878347,218,106.551156
-350.064898,75,106.775296
-128.086899,49,106.903678
-108.510459,45,107.035866
-139.306601,61,107.183931
114.43789,1000,110.762103
296.400351,758,113.379726
-124.887631,93,113.660131
181.308461,968,117.093123
-47.578396,118,117.512124
-121.936945,46,117.830806
112.361842,1000,118.771852
-54.52692,42,118.789948
-114.220905,59,118.812746
-123.284436,54,118.833193
-114.456491,43,118.967261
270.63251,700,121.374118
-64.84017,37,121.462221
321.033039,313,122.449449
93.910687,1000,125.841893
-306.518717,106,126.185268
-109.784066,38,126.291822
-111.382832,48,126.444018
-297.054093,76,126.668226
257.374918,344,127.836027
235.010022,659,130.164586
-124.205533,53,130.303478
-355.002433,107,130.575862
1.502967,122,130.92258
-212.967638,79,131.196737
150.929371,1000,134.856987
-71.778502,66,135.025813
275.330764,461,136.357962
-71.019842,35,136.442311
-352.141832,95,136.718302
-216.890314,93,137.032909
-127.609775,117,137.382152
-328.867407,89,137.624118
297.98351,553,139.478651
260.371263,361,140.666209
116.396311,1000,144.169856
-118.145132,106,144.487701
291.401786,916,147.605837
-53.482666,118,148.009859
281.909566,580,149.783681
-132.434413,100,150.037047
-103.980903,123,150.375637
-120.817625,84,150.593282
-98.98136,116,151.812233
-294.739274,126,151.866954
-97.728419,83,151.904034
240.710115,370,152.126701
-57.589841,735,152.622808
-96.705219,121,153.025822
-103.572967,84,153.275288
183.141684,985,157.192641
-352.510552,102,157.49817
-68.921222,63,157.691381
-72.062518,69,157.871328
232.316917,838,161.169691
236.839049,393,162.435082
-233.982969,152,162.972174
243.872586,591,165.125558
73.821065,178,165.663367
-317.25678,103,165.905802
-129.459445,81,166.126365
169.79503,1000,169.548422
107.893924,1000,172.977186
-306.350549,80,173.221539
-28.671575,168,173.825904
-58.698489,59,174.003144
-169.078417,82,174.250147
288.269015,788,176.872317
100.084989,1000,180.890421
-33.166899,157,181.430246
-334.844401,126,181.838127
122.269381,1000,185.559339
10.772396,124,185.951404
-273.548154,142,186.318465
-265.200709,129,186.776891
3.699714,1000,189.390915
-5.274369,1000,190.590407
11.742423,1000,192.090423
-92.486435,78,192.121985
179.730525,765,193.190845
-148.149613,112,193.545332
149.991498,1000,196.969097
-88.924712,49,197.14711
261.17881,590,199.19318
-109.45284,53,199.336052
-295.355899,98,199.606616
103.738437,1000,203.264026
108.600171,1000,206.8048
197.284819,1000,210.298602
217.842661,784,213.063278
-225.732795,128,213.482879
144.460557,1000,217.495837
-103.358016,76,217.704056
286.702645,830,220.383497
48.012878,164,220.820122
-115.001211,55,220.962407
-424.099509,118,221.280984
176.585282,1000,224.933783
-300.224435,108,225.250198
-222.057384,143,225.655248
-363.195065,149,226.093434
295.846291,223,226.836915
94.96066,1000,229.807122
288.002251,266,229.963377
244.237393,402,230.244819
81.108102,859,231.162797
101.264893,1000,232.408659
-139.08671,92,232.663702
147.288312,1000,236.212827
144.377724,1000,239.604157
87.778098,1000,243.419728
-313.508507,103,243.793128
238.767385,764,246.41297
266.697301,435,247.71974
-242.16851,76,247.916092
273.796113,879,251.246234
225.919018,703,253.888453
267.932962,376,255.164212
-142.104251,44,255.282681
290.308124,259,256.154519
-100.824068,50,256.314497
280.457309,291,257.321522
243.881409,302,258.256847
249.627867,829,261.079883
266.802828,556,262.942939
1.776626,110,263.256171
-94.927955,53,263.392115
-122.816565,59,263.539623
263.402576,749,266.033235
274.640182,295,266.989698
-113.685376,48,267.009986
-144.819083,71,267.040489
-1111.433096,146,267.109861
258.582318,470,267.425769
-196.214117,87,267.710148
153.590221,1000,271.342032
282.548866,388,272.696144
-111.536292,60,272.897146
275.195588,482,274.460198
312.569159,374,275.757794
-837.16788,134,276.215043
-541.086668,78,276.489131
264.187733,778,279.051728
293.327319,573,281.131561
68.045766,1000,284.676058
-117.485987,86,284.930653
181.937247,1000,288.194943
-295.702141,61,288.441417
-276.011588,113,288.860832
305.490143,451,290.221254
193.822195,447,291.722206
-102.470445,39,291.839098
251.931714,209,292.648849
-279.03423,83,292.893185
-158.469236,59,293.096009
-129.414643,58,293.310634
222.292535,531,295.013738
-126.052372,69,295.21502
258.123396,513,297.066963
247.263484,967,300.415302
-56.779126,333,301.483445
-129.433477,94,301.595589
263.539149,244,301.719733
-43.939566,460,302.004499
-143.031269,131,302.056877
174.111665,671,302.560355
302.841756,326,303.623351
-315.412738,104,303.904154
216.03528,457,305.470298
232.17951,362,306.732095
-178.284836,112,307.090708
237.639824,263,307.873717
-304.825072,152,308.284124
205.624716,291,309.248957
-39.620466,155,309.696116
-86.431173,30,309.775419
-460.753556,69,309.972076
-136.095386,94,310.235963
-239.366385,126,310.620556
280.805063,896,314.099711
-106.224789,33,314.185563
-132.197667,85,314.432229
167.32351,477,315.846835
275.549046,544,317.409129
-126.606722,102,317.680698
222.426317,334,318.673305
-363.712335,172,319.235358
-153.527304,75,319.447314
-153.827186,109,319.75861
-92.369168,442,321.222505
290.779775,312,322.291219
-317.963272,165,322.798542
245.000036,492,324.271394
-104.402319,91,324.483654
241.938384,392,325.617411
-187.088481,113,325.947951
239.550011,424,327.26094
-371.501347,152,327.724759
-98.952041,33,327.813537
293.859557,348,328.918059
268.785171,567,330.908782
-297.269959,94,331.150038
172.640294,1000,334.525324
296.685101,196,334.647658
257.827884,201,334.751935
-119.609296,62,334.777771
-145.730013,67,334.805111
115.693322,1000,335.431919
-12.103028,101,335.702585
134.360555,1000,339.145933
-7.730396,246,339.993255
295.8515,244,340.706551
-13.207389,82,340.92234
235.785745,376,342.025548
-4.654114,125,342.328411
242.317177,415,343.639543
255.648316,295,344.538871
292.091803,387,345.906373
-140.059868,48,346.032853
-311.906105,76,346.238367
118.675326,1000,349.885229
109.299908,1000,353.1587
16.553692,170,353.72122
-128.283177,45,353.840256
262.255276,258,354.704829
-138.551473,33,354.814866
19.926766,193,355.398517
252.455349,793,358.114602
-143.597352,47,358.224486
267.171038,364,359.37324
-115.76791,66,359.571487
226.341135,364,360.762459
-112.511862,28,360.828076
-110.329636,53,360.957073
-109.441378,38,361.111668
-142.942482,41,361.217486
-314.712812,71,361.427938
-294.552409,80,361.664089
-135.329106,35,361.769181
-125.110137,66,361.913564
-14.794071,106,362.225661
-112.150471,40,362.355185
285.702315,479,363.858819
-141.631505,51,363.988133
300.753731,305,364.862044
286.25852,490,366.335037
-106.726549,60,366.496006
298.928464,299,367.388711
154.062903,1000,368.570273
-79.66275,47,368.588429
-83.172964,110,368.635902
261.154816,580,369.068887
-103.943135,34,369.08201
130.817105,1000,372.580538
280.622379,285,373.301742
-433.008627,104,373.617634
35.131869,137,374.082718
229.196755,265,374.868803
-104.853002,31,374.962886
246.967872,972,378.405881
-100.773305,67,378.5932
-364.767685,66,378.818275
183.800099,1000,382.621118
26.134832,182,383.174025
-131.296983,95,383.455912
275.703854,821,386.274132
-78.131386,31,386.389674
176.644926,1000,389.498474
-83.658819,54,389.649718
-78.362103,32,389.73674
-92.187221,32,389.837226
-317.04635,98,390.156881
259.8593,796,393.032957
138.596561,1000,396.691789
174.079916,1000,399.96403
-73.399112,31,400.04273
-51.529826,521,401.650348
-84.771609,35,402.956989
-290.248914,81,402.993363
-83.363139,64,403.020324
228.1282,491,403.390379
154.120386,1000,404.323775
182.305565,1000,407.997534
-261.997932,123,408.359155
265.922125,500,410.09877
-98.849592,40,410.199385
287.146802,282,411.071545
242.820288,395,412.358058
-108.557644,58,412.533643
-16.994887,107,412.834569
43.466853,102,413.161761
-152.713074,67,413.345212
26.957517,90,413.614899
204.666918,219,414.283818
-121.334916,52,414.446465
-36.289145,89,414.728281
-121.533068,255,415.445779
264.473366,339,416.378505
160.832187,1000,419.937777
-70.976094,31,420.020347
28.074187,1000,423.634632
28.58169,139,424.070032
-333.868062,92,424.348179
-113.34935,41,424.46013
276.093694,343,425.628951
271.163945,565,427.632514
-103.831353,30,427.708405
-124.718401,39,427.811761
272.549147,664,430.210084
-363.502943,82,430.469993
205.087978,734,432.856946
-175.302896,95,433.099348
291.787841,331,434.066487
-426.229804,87,434.318034
-79.57876,31,434.399932
-347.056672,99,434.690336
-134.848142,39,434.794964
278.254952,774,437.318529
274.77164,366,437.732278
265.673036,316,437.931369
-82.762673,50,437.951494
-96.564548,83,437.982867
-98.7669,48,438.001046
-92.281587,41,438.112678
59.866368,1000,441.723278
293.291179,491,443.44268
-328.905487,114,443.759241
245.538589,410,445.114067
250.891735,399,446.4361
-116.773118,63,446.60916
284.114131,364,447.798007
272.961672,512,449.453165
-317.229601,88,449.714633
277.480568,258,450.513529
-87.635993,36,450.641249
-122.14921,43,450.791921
-108.286708,51,450.941574
292.843529,365,452.203048
-83.39005,29,452.295498
-111.379653,43,452.41081
-311.168221,87,452.670666
289.943112,275,453.546256
-401.514518,88,453.830643
-94.602543,48,453.974641
-51.555547,137,454.364948
-379.250205,97,454.664965
282.474654,271,455.463042
290.373918,297,456.298842
261.811725,675,458.504513
241.071481,475,460.101287
276.50579,376,461.321675
271.733558,546,463.258935
-33.250063,170,463.72092
263.754883,543,465.611952
-101.534748,35,465.771154
-113.451123,48,465.944592
-142.483309,44,466.061451
307.779729,398,467.222204
150.678128,1000,471.019733
276.650615,303,471.439409
280.259152,219,471.55141
286.883506,233,471.670764
125.350193,1000,472.605635
82.261967,1000,473.417958
277.434254,363,474.54652
236.076801,419,476.059186
288.473221,438,477.531081
250.509884,414,478.87664
-509.983891,89,479.139488
-69.70645,48,479.26619
278.569409,388,480.554703
236.839625,329,481.669372
-373.46837,93,481.958342
-100.524763,29,482.055463
253.349806,825,485.066366
251.220824,880,488.185103
-259.731375,115,488.54753
-88.302382,54,488.732961
287.913667,765,491.385759
-74.240723,36,491.505447
-123.512905,48,491.675593
262.64785,996,495.530892
184.486841,1000,499.183072
206.251969,528,500.771144
264.086961,829,503.613432
-328.905533,90,503.892397
276.854428,292,504.762441
-75.541215,44,504.894308
-282.914616,83,505.120528
-488.496715,73,505.36798
-300.210538,112,507.937417
-119.941976,47,507.956165
295.000669,242,508.082592
271.91737,306,508.262379
196.146722,475,508.602302
169.600923,1000,511.94614
176.595137,1000,515.613715
-67.228409,39,515.73802
-114.465742,53,515.890432
170.542889,1000,519.095654
285.010247,643,521.319437
281.611278,459,522.922749
161.055487,1000,526.43707
-84.886246,76,526.663402
3.280921,185,527.199415
-127.186722,68,527.424307
298.38965,794,529.746718
-275.240458,119,530.028427
-152.95199,53,530.170358
289.514474,246,531.004201
294.425014,389,532.305523
-366.681374,96,532.611707
266.202569,431,534.192978
-310.739654,112,534.514097
-175.042701,62,534.677196
291.719523,439,536.133348
278.782188,462,537.530027
281.556417,475,539.10128
273.218302,264,541.846449
239.269191,967,542.861872
160.689004,1000,543.815454
-375.500981,227,543.930208
-256.716548,223,544.044559
104.933389,1000,547.877771
26.618243,195,548.477447
-274.323866,84,548.732172
165.616991,1000,552.152079
-222.662231,88,552.464983
246.224225,815,555.327825
-109.265663,57,555.504751
284.418735,886,558.568159
285.947027,538,560.474964
261.178776,725,563.020742
-137.55167,96,563.302898
296.229628,782,566.163941
-145.403353,45,566.278278
246.89164,858,568.899958
-74.165237,34,569.03344
-12.967715,146,569.511747
-533.636608,96,569.835332
11.820575,135,570.216182
-117.927108,52,570.368121
-86.304071,38,570.472269
249.753157,875,573.544806
-92.093135,56,573.701107
-345.142566,116,574.017295
-74.847154,39,574.12321
187.214599,1000,577.669423
-85.453108,79,577.905241
-81.746004,145,578.372712
199.444939,455,578.792745
154.056138,1000,579.734598
296.554025,221,579.84569
259.72343,281,580.001365
129.433098,1000,580.845497
-48.790893,91,581.144112
234.004739,386,582.377442
280.312939,628,584.326962
127.306015,1000,587.779516
-122.736288,48,587.981181
-311.77039,87,588.247753
37.326384,173,588.744148
281.217105,393,590.000454
-109.968161,64,590.162972
143.60656,1000,593.634582
-282.303016,121,593.966272
10.674157,191,594.616543
-131.925565,45,594.741509
-472.918405,101,595.096598
153.559438,1000,598.681247
-293.700597,120,599.102887
-339.674682,123,599.459894
168.6397,1000,603.126209
-242.903283,112,603.440241
-85.494382,39,603.569937
-200.18043,55,603.76441
-345.097931,98,604.079473
22.597785,163,604.522541
-113.350121,59,604.673686
-331.849413,80,604.941907
-361.777855,134,605.32534
-92.753105,88,605.586582
271.059921,446,606.993593
-364.672638,67,607.167565
153.664603,1000,610.549165
-252.656184,89,610.798323
246.676572,947,614.251704
292.988091,619,614.80872
-268.294521,67,614.836547
-292.120427,94,614.877364
147.535297,1000,615.584383
214.999651,324,615.811763
-128.83285,67,616.068948
224.829135,746,618.285652
-128.813172,34,618.372072
196.753621,1000,622.206217
-99.362834,53,622.339789
231.158421,294,623.249687
255.147395,287,624.229375
265.673868,384,625.618192
-106.661205,54,625.762916
293.443336,451,627.418564
260.782985,965,631.090772
183.599186,1000,634.566692
-114.207877,55,634.730248
230.8408,692,637.038465
178.507679,331,638.108717
174.535391,1000,641.175832
44.558249,94,641.435684
209.677591,685,643.697607
136.706333,1000,647.377082
-106.751648,50,647.519551
-26.776802,97,647.891607
-73.349049,43,650.061528
-63.013341,79,650.093085
265.07355,226,650.201791
-113.40522,55,650.221964
279.232653,417,650.511816
206.514599,262,651.395136
-86.631082,47,651.546531
-76.692281,47,651.673591
253.101134,403,653.021814
235.324164,302,654.01366
-539.339517,106,654.356293
-115.0747,304,655.346363
164.065442,1000,658.478841
270.331269,327,659.426172
-109.592987,69,659.610479
-3.193116,110,659.912536
-73.70001,119,660.247695
-60.317967,127,660.652577
-103.246294,53,660.806607
-117.749691,48,660.975043
-108.66841,48,661.104109
-21.280304,232,661.799052
146.103519,1000,665.464843
-452.437453,121,665.835097
-312.992817,86,666.064773
-2.706364,242,666.846579
-370.946069,99,667.156762
297.19937,258,667.920286
21.365751,117,668.261845
311.916984,613,670.228737
-105.701614,45,670.342834
-101.821945,57,670.507108
-74.295033,40,670.615274
-80.572081,40,670.73703
-306.92803,94,670.981771
-102.60843,61,671.160439
291.684548,377,672.230912
-139.348215,82,672.464497
-94.361979,38,672.56787
4.927501,96,672.853659
-396.518608,78,673.119273
274.820795,536,674.896749
-136.415258,45,675.017703
275.432146,494,676.532251
-94.114058,59,676.682546
-61.015645,41,676.791193
44.315099,215,677.487783
24.575708,200,678.141142
-130.207142,44,678.262538
-304.256295,92,678.531161
-123.037039,42,678.641793
248.306424,444,679.94449
256.873219,244,680.708394
263.625298,284,681.603736
-109.716482,48,681.771015
-113.597654,43,681.890035
-13.516222,245,682.088557
-79.307787,43,682.107212
-123.035354,49,682.126551
-94.011687,72,682.153133
270.116558,333,682.328755
157.135925,1000,685.667127
-109.865273,120,685.982965
157.377821,1000,689.599666
240.610362,646,691.52336
-72.977448,37,691.61882
-116.445119,49,691.74392
1.555425,191,692.272047
273.549595,611,694.442993
171.765409,1000,697.849409
-107.424019,54,698.026622
-167.832943,79,698.226396
240.303795,827,700.851605
-354.960876,125,701.239549
256.657332,408,702.530398
267.953916,228,703.331509
7.858018,426,704.606743
6.128802,129,704.952004
-126.734674,49,705.079257
60.657564,1000,710.095446
-470.108156,106,710.392923
-137.494207,71,710.589338
-91.453223,71,710.782954
-101.206313,75,711.00282
56.394589,139,711.40328
250.710424,500,713.149385
-82.873032,129,713.577573
-93.128901,52,713.737082
-86.193317,49,713.872272
276.215432,466,715.49717
150.315111,1000,717.349961
-435.004853,96,717.390389
273.238938,246,717.515566
-447.343719,84,717.54936
-88.692282,84,717.585535
275.239981,341,718.59795
-246.964591,92,718.838385
224.030248,685,721.3152
-124.068223,58,721.478929
-154.166499,77,721.709647
-310.705037,109,722.064162
-105.888136,65,722.300098
-109.340122,53,722.447884
18.891339,250,723.217426
-332.777355,82,723.484213
127.66762,1000,726.723772
-332.708437,103,727.010721
275.719041,235,727.756998
147.801426,1000,731.696886
142.646644,1000,735.231618
205.827118,525,737.177189
228.719313,881,739.440991
-65.736194,38,739.539268
-91.943273,68,739.762532
-302.709569,100,740.078951
262.558264,377,741.350926
-69.113844,36,741.448903
262.136859,814,744.083568
225.521692,352,745.213772
237.980089,413,746.478449
279.943473,344,747.47019
-243.433633,119,747.798353
-16.482146,243,748.519318
-220.628648,102,748.808135
-230.401058,96,749.098006
-101.742675,74,749.310262
227.889695,307,750.291267
121.802985,1000,751.350359
-141.145031,100,751.396976
140.452699,1000,752.471637
239.845909,373,752.732245
5.898473,247,753.521697
255.416776,794,756.153785
107.410758,1000,759.401081
279.392826,412,760.776039
275.550409,503,762.428636
-62.061582,718,764.85883
76.517116,1000,768.508705
-346.464893,114,768.881658
-265.8339,105,769.227846
-394.746883,123,769.558972
162.85742,1000,772.984086
147.84078,1000,776.498732
187.524889,1000,780.098073
-80.765393,77,780.343178
234.321179,322,781.358985
5.449941,331,782.46419
-154.259673,70,782.678297
41.591577,1000,786.374524
282.725894,400,787.165263
239.856003,260,787.320849
159.523478,1000,788.372599
-77.472638,53,788.394145
276.887547,316,788.564744
194.845078,626,790.80444
-320.029385,149,791.25263
256.004022,319,792.303414
-110.309332,92,792.580194
27.072751,194,793.17948
297.065747,378,794.502255
-98.879733,42,794.620784
279.640631,980,797.926832
-364.460449,92,798.238671
165.745354,1000,801.722926
-100.511049,63,801.914509
175.39267,678,804.335172
276.238844,410,805.659003
-110.476905,73,805.90169
264.608548,945,809.337106
-441.527946,106,809.656979
-101.162623,59,809.844122
183.551245,1000,813.032038
201.439073,338,814.125523
161.514071,1000,817.971049
230.725281,594,820.140281
-13.913988,210,820.732807
-18.289672,132,821.109503
-87.395416,49,821.237244
-8.01386,140,821.620506
-13.361966,210,822.708878
-30.570797,158,822.78536
-45.166292,297,822.95143
-39.221267,207,823.052011
77.868807,1000,823.841977
230.115213,281,824.706024
187.060926,605,826.669709
136.241149,1000,829.91486
213.058535,821,832.910416
-128.752262,62,833.098604
-29.961255,150,833.603416
-105.763327,66,833.83121
3.473842,211,834.549744
-15.820152,171,835.078094
-102.1381,104,835.4375
206.880848,379,836.691827
-84.386612,157,837.239889
-11.484671,261,838.075219
-121.289269,74,838.327994
23.396079,204,838.993211
-9.576648,161,839.37273
268.113047,258,839.968244
-163.965514,63,840.100873
284.593266,863,843.012438
-95.414232,56,843.167766
279.918452,932,846.758416
278.663691,526,848.512897
-157.172603,90,848.744351
-428.516455,101,849.012414
123.778913,1000,852.245232
-119.356281,85,852.531891
288.223412,515,854.468361
-10.375083,186,855.028425
-245.874565,106,855.341486
5.770414,229,856.081412
-144.321912,61,856.253158
-366.982249,126,856.60451
-153.103931,176,857.013763
14.610062,165,857.087723
-121.364772,74,857.117003
-9.996757,150,857.182203
-16.019062,159,857.252555
-266.361531,151,857.701249
22.114585,164,858.190623
166.782974,1000,861.355192
257.52524,498,862.927705
-134.756405,63,863.12221
-119.370373,70,863.302863
-93.15625,52,863.442555
-157.691067,102,863.740814
-285.2149,140,864.090813
9.675953,211,864.645954
265.470035,419,866.111024
285.442298,854,869.354682
-108.384929,81,869.599077
33.961377,170,870.117437
271.746477,460,871.656922
251.056638,333,872.772118
292.786864,694,875.219738
-125.313367,87,875.470099
230.463113,656,877.733865
276.109342,354,878.701954
272.949751,875,881.650889
272.346152,210,882.314634
-111.218649,82,882.571129
177.264243,495,884.350291
51.755168,175,884.857724
280.100432,349,885.946539
263.233332,380,887.123752
221.705847,374,888.368989
-96.481443,88,888.631727
-71.844735,138,889.112613
20.346183,140,889.533821
-233.455796,123,889.855751
306.368327,244,890.014053
257.268574,407,890.273196
113.64473,1000,891.489426
202.055175,583,892.075035
178.964678,669,892.728863
316.045642,406,894.041528
-142.99467,135,894.507349
-74.702153,107,894.843407
-114.432366,117,895.207994
-138.040879,76,895.405766
-176.54599,109,895.688354
80.842538,1000,898.944368
-97.275071,77,899.165709
151.288442,1000,902.833421
306.84191,393,904.015314
237.556024,764,906.797395
266.7509,353,907.856654
-109.478445,51,907.997292
177.594447,238,908.750846
-72.151549,104,909.052226
284.371098,417,910.362816
-270.622607,93,910.604417
167.933117,1000,913.859276
-90.493302,83,914.141767
169.2983,1000,917.997049
139.212973,1000,921.561893
-87.316983,43,921.680083
8.171719,146,922.09724
-93.267454,55,922.246827
15.527381,243,923.033994
298.177286,209,923.655587
302.954811,360,924.8608
223.61482,289,925.725215
225.72334,487,926.581074
197.675847,456,926.940049
-297.650904,99,926.985481
281.061518,226,927.101478
-391.012807,109,927.151059
291.121301,312,928.099219
-104.447836,56,928.261324
105.752076,1000,931.559584
-103.509917,159,932.033748
294.093323,539,933.759724
283.701873,505,935.384743
-388.600976,103,935.703543
194.476835,428,937.25825
306.497091,339,938.353368
4.944978,141,938.717978
-99.698693,174,939.202125
-85.128185,87,939.457866
-123.136932,61,939.643171
-405.783836,130,940.036978
306.945335,273,940.932815
309.307178,483,942.465871
206.948695,596,944.530651
241.276852,319,945.566539
-133.304638,131,945.941098
7.67252,135,946.376974
-112.418172,102,946.683956
-338.934015,143,947.131727
253.494263,564,948.94555
-138.580149,77,949.145748
-304.915121,131,949.509554
28.18965,153,949.945331
280.834879,726,952.488582
-376.790306,114,952.833298
-110.019003,106,953.141603
223.313788,992,956.520572
279.136597,881,959.647629
243.372076,494,960.169386
8.624938,142,960.235114
-230.268639,91,960.276142
287.683775,269,960.42805
5.87478,137,960.493477
0.138255,132,960.928497
262.889621,272,961.795691
-220.417586,170,962.358308
-116.954677,160,962.792909
265.742306,376,964.148656
2.031896,113,964.469491
240.091855,322,965.525758
248.896395,316,966.535275
287.618709,497,967.964741
-34.800576,103,968.253953
276.285916,843,970.876074
296.307329,355,972.13974
-77.820496,68,972.35851
286.747914,246,973.218067
-289.259209,124,973.608758
234.131571,500,975.412945
-114.961416,56,975.605331
-93.695058,45,975.764991
-237.913291,81,976.012366
-382.049457,74,976.205525
287.760143,437,977.628912
292.67635,237,978.447646
247.838467,444,979.807241
56.210783,162,980.25087
24.44311,103,980.545225
25.21454,120,980.931091
-217.796199,87,981.264633
-5.154441,115,981.573772
-324.585304,92,981.919616
48.741204,165,982.389075
-205.056928,89,982.673825
279.383238,365,983.929769
7.617212,112,984.258674
257.763469,220,984.949893
-12.34433,141,985.430635
-126.004703,149,985.825775
182.487802,1000,988.946775
-106.089095,65,989.158258
-70.423279,147,989.609742
284.482541,445,991.138818
115.469347,1000,993.523288
-28.90652,427,993.853538
14.127923,133,993.909147
0.416602,122,993.962434
256.318843,246,994.089054
-109.688374,48,994.223592
193.267526,1000,997.488649
295.153816,449,998.886415
-675.000623,105,999.174973
-205.554334,115,999.528142
-124.163232,343,1000.632687
33.042418,141,1001.041385
177.227067,1000,1004.839048
16.85271,151,1005.31666
308.447432,439,1006.61142
6.062001,199,1007.207817
33.494256,165,1007.676478
-133.462706,137,1008.02781
189.135191,1000,1011.215434
2.566501,130,1011.646425
-119.786997,90,1011.904463
2.642576,166,1012.500922
-475.444825,78,1012.775153
-161.287053,341,1013.704267
153.50928,1000,1017.09208
166.648819,756,1020.101629
30.034055,130,1020.574838
-6.423355,183,1021.199423
28.685687,143,1021.595395
310.245867,878,1024.746467
-267.268957,96,1025.03185
286.108631,533,1026.970979
-242.630123,79,1027.62754
256.059679,214,1027.731973
20.982644,156,1027.800714
-42.344364,43,1027.818327
2.602033,147,1027.880568
-502.206365,77,1028.113144
281.944629,781,1030.819069
53.860374,120,1031.152143
56.029979,128,1031.490408
-106.57262,40,1031.594648
-426.611156,128,1031.964492
-363.961019,87,1032.239429
-70.524527,34,1032.340769
23.047146,121,1032.661773
280.436711,218,1033.278017
-131.538813,49,1033.410604
-115.431506,35,1033.506768
-86.773795,77,1033.728303
-286.189773,110,1034.082843
228.677358,881,1037.075716
-105.696119,30,1037.159741
-28.369392,163,1037.591985
-14.086507,157,1038.026638
-328.551372,86,1038.283308
-99.14901,38,1038.385791
267.68839,993,1041.945623
9.952247,81,1042.157807
12.31716,89,1042.415565
-11.469691,177,1042.914077
4.569537,188,1043.445796
148.857578,1000,1047.019338
243.639777,900,1050.028894
-5.896895,137,1050.437082
172.268986,1000,1053.695971
-100.680703,68,1053.894825
14.365267,132,1054.278175
249.552037,898,1057.323042
29.74773,134,1057.707656
-92.035377,29,1057.805626
-387.77653,69,1058.019143
19.871576,129,1058.393752
235.365735,427,1059.78331
78.270156,155,1060.203902
-88.386517,27,1060.276319
-286.751481,77,1060.328824
-11.452309,107,1060.374223
295.391817,268,1060.514937
-0.040915,156,1060.585905
280.049621,261,1060.738555
-83.603644,69,1060.926863
-107.097278,53,1061.060695
-145.61735,45,1061.186451
-332.809565,73,1061.428758
-249.306267,106,1061.737116
-109.775133,48,1061.864748
-122.312642,50,1061.998603
237.805834,295,1062.88545
-120.829585,45,1063.053032
15.325781,114,1063.418325
306.83653,570,1065.390073
17.373946,127,1065.784977
-116.106393,55,1065.979729
261.048921,455,1067.476268
41.0624,144,1067.873171
-111.878919,40,1067.97874
-208.046525,114,1068.297175
-129.883115,49,1068.426988
246.265358,236,1069.197333
297.793795,326,1070.225528
-100.711077,31,1070.306233
-76.733224,32,1070.389903
-93.860723,29,1070.479989
-408.034831,86,1070.730026
279.815656,267,1071.563334
188.744396,1000,1074.969356
-107.281753,34,1075.061697
-97.958722,55,1075.249926
58.010213,116,1075.58257
-384.629797,71,1075.790242
-80.083347,31,1075.874834
-20.310521,153,1076.340141
312.612493,555,1078.233676
2.57168,115,1078.562956
-59.017295,32,1078.649922
282.901304,363,1079.792067
10.702202,122,1080.172915
-113.019693,51,1080.326605
-88.208388,36,1080.422494
-9.900044,120,1080.841846
14.764379,122,1081.211099
0.603875,119,1081.595223
261.524651,948,1084.595747
169.43328,1000,1088.022882
7.642203,116,1088.408579
13.702609,119,1088.745883
56.486636,181,1089.343398
-399.70685,129,1089.745261
-120.254978,40,1092.966843
230.009838,335,1093.176347
-12.722266,149,1093.248047
-353.345677,76,1093.282333
269.202793,240,1093.419438
254.982186,588,1095.537362
-426.146758,79,1095.776605
-93.861924,35,1095.904638
-6.01122,134,1096.331543
-117.217938,39,1096.452572
-118.420613,51,1096.59808
-106.324452,37,1096.699461
13.807602,129,1097.075022
155.535518,1000,1100.364916
29.484669,118,1100.671566
-49.507134,100,1100.946408
171.272124,1000,1104.704562
162.6172,1000,1108.41127
-93.421075,39,1108.517056
166.053092,1000,1111.902387
-9.602284,90,1112.170141
-114.15842,38,1112.282871
-108.264413,59,1112.432744
10.849681,150,1112.823166
281.646134,464,1114.148053
-77.623526,32,1114.230765
210.744023,259,1114.924074
-103.377801,49,1115.024846
291.05005,343,1116.056047
-104.526678,56,1116.24204
9.360732,118,1116.625165
-28.736356,116,1117.037837
-92.347366,32,1117.132856
310.701882,797,1119.947221
-105.358058,53,1120.108127
55.602146,194,1120.720029
30.994915,122,1121.085337
-381.628143,84,1121.359198
-97.319832,68,1121.562412
-7.882729,149,1122.02515
-87.736683,51,1122.188288
-87.269446,60,1122.352613
-402.883213,88,1122.676172
-94.00375,39,1122.778256
-88.689083,34,1122.886647
32.90621,137,1123.324284
7.208379,99,1123.618428
-82.302666,33,1123.708507
-97.024199,55,1123.853272
302.279696,710,1126.084785
-72.449535,73,1126.317564
27.78425,121,1126.372713
27.133262,105,1126.420581
146.458056,1000,1127.296078
5.370244,131,1127.357111
-117.788942,40,1127.487731
-102.089533,66,1127.669778
-137.303556,72,1127.910368
13.55526,128,1128.343642
-0.61171,115,1128.69698
291.597375,294,1129.503675
-574.423301,84,1129.74405
-99.316268,54,1129.896251
304.579155,235,1130.436874
249.47129,938,1133.042103
-71.657263,69,1133.267256
5.79045,158,1133.733677
-290.587463,85,1133.982046
-136.77396,48,1134.108573
16.592983,135,1134.610652
60.027453,169,1135.190774
302.386558,604,1137.146295
292.805918,304,1138.119408
17.824382,139,1138.44754
295.193624,349,1139.515977
294.447635,431,1140.921001
303.07789,490,1142.476191
262.719127,385,1143.710911
-124.679298,94,1144.028742
-252.645902,88,1144.259557
139.76599,1000,1147.639519
317.669349,342,1148.734344
-69.698011,127,1149.092853
40.329531,86,1149.323392
-241.393535,122,1149.676566
-106.627899,53,1149.831556
-234.614155,80,1150.101724
165.731147,1000,1153.388744
174.629007,1000,1156.693807
-93.287663,70,1156.904169
35.089273,117,1157.202387
-126.478706,106,1157.497508
-154.168699,42,1157.605984
-71.216885,56,1157.752603
161.673603,1000,1159.602304
159.275157,1000,1160.746927
-159.59517,78,1160.784088
-109.924614,71,1160.815783
-58.576204,90,1160.853854
259.694895,447,1162.35001
-329.557796,72,1162.558503
167.21336,1000,1166.224969
-325.240632,126,1166.554425
23.986733,137,1166.916692
23.240652,152,1167.340083
-516.182807,77,1167.538424
-101.623143,71,1167.743664
139.424928,1000,1171.226997
4.13427,152,1171.631208
173.324318,1000,1175.154124
-342.140026,72,1175.355354
266.55417,640,1177.296512
-120.811382,52,1177.433162
159.942899,1000,1180.607298
-113.36647,63,1180.738444
-18.739968,83,1180.928035
227.47565,872,1184.149538
-297.895652,87,1184.386578
-275.980387,104,1184.71565
-38.724227,148,1185.191948
49.628441,137,1185.660179
21.899108,114,1186.007733
-124.355824,74,1186.238776
-326.791183,105,1186.586954
-138.191178,45,1186.709538
287.49266,917,1189.704823
15.250448,161,1190.120145
54.186795,153,1190.518496
-1.317664,168,1190.957882
-94.915481,38,1193.733763
267.051021,238,1193.862113
-103.640694,43,1193.879346
35.335417,121,1193.933215
-2.818702,161,1194.011465
45.614353,192,1194.667718
187.329656,1000,1198.034328
30.758137,127,1198.390547
134.479094,1000,1201.992729
220.777814,605,1203.985024
125.543545,1000,1206.953824
-125.019761,162,1207.406124
-84.833484,60,1207.565237
-4.860663,134,1207.9173
-3.764545,158,1208.382509
2.852255,284,1209.257094
223.601598,428,1210.603378
9.960886,243,1211.34679
-20.533763,180,1211.95161
-3.471371,210,1212.596459
-261.608938,126,1212.98852
-105.694889,36,1213.084958
-36.271029,79,1213.337286
255.284934,683,1215.655645
255.001155,292,1216.539089
-90.094573,72,1216.738906
3.724285,222,1217.474831
-110.30399,65,1217.637552
-82.483015,86,1217.91304
184.62166,1000,1221.277846
-23.610877,138,1221.654579
-294.092694,102,1221.951776
-3.933148,94,1222.23181
282.41911,529,1224.263272
-100.142822,49,1224.397431
-82.748857,73,1224.597137
-109.794598,52,1224.734626
-80.779366,32,1224.834613
-245.678285,119,1226.377025
228.124418,329,1226.569755
274.541675,240,1226.689113
-323.255391,121,1226.743927
-117.035309,42,1226.759937
300.80106,382,1227.97822
12.237453,147,1228.387161
279.850908,307,1229.404996
-91.146759,57,1229.597083
270.734038,480,1230.99287
-97.287752,44,1231.146485
-90.453891,43,1231.256739
-304.04134,89,1231.523947
289.686231,462,1232.859101
188.144224,1000,1236.532414
277.341528,758,1239.014528
145.239264,1000,1242.685277
265.483586,248,1243.516237
-88.235459,62,1243.700202
178.364858,1000,1247.370412
-94.539588,64,1247.546711
274.40142,542,1249.339347
149.182993,1000,1252.894173
178.531189,1000,1255.565973
149.242159,1000,1259.076515
-8.586019,100,1259.332627
-120.323987,53,1260.020286
-89.377097,235,1260.138439
35.82059,110,1260.18647
146.379202,1000,1260.956579
257.043656,351,1261.159
-115.405575,95,1261.411714
259.373851,444,1262.849123
-88.809032,138,1263.325077
255.105652,604,1265.48077
-268.937084,80,1265.714892
-67.928113,64,1265.881496
277.530582,554,1267.994654
8.688362,115,1268.329168
253.393811,418,1269.805812
-113.819975,44,1269.946052
-130.58716,42,1270.066361
-89.874987,55,1270.218912
-140.759842,210,1270.915409
267.021438,987,1274.430198
-129.631697,55,1274.586548
-425.624639,97,1274.947122
-113.058573,58,1275.143205
-65.112972,35,1275.260908
-96.874335,27,1275.347485
276.548022,892,1278.175903
-103.962306,47,1278.294006
-96.877049,28,1278.364438
256.276527,683,1280.598243
288.291992,356,1281.787487
-88.938945,28,1281.861784
-688.123651,125,1282.202866
257.874466,534,1284.048755
-240.077066,129,1284.519458
24.340519,116,1284.933751
-92.913124,39,1285.03197
-67.966655,36,1285.148314
14.796276,306,1286.255547
287.891519,516,1287.911142
262.325828,481,1289.515042
-136.566388,50,1289.670506
-314.284547,99,1290.009104
-109.728192,54,1290.143675
-64.908781,206,1290.731808
-122.047961,50,1290.838112
270.206344,800,1293.697512
-149.476188,97,1294.650813
274.153165,339,1294.859985
289.214519,352,1295.10218
225.649885,407,1295.354367
-146.664325,38,1295.368546
237.473214,684,1297.97866
276.44105,377,1299.270141
166.793388,1000,1302.888509
-55.119099,329,1304.006631
277.07115,866,1307.128996
-22.67179,139,1307.545672
149.04558,1000,1310.935108
-103.225723,75,1311.136281
-36.539704,92,1311.406087
253.74572,719,1313.838324
-44.789519,90,1314.084922
7.856477,110,1314.431679
256.08572,841,1317.123524
-121.539569,30,1317.200488
247.741172,508,1318.822644
260.973887,506,1320.545301
243.264126,536,1322.433707
147.702955,1000,1326.721622
10.5082,100,1327.007642
-145.829985,86,1327.229707
4.75988,118,1327.520729
-116.070655,36,1327.611807
27.712132,120,1327.985761
248.072522,457,1329.387223
-131.459206,46,1329.502687
-363.680415,80,1329.711025
-116.277745,35,1329.824958
-1.790501,87,1329.910568
-32.070303,89,1329.945729
-252.883837,71,1329.974455
-140.146273,28,1329.984789
-124.833058,37,1329.998493
25.912081,148,1330.419267
25.120196,98,1330.758832
18.99157,130,1331.15421
137.050018,1000,1335.019928
-117.863106,61,1335.196163
-128.952698,28,1335.28666
-160.352527,42,1335.417637
-67.706941,99,1335.759607
246.853273,450,1337.27745
31.049376,98,1337.545032
-142.963246,36,1337.66924
-153.580821,46,1337.789468
-128.768529,60,1337.975481
256.611461,494,1339.655331
270.510016,384,1340.858943
-32.448526,158,1341.334733
-340.279967,174,1341.822116
-359.13862,105,1342.099102
7.209954,92,1342.341173
-132.307091,44,1342.453619
-75.858794,117,1342.786378
143.345762,1000,1346.383963
-125.256014,35,1346.478617
0.046858,213,1347.22023
61.92277,160,1347.717945
-94.889982,59,1347.9232
-104.816412,42,1348.068506
-82.316877,162,1348.593197
25.284035,129,1349.026645
-86.432368,47,1349.180069
-34.481847,175,1349.682168
54.412246,140,1350.063789
-98.914827,87,1350.317514
-61.008572,44,1350.441165
23.391718,128,1350.83861
-114.396901,41,1350.951036
278.84755,361,1352.016549
-109.060608,184,1352.512247
16.735782,441,1353.812439
15.180273,117,1354.195169
255.616858,875,1357.598022
-128.980833,41,1357.728312
-334.43571,95,1357.990321
-20.78445,472,1359.600745
281.694396,699,1362.002203
240.934823,386,1363.186132
-108.63757,32,1363.208227
-244.935063,63,1363.236408
-109.053534,716,1363.891774
-247.419446,62,1363.919853
1.181818,139,1363.982613
-137.560081,50,1364.123842
9.990312,141,1364.570843
-102.172208,41,1364.684115
9.940112,331,1365.824651
1.371975,132,1366.221301
7.888479,131,1366.564711
11.133129,154,1366.968327
277.26183,502,1368.494898
-106.804793,49,1368.628931
-116.172371,34,1368.758628
-365.428245,90,1369.025249
-11.737836,101,1369.356721
-110.175296,49,1369.487215
34.183607,107,1369.847334
-128.141283,103,1370.133425
31.314664,125,1370.504804
-74.372833,64,1370.661506
-48.301503,35,1370.756682
-126.600581,34,1370.866972
-83.599261,47,1370.993435
-121.819752,42,1371.106735
-292.527214,72,1371.347077
44.054132,151,1371.857548
-103.361562,567,1373.752604
-150.831666,180,1374.272516
-114.284934,89,1374.512347
-125.448697,34,1374.607675
-129.571332,56,1374.760484
-127.463162,35,1374.870026
-340.781569,115,1375.220989
-70.147649,34,1375.314192
-117.229157,46,1375.454785
-305.348496,72,1375.674838
188.41399,468,1377.235231
-110.874909,63,1377.392449
-104.309138,30,1377.468894
-11.97081,139,1377.856968
4.476202,95,1378.106774
290.425265,318,1379.017073
250.7034,443,1380.515229
-110.368017,55,1380.674083
273.683191,471,1382.139574
18.991984,129,1382.458947
-134.767996,36,1382.577612
-106.96941,64,1382.79562
-115.126152,53,1382.977172
244.346334,235,1383.664369
-66.277122,34,1383.777545
272.802642,504,1385.487571
-57.274138,99,1385.753231
-6.577315,92,1386.00106
-121.993563,56,1386.147797
-79.931552,109,1386.446345
19.334699,107,1386.808208
274.840326,762,1389.078783
-161.470264,71,1389.265278
299.943392,247,1390.023966
-355.609498,71,1390.230808
290.904445,232,1390.999567
242.571023,429,1392.379548
-22.448098,177,1392.973213
-338.167464,74,1393.198149
-15.108645,113,1393.525427
34.291799,109,1393.827635
-88.124211,35,1393.924365
-47.218433,155,1394.358749
-338.377641,76,1394.560362
268.236769,346,1394.85982
-181.353782,75,1394.892609
-92.108897,28,1394.903522
-54.189909,81,1394.939384
-108.406678,47,1394.957795
39.580941,124,1395.325123
-118.471538,44,1395.441999
-7.850716,151,1395.846159
-98.889498,61,1396.034364
-34.156565,142,1396.478104
79.252475,178,1396.980382
-88.429384,70,1397.224171
-139.96049,50,1397.357732
285.411702,718,1399.81709
-292.061485,94,1400.056451
-151.455633,45,1400.216935
233.579422,551,1402.168349
-120.972384,50,1402.305789
122.469282,1000,1405.552598
-12.402108,197,1406.161867
20.261289,145,1406.635556
-87.901396,53,1406.792746
-29.00688,235,1407.523496
223.956285,405,1408.699597
23.487166,142,1409.096771
-314.535323,81,1409.327448
-67.29488,65,1409.536283
-87.424287,37,1409.631829
-163.634044,136,1410.035786
-303.85236,112,1410.356487
-87.543044,93,1410.651906
30.851286,94,1410.917721
-114.352926,61,1411.090649
-89.94732,43,1411.211832
-103.12689,77,1411.422441
-347.395158,76,1411.675705
5.755019,134,1412.074977
-391.979172,109,1412.453204
-37.821047,515,1414.196554
251.115612,299,1415.149397
-81.822559,39,1415.257312
241.333737,935,1418.530639
-121.896788,48,1418.675149
-283.739861,78,1418.901211
-407.691835,122,1419.282001
-30.392165,151,1419.726568
-5.275499,112,1420.043212
-46.12607,883,1423.287642
39.67492,172,1423.735759
234.320145,589,1425.656655
-42.326113,103,1425.942234
-106.594664,46,1426.073886
-274.328241,73,1426.287521
-98.485695,41,1426.402555
-141.922865,53,1427.096294
-155.197301,77,1427.129998
26.539885,127,1427.188051
-105.067124,68,1427.216021
312.844198,287,1427.380934
34.551314,111,1427.620413
-128.390124,140,1427.914438
28.020943,102,1428.214341
-133.504515,59,1428.392525
-124.375128,68,1428.579127
-117.623669,48,1428.733431
-74.402273,50,1428.892945
-4.516228,88,1429.130188
205.112784,286,1430.131749
-349.091007,83,1430.41191
3.74832,111,1430.713249
-118.778938,44,1430.833565
10.392657,127,1431.22707
304.991446,319,1432.221251
299.973995,411,1433.421867
55.509384,138,1433.779123
-362.481321,103,1434.07796
16.261574,128,1434.422564
-99.680346,47,1434.557017
-109.692019,49,1434.673391
-27.939122,97,1434.917891
-120.542596,100,1435.167334
-82.074775,71,1435.379723
-23.037677,153,1435.881815
200.93465,248,1436.670647
-122.781745,48,1436.828243
-90.825287,174,1437.392006
9.53913,147,1437.837999
-71.332443,45,1437.975653
-341.162657,103,1438.299665
-108.875863,44,1438.418956
-365.28598,85,1438.712956
244.207594,369,1440.019153
22.844225,110,1440.390319
12.710202,170,1440.859223
27.142536,174,1441.352258
123.864993,1000,1445.179638
-227.64911,204,1445.802119
-323.866814,84,1446.075005
-77.713787,49,1446.247594
-247.467514,89,1446.501921
288.42152,372,1447.87617
20.222858,141,1448.277398
260.157792,271,1449.134776
-325.753056,137,1449.533799
-139.78062,51,1449.655395
-76.973997,103,1449.928101
16.587333,150,1450.421973
-317.092424,93,1450.683201
-123.423726,52,1450.85086
-75.428282,47,1450.990153
-258.069433,331,1452.090431
28.834312,203,1452.77937
247.490559,492,1454.492152
284.715491,199,1455.087824
298.218827,295,1455.947755
270.09454,600,1457.820571
-257.822903,82,1458.05139
-79.201571,37,1458.173725
-130.171656,50,1458.304402
271.981055,213,1459.026117
25.432846,1000,1460.170066
252.752511,352,1460.398417
-106.02158,49,1460.419591
245.049613,390,1460.672569
-71.997589,44,1460.79303
255.469782,349,1461.960517
-189.114593,68,1462.189831
276.476514,422,1463.615541
-3.559216,620,1465.683001
-110.079292,91,1465.929471
270.737431,310,1466.885401
-115.507273,48,1467.057129
287.312226,305,1468.127121
283.788453,561,1470.03459
-304.756755,95,1470.309182
-332.256972,94,1470.566446
-137.562736,57,1470.707964
-397.655404,112,1471.033999
-61.683129,91,1471.311581
-295.53208,129,1471.692086
-298.929239,97,1471.947738
2.716385,166,1472.411272
-23.075972,176,1472.904659
-130.246541,58,1473.053087
-121.055428,66,1473.222285
15.321695,147,1473.63176
303.638066,723,1475.961629
44.377612,145,1476.450534
267.979221,511,1478.204654
-175.590583,125,1478.570838
-130.322581,59,1478.729221
-266.439418,124,1479.120219
278.007568,275,1479.927185
-68.378453,91,1480.176025
-110.418368,95,1480.43527
-141.243912,101,1480.70926
294.972478,279,1481.571348
15.406647,115,1481.904021
248.344207,518,1483.551782
-118.98666,50,1483.685196
-345.846212,92,1483.921664
-253.453256,100,1484.186504
-294.144414,75,1484.374562
-226.355052,65,1484.568529
-128.727078,61,1484.729367
42.03457,144,1485.121106
-372.513529,99,1485.426437
34.194194,165,1485.943839
-349.392393,122,1486.31649
272.517705,385,1487.631143
-26.19628,117,1488.02377
-133.271104,60,1488.217187
-183.276783,134,1488.59648
9.95784,114,1488.931271
299.265407,290,1489.806309
-41.340245,73,1490.003459
-112.424846,79,1490.269802
-230.406556,110,1490.577657
209.180943,281,1491.9634
288.359043,857,1492.858946
39.021708,146,1492.924068
295.377457,834,1493.570459
-163.053067,96,1493.611914
-293.527074,112,1493.937958
-273.134926,133,1494.337735
265.322455,397,1495.659228
-90.378053,115,1496.050694
-93.230032,100,1496.372137
270.911178,376,1497.624189
-97.883666,73,1497.846922
7.325038,185,1498.344493
-125.372997,74,1498.533837
-107.524816,151,1498.960566
34.31297,120,1499.26038
-229.110695,139,1499.669513
266.513385,478,1501.379396
-96.665096,85,1501.675079
275.286116,589,1503.701027
-111.293457,54,1503.851219
282.259205,707,1506.297581
15.821576,146,1506.714384
-98.612141,120,1507.063369
-59.80947,41,1507.186877
-287.137664,73,1507.402551
-17.103657,79,1507.657185
268.435209,394,1508.980386
256.558096,278,1509.753817
-7.924208,76,1509.948282
289.848162,250,1510.643603
274.071933,323,1511.755704
-92.218692,58,1511.915879
295.755745,321,1512.968324
232.235583,693,1515.362186
11.334167,147,1515.835306
-66.255446,52,1515.965842
-148.294562,64,1516.147912
-228.448568,106,1516.475821
-150.235227,70,1516.707366
202.706121,315,1517.715465
-130.289947,64,1517.892083
223.233973,418,1519.222764
-308.426641,125,1519.593276
-112.262105,61,1519.756838
313.583649,245,1520.586068
-137.303925,70,1520.776727
299.031678,317,1521.695094
293.614467,637,1523.585027
-110.608807,50,1525.464406
-49.320801,44,1525.482878
229.375792,294,1525.657063
-84.792422,45,1525.675196
-280.238081,93,1525.716571
-58.14012,49,1525.852429
76.527282,1000,1529.712833
273.40968,217,1530.334384
270.239395,383,1531.628867
-90.400106,131,1532.038473
277.516943,324,1533.169022
289.271838,396,1534.51935
223.658062,993,1538.157369
222.92512,234,1538.927936
-214.018501,110,1539.269975
268.898449,369,1540.530054
228.490345,616,1542.478116
-125.878864,36,1542.576072
243.885878,467,1544.358453
257.06499,290,1545.302917
-377.832969,137,1545.700098
-109.577258,41,1545.813912
21.344222,139,1546.245476
-221.166248,116,1546.590541
-14.373094,100,1546.924934
265.792582,528,1548.584598
-101.660518,42,1548.699274
290.341407,465,1550.197119
-123.524843,47,1550.317411
-117.814462,61,1550.470087
-315.251959,87,1550.722401
23.137686,156,1551.134212
-96.527007,50,1551.265193
295.331202,416,1552.688115
-142.004555,62,1552.855677
-95.878339,64,1553.075376
236.394161,413,1554.529242
218.019006,682,1556.862009
-121.618821,69,1557.030506
-300.610992,92,1557.342245
-70.477216,110,1557.712802
-234.014212,82,1557.953667
-61.687204,48,1558.098789
-280.544076,87,1558.357527
-159.618166,79,1558.611189
-113.991255,42,1558.727707
-162.613235,54,1558.892255
113.846919,965,1560.464883
302.558005,223,1560.5872
-133.306354,44,1560.605595
312.413605,249,1560.726449
-87.170984,53,1560.749031
-30.154216,433,1562.101699
-18.392796,156,1562.513411
-209.220818,90,1562.743005
250.576462,563,1564.55263
58.221898,144,1564.952993
-407.823033,88,1565.187268
221.408873,644,1567.514694
-22.451285,120,1567.852849
-144.994424,44,1567.984787
310.256765,482,1569.62553
25.276213,150,1570.050152
176.201539,795,1572.887733
3.141577,162,1573.3776
-140.485389,65,1573.543602
299.956369,451,1574.939306
-108.829687,47,1575.131453
254.290335,656,1577.419203
259.971771,390,1578.772785
-13.229243,144,1579.187135
-4.281044,132,1579.620352
222.468246,407,1581.014289
26.212571,369,1582.208844
-20.204632,181,1582.718657
-403.209225,86,1582.940862
-113.52468,60,1583.100086
-441.003167,114,1583.374424
-368.607084,90,1583.668643
301.265099,286,1584.608699
-106.275403,65,1584.820363
261.847344,603,1586.736741
-7.897707,149,1587.180219
24.91746,130,1587.623932
-84.269406,44,1587.766412
-159.740992,58,1587.944728
-896.852906,158,1588.461005
21.448987,124,1588.79096
44.940617,163,1589.246015
-95.15783,49,1589.380579
-178.983573,62,1589.54835
-380.754107,77,1589.799986
-19.037121,116,1590.154962
-143.909116,131,1590.590331
39.948405,115,1590.852937
8.03346,145,1591.346162
-258.473749,109,1591.672558
-125.053913,117,1593.075456
41.938254,159,1593.144653
115.028472,1000,1594.075818
45.979201,157,1594.145182
35.753003,119,1594.19978
-243.987946,82,1594.520494
-120.017089,54,1594.67162
-138.997463,54,1594.839713
-182.126041,56,1595.017006
-157.470458,40,1595.126413
41.588432,204,1595.740928
222.986311,511,1597.434093
-377.281481,87,1597.660245
-130.153939,121,1598.00674
-166.437854,58,1598.164615
217.809933,506,1599.812257
-1.590598,210,1600.490191
55.297183,166,1601.001046
-303.261269,109,1601.285499
-10.131984,120,1601.652046
191.011631,820,1604.688985
255.064503,422,1605.991954
236.380816,374,1607.042133
-109.974671,67,1607.300255
25.413361,155,1607.83172
-104.466364,58,1608.007965
197.989485,495,1609.792588
-145.904797,54,1609.973036
23.37106,143,1610.408305
35.169137,119,1610.856709
-8.709994,124,1611.229271
207.575401,667,1613.515713
-135.447032,80,1613.73104
-132.923097,54,1613.903165
214.12394,595,1616.091688
-237.991804,108,1616.39392
-462.214235,158,1616.887002
-82.389281,85,1617.151403
-237.10483,84,1617.371984
-154.759654,133,1617.725587
-10.579041,104,1618.015265
-125.365376,93,1618.254528
-115.341426,69,1618.428372
-146.340982,59,1618.579774
-352.767146,78,1618.785078
8.559516,139,1619.135826
-408.869431,92,1619.341373
20.021971,119,1619.64168
27.618138,115,1619.945595
-432.7566,92,1620.181089
-59.232545,126,1620.530799
-133.187377,80,1620.77286
-331.596971,91,1621.025918
-70.180645,55,1621.196285
-125.936507,60,1621.384259
-190.336551,183,1621.939724
-363.660796,99,1622.228821
-141.241727,109,1622.554338
1.154421,124,1622.919341
50.99907,155,1623.447793
194.833639,741,1626.448782
-17.953744,119,1626.631051
-119.043112,63,1626.658594
45.395039,1000,1627.669667
178.39928,754,1628.399152
-6.391321,116,1628.45495
23.284597,291,1629.333605
105.935273,1000,1633.036977
-123.411985,81,1633.293681
287.493196,347,1634.653545
-117.079031,77,1634.861385
144.899625,1000,1638.629906
251.571572,474,1640.1217
22.362689,109,1640.453906
194.426405,669,1643.093115
-63.902232,111,1643.428647
-362.03074,106,1643.805124
-278.860998,122,1644.162637
-156.680123,80,1644.382622
-21.70061,152,1644.837868
20.243875,103,1645.121228
233.926836,597,1647.212443
217.495108,557,1649.143863
224.32627,800,1652.075617
22.336154,115,1652.411253
-404.527403,138,1652.86031
11.049101,130,1653.227103
217.735881,584,1655.218788
201.085461,818,1658.268555
8.226167,124,1658.692198
-19.977865,126,1659.094499
16.271657,135,1659.491594
220.617211,444,1660.815302
10.347028,188,1663.256866
2.053558,1000,1664.305994
150.21855,1000,1665.562018
-425.194501,1000,1667.378181
-22.966805,177,1667.464274
39.996016,121,1667.800283
244.429402,636,1670.068967
-4.988741,160,1670.519015
-325.633317,115,1670.858683
-235.602694,130,1671.261073
-145.521612,80,1671.549732
-188.339392,110,1671.860474
-308.659438,120,1672.19224
-371.338111,118,1672.541775
22.803624,139,1672.976543
223.622579,650,1675.181733
-131.910704,65,1675.351278
231.768199,947,1679.242193
-75.726775,52,1679.422276
23.733049,122,1679.782475
211.666085,578,1681.937186
-108.159844,54,1682.089644
214.920653,441,1683.400089
-66.55863,50,1683.527254
259.35498,504,1685.054478
-99.395784,86,1685.34068
235.949377,558,1687.463081
-89.85098,64,1687.668487
-1.000903,293,1688.575887
223.853087,730,1691.275157
21.676823,260,1692.117726
-155.299219,103,1692.409946
-122.002125,455,1693.927931
132.088876,355,1695.081796
216.267964,382,1696.307081
-106.018449,89,1696.580674
-316.370933,190,1697.210017
-323.953191,147,1697.648823
-21.33562,210,1698.394895
58.454256,151,1698.829778
-84.12459,102,1699.138117
-143.924213,86,1699.378059
-424.13847,129,1699.752498
-106.300512,130,1700.117136
-15.555278,144,1700.547529
44.936857,102,1700.856791
61.033877,156,1701.061861
201.588989,245,1701.18738
26.23277,128,1701.241471
242.072895,346,1701.438334
-268.0588,174,1701.521353
